id,palabra,categoria,subcategoria,popularidad,dificultad,epoca,tipo,infantil
1,Lionel Messi,Deportes,Futbolista,Muy alta,Fácil,Actual,Persona,Sí
2,Cristiano Ronaldo,Deportes,Futbolista,Muy alta,Fácil,Actual,Persona,Sí
3,Rafa Nadal,Deportes,Tenista,Muy alta,Fácil,Actual,Persona,Sí
4,Fernando Alonso,Deportes,Automovilismo,Muy alta,Fácil,Actual,Persona,Sí
5,Michael Jordan,Deportes,Baloncesto,Muy alta,Fácil,Histórica,Persona,Sí
6,Serena Williams,Deportes,Tenis,Muy alta,Fácil,Actual,Persona,Sí
7,Diego Maradona,Deportes,Futbolista,Muy alta,Fácil,Histórica,Persona,Sí
8,Pelé,Deportes,Futbolista,Muy alta,Fácil,Histórica,Persona,Sí
9,Iker Casillas,Deportes,Futbolista,Muy alta,Fácil,Histórica,Persona,Sí
10,Rosalía,Música,Cantante,Muy alta,Fácil,Actual,Persona,Sí
11,Shakira,Música,Cantante,Muy alta,Fácil,Actual,Persona,Sí
12,Michael Jackson,Música,Cantante,Muy alta,Fácil,Histórica,Persona,Sí
13,Freddie Mercury,Música,Cantante,Muy alta,Fácil,Histórica,Persona,Sí
14,Madonna,Música,Cantante,Muy alta,Fácil,Histórica,Persona,Sí
15,Bad Bunny,Música,Cantante,Muy alta,Fácil,Actual,Persona,Sí
16,David Bowie,Música,Cantante,Muy alta,Fácil,Histórica,Persona,Sí
17,Adele,Música,Cantante,Muy alta,Fácil,Actual,Persona,Sí
18,Penélope Cruz,Cine y TV,Actriz,Muy alta,Media,Actual,Serie,Sí
19,Antonio Banderas,Cine y TV,Actor,Muy alta,Media,Actual,Serie,Sí
20,Javier Bardem,Cine y TV,Actor,Muy alta,Media,Actual,Serie,Sí
21,Johnny Depp,Cine y TV,Actor,Muy alta,Media,Actual,Serie,Sí
22,Leonardo DiCaprio,Cine y TV,Actor,Muy alta,Media,Actual,Serie,Sí
23,Meryl Streep,Cine y TV,Actriz,Muy alta,Media,Histórica,Serie,Sí
24,Marilyn Monroe,Cine y TV,Actriz,Muy alta,Media,Histórica,Serie,Sí
25,Tom Hanks,Cine y TV,Actor,Muy alta,Media,Histórica,Serie,Sí
26,Pedro Almodóvar,Cine y TV,Director,Muy alta,Difícil,Actual,Serie,Sí
27,Al Pacino,Cine y TV,Actor,Muy alta,Media,Histórica,Serie,Sí
28,Frida Kahlo,Arte,Pintora,Muy alta,Difícil,Histórica,Obra,Sí
29,Pablo Picasso,Arte,Pintor,Muy alta,Difícil,Histórica,Obra,Sí
30,Vincent van Gogh,Arte,Pintor,Muy alta,Difícil,Histórica,Obra,Sí
31,Salvador Dalí,Arte,Pintor,Muy alta,Difícil,Histórica,Obra,Sí
32,Leonardo da Vinci,Arte,Artista,Muy alta,Difícil,Histórica,Obra,Sí
33,Miguel de Cervantes,Literatura,Escritor,Muy alta,Difícil,Histórica,Obra,Sí
34,William Shakespeare,Literatura,Escritor,Muy alta,Difícil,Histórica,Obra,Sí
35,J. K. Rowling,Literatura,Escritora,Muy alta,Difícil,Actual,Obra,Sí
36,Gabriel García Márquez,Literatura,Escritor,Muy alta,Difícil,Histórica,Obra,Sí
37,Agatha Christie,Literatura,Escritora,Muy alta,Difícil,Histórica,Obra,Sí
38,Don Quijote,Literatura,Personaje,Muy alta,Difícil,Histórica,Obra,Sí
39,Harry Potter,Literatura,Personaje,Muy alta,Difícil,Actual,Obra,Sí
40,Sherlock Holmes,Literatura,Personaje,Muy alta,Difícil,Histórica,Obra,Sí
41,Mafalda,Personajes,Cómic,Muy alta,Fácil,Histórica,Personaje,Sí
42,Tintín,Personajes,Cómic,Muy alta,Fácil,Histórica,Personaje,Sí
43,Astérix,Personajes,Cómic,Muy alta,Fácil,Histórica,Personaje,Sí
44,Obélix,Personajes,Cómic,Muy alta,Fácil,Histórica,Personaje,Sí
45,Darth Vader,Personajes,Ciencia ficción,Muy alta,Fácil,Histórica,Personaje,Sí
46,Indiana Jones,Personajes,Aventuras,Muy alta,Fácil,Histórica,Personaje,Sí
47,La Sirenita,Personajes,Animación,Muy alta,Fácil,Histórica,Personaje,Sí
48,Pitufina,Personajes,Animación,Muy alta,Fácil,Histórica,Personaje,Sí
49,Woody,Personajes,Animación,Muy alta,Fácil,Actual,Personaje,Sí
50,Buzz Lightyear,Personajes,Animación,Muy alta,Fácil,Actual,Personaje,Sí
51,Mickey Mouse,Personajes,Animación,Muy alta,Fácil,Histórica,Personaje,Sí
52,Donald Duck,Personajes,Animación,Muy alta,Fácil,Histórica,Personaje,Sí
53,Goofy,Personajes,Animación,Muy alta,Fácil,Histórica,Personaje,Sí
54,Simba,Personajes,Animación,Muy alta,Fácil,Histórica,Personaje,Sí
55,Scar,Personajes,Animación,Muy alta,Fácil,Histórica,Personaje,Sí
56,Ariel,Personajes,Animación,Muy alta,Fácil,Histórica,Personaje,Sí
57,Cenicienta,Personajes,Animación,Muy alta,Fácil,Histórica,Personaje,Sí
58,Blancanieves,Personajes,Animación,Muy alta,Fácil,Histórica,Personaje,Sí
59,Peter Pan,Personajes,Animación,Muy alta,Fácil,Histórica,Personaje,Sí
60,Campanilla,Personajes,Animación,Muy alta,Fácil,Histórica,Personaje,Sí
61,Homer Simpson,Personajes,Animación,Muy alta,Fácil,Actual,Personaje,Sí
62,Bart Simpson,Personajes,Animación,Muy alta,Fácil,Actual,Personaje,Sí
63,Bob Esponja,Personajes,Animación,Muy alta,Fácil,Actual,Personaje,Sí
64,Scooby-Doo,Personajes,Animación,Muy alta,Fácil,Histórica,Personaje,Sí
65,Tom,Personajes,Animación,Muy alta,Fácil,Histórica,Personaje,Sí
66,Jerry,Personajes,Animación,Muy alta,Fácil,Histórica,Personaje,Sí
67,Superman,Personajes,Superhéroe,Muy alta,Fácil,Actual,Personaje,Sí
68,Batman,Personajes,Superhéroe,Muy alta,Fácil,Actual,Personaje,Sí
69,Spider-Man,Personajes,Superhéroe,Muy alta,Fácil,Actual,Personaje,Sí
70,Hulk,Personajes,Superhéroe,Muy alta,Fácil,Actual,Personaje,Sí
71,Iron Man,Personajes,Superhéroe,Muy alta,Fácil,Actual,Personaje,Sí
72,Thor,Personajes,Superhéroe,Muy alta,Fácil,Actual,Personaje,Sí
73,Capitán América,Personajes,Superhéroe,Muy alta,Fácil,Actual,Personaje,Sí
74,Wonder Woman,Personajes,Superhéroe,Muy alta,Fácil,Actual,Personaje,Sí
75,Joker,Personajes,Superhéroe,Muy alta,Fácil,Histórica,Personaje,Sí
76,Harley Quinn,Personajes,Superhéroe,Muy alta,Fácil,Actual,Personaje,Sí
77,Thanos,Personajes,Superhéroe,Muy alta,Fácil,Actual,Personaje,Sí
78,Hermione Granger,Personajes,Fantasía,Muy alta,Fácil,Actual,Personaje,Sí
79,Ron Weasley,Personajes,Fantasía,Muy alta,Fácil,Actual,Personaje,Sí
80,Gandalf,Personajes,Fantasía,Muy alta,Fácil,Histórica,Personaje,Sí
81,Frodo,Personajes,Fantasía,Muy alta,Fácil,Histórica,Personaje,Sí
82,Gollum,Personajes,Fantasía,Muy alta,Fácil,Histórica,Personaje,Sí
83,Drácula,Personajes,Literatura,Muy alta,Fácil,Histórica,Personaje,Sí
84,Frankenstein,Personajes,Literatura,Muy alta,Fácil,Histórica,Personaje,Sí
85,Pinocho,Personajes,Cuento,Muy alta,Fácil,Histórica,Personaje,Sí
86,Caperucita Roja,Personajes,Cuento,Muy alta,Fácil,Histórica,Personaje,Sí
87,Alicia,Personajes,Cuento,Muy alta,Fácil,Histórica,Personaje,Sí
88,Naruto,Personajes,Anime,Muy alta,Fácil,Actual,Personaje,Sí
89,Goku,Personajes,Anime,Muy alta,Fácil,Histórica,Personaje,Sí
90,Vegeta,Personajes,Anime,Muy alta,Fácil,Histórica,Personaje,Sí
91,Doraemon,Personajes,Anime,Muy alta,Fácil,Actual,Personaje,Sí
92,Friends,Series,Comedia,Muy alta,Media,Histórica,Serie,Sí
93,El Príncipe de Bel-Air,Series,Comedia,Muy alta,Media,Histórica,Serie,Sí
94,Stranger Things,Series,Ciencia ficción,Muy alta,Media,Actual,Serie,Sí
95,The Walking Dead,Series,Drama,Muy alta,Difícil,Actual,Serie,Sí
96,Heidi,Series,Animación,Muy alta,Media,Histórica,Serie,Sí
97,Bola de Dragón,Series,Anime,Muy alta,Media,Actual,Serie,Sí
98,Los Simpson,Series,Animación,Muy alta,Media,Actual,Serie,Sí
99,La casa de papel,Series,Drama,Muy alta,Difícil,Actual,Serie,Sí
100,Juego de Tronos,Series,Fantasía,Muy alta,Media,Histórica,Serie,Sí
101,Breaking Bad,Series,Drama,Muy alta,Difícil,Histórica,Serie,Sí
102,Aquí no hay quien viva,Series,Comedia,Muy alta,Media,Clásica,Serie,Sí
103,La que se avecina,Series,Comedia,Muy alta,Media,Actual,Serie,Sí
104,Aída,Series,Comedia,Muy alta,Media,Histórica,Serie,Sí
105,Élite,Series,Drama,Muy alta,Difícil,Actual,Serie,Sí
106,The Office,Series,Comedia,Muy alta,Media,Histórica,Serie,Sí
107,Lost,Series,Drama,Muy alta,Difícil,Clásica,Serie,Sí
108,Prison Break,Series,Drama,Muy alta,Difícil,Histórica,Serie,Sí
109,The Big Bang Theory,Series,Comedia,Muy alta,Media,Histórica,Serie,Sí
110,How I Met Your Mother,Series,Comedia,Muy alta,Media,Histórica,Serie,Sí
111,Black Mirror,Series,Ciencia ficción,Muy alta,Media,Actual,Serie,Sí
112,The Crown,Series,Drama histórico,Muy alta,Difícil,Actual,Serie,Sí
113,Vikingos,Series,Histórica,Muy alta,Media,Actual,Serie,Sí
114,Física o Química,Series,Drama,Muy alta,Difícil,Histórica,Serie,Sí
115,El Internado,Series,Misterio,Muy alta,Media,Histórica,Serie,Sí
116,Merlina,Series,Fantasía,Muy alta,Media,Actual,Serie,Sí
117,Wednesday,Series,Fantasía,Muy alta,Media,Actual,Serie,Sí
118,The Last of Us,Series,Drama,Muy alta,Difícil,Actual,Serie,Sí
119,Titanic,Películas,Drama,Muy alta,Difícil,Histórica,Película,Sí
120,Jurassic Park,Películas,Aventuras,Muy alta,Media,Actual,Película,Sí
121,Los Vengadores,Películas,Superhéroes,Muy alta,Media,Actual,Película,Sí
122,E.T.,Películas,Ciencia ficción,Muy alta,Media,Histórica,Película,Sí
123,Grease,Películas,Musical,Muy alta,Media,Histórica,Película,Sí
124,Rocky,Películas,Deportes,Muy alta,Media,Histórica,Película,Sí
125,El Rey León,Películas,Animación,Muy alta,Media,Histórica,Película,Sí
126,Forrest Gump,Películas,Drama,Muy alta,Difícil,Histórica,Película,Sí
127,Regreso al Futuro,Películas,Ciencia ficción,Muy alta,Media,Histórica,Película,Sí
128,Pretty Woman,Películas,Romántica,Muy alta,Media,Histórica,Película,Sí
129,Avatar,Películas,Ciencia ficción,Muy alta,Media,Actual,Película,Sí
130,La guerra de las galaxias,Películas,Ciencia ficción,Muy alta,Media,Actual,Película,Sí
131,Gladiator,Películas,Histórica,Muy alta,Media,Histórica,Película,Sí
132,Solo en casa,Películas,Comedia,Muy alta,Media,Histórica,Película,Sí
133,Matrix,Películas,Ciencia ficción,Muy alta,Media,Histórica,Película,Sí
134,Frozen,Películas,Animación,Muy alta,Media,Actual,Película,Sí
135,Toy Story,Películas,Animación,Muy alta,Media,Actual,Película,Sí
136,Coco,Películas,Animación,Muy alta,Media,Actual,Película,Sí
137,El Padrino,Películas,Drama,Muy alta,Difícil,Histórica,Película,Sí
138,Pulp Fiction,Películas,Drama,Muy alta,Difícil,Histórica,Película,Sí
139,La vida es bella,Películas,Drama,Muy alta,Difícil,Histórica,Película,Sí
140,Braveheart,Películas,Histórica,Muy alta,Media,Histórica,Película,Sí
141,Dirty Dancing,Películas,Romántica,Muy alta,Media,Histórica,Película,Sí
142,Ghost,Películas,Romántica,Muy alta,Media,Histórica,Película,Sí
143,Top Gun,Películas,Acción,Muy alta,Media,Histórica,Película,Sí
144,Terminator,Películas,Ciencia ficción,Muy alta,Media,Histórica,Película,Sí
145,Alien,Películas,Ciencia ficción,Muy alta,Media,Histórica,Película,Sí
146,La momia,Películas,Aventuras,Muy alta,Media,Histórica,Película,Sí
147,Piratas del Caribe,Películas,Aventuras,Muy alta,Media,Histórica,Película,Sí
148,El Señor de los Anillos,Películas,Fantasía,Muy alta,Media,Histórica,Película,Sí
149,Los Increíbles,Películas,Animación,Muy alta,Media,Actual,Película,Sí
150,Shrek,Películas,Animación,Muy alta,Media,Histórica,Película,Sí
151,Madagascar,Películas,Animación,Muy alta,Media,Actual,Película,Sí
152,Buscando a Nemo,Películas,Animación,Muy alta,Media,Actual,Película,Sí
153,"Monstruos, S.A.",Películas,Animación,Muy alta,Media,Actual,Película,Sí
154,Up,Películas,Animación,Muy alta,Media,Actual,Película,Sí
155,Ratatouille,Películas,Animación,Muy alta,Media,Actual,Película,Sí
156,La Bella y la Bestia,Películas,Animación,Muy alta,Media,Histórica,Película,Sí
157,Aladdin,Películas,Animación,Muy alta,Media,Histórica,Película,Sí
158,Mulan,Películas,Animación,Muy alta,Media,Histórica,Película,Sí
159,Vaiana,Películas,Animación,Muy alta,Media,Actual,Película,Sí
160,Encanto,Películas,Animación,Muy alta,Media,Actual,Película,Sí
161,Oppenheimer,Películas,Drama,Muy alta,Difícil,Actual,Película,Sí
162,Barbie,Películas,Comedia,Muy alta,Media,Actual,Película,Sí
163,Interstellar,Películas,Ciencia ficción,Muy alta,Media,Actual,Película,Sí
164,Elton John,Música,Cantante,Muy alta,Fácil,Histórica,Persona,Sí
165,Elvis Presley,Música,Cantante,Muy alta,Fácil,Histórica,Persona,Sí
166,The Beatles,Música,Grupo musical,Muy alta,Difícil,Histórica,Grupo,Sí
167,Queen,Música,Grupo musical,Muy alta,Difícil,Histórica,Grupo,Sí
168,ABBA,Música,Grupo musical,Muy alta,Difícil,Histórica,Grupo,Sí
169,The Rolling Stones,Música,Grupo musical,Muy alta,Difícil,Histórica,Grupo,Sí
170,U2,Música,Grupo musical,Muy alta,Difícil,Histórica,Grupo,Sí
171,Nirvana,Música,Grupo musical,Muy alta,Difícil,Clásica,Grupo,Sí
172,Metallica,Música,Grupo musical,Muy alta,Difícil,Clásica,Grupo,Sí
173,AC/DC,Música,Grupo musical,Muy alta,Difícil,Clásica,Grupo,Sí
174,Coldplay,Música,Grupo musical,Muy alta,Difícil,Actual,Grupo,Sí
175,Oasis,Música,Grupo musical,Muy alta,Difícil,Clásica,Grupo,Sí
176,Spice Girls,Música,Grupo musical,Muy alta,Difícil,Clásica,Grupo,Sí
177,Backstreet Boys,Música,Grupo musical,Muy alta,Difícil,Clásica,Grupo,Sí
178,Britney Spears,Música,Cantante,Muy alta,Fácil,Clásica,Persona,Sí
179,Lady Gaga,Música,Cantante,Muy alta,Fácil,Actual,Persona,Sí
180,Beyoncé,Música,Cantante,Muy alta,Fácil,Actual,Persona,Sí
181,Jennifer Lopez,Música,Cantante,Muy alta,Fácil,Actual,Persona,Sí
182,Ricky Martin,Música,Cantante,Muy alta,Fácil,Clásica,Persona,Sí
183,Enrique Iglesias,Música,Cantante,Muy alta,Fácil,Actual,Persona,Sí
184,Julio Iglesias,Música,Cantante,Muy alta,Fácil,Clásica,Persona,Sí
185,Alejandro Sanz,Música,Cantante,Muy alta,Fácil,Actual,Persona,Sí
186,David Bisbal,Música,Cantante,Muy alta,Fácil,Actual,Persona,Sí
187,Estopa,Música,Grupo musical,Muy alta,Difícil,Actual,Grupo,Sí
188,Hombres G,Música,Grupo musical,Muy alta,Difícil,Clásica,Grupo,Sí
189,Mecano,Música,Grupo musical,Muy alta,Difícil,Clásica,Grupo,Sí
190,La Oreja de Van Gogh,Música,Grupo musical,Muy alta,Difícil,Clásica,Grupo,Sí
191,El Canto del Loco,Música,Grupo musical,Muy alta,Difícil,Clásica,Grupo,Sí
192,Maná,Música,Grupo musical,Muy alta,Difícil,Clásica,Grupo,Sí
193,Juanes,Música,Cantante,Muy alta,Fácil,Clásica,Persona,Sí
194,Daddy Yankee,Música,Reguetón,Muy alta,Fácil,Clásica,Persona,Sí
195,Karol G,Música,Reguetón,Muy alta,Fácil,Actual,Persona,Sí
196,J Balvin,Música,Reguetón,Muy alta,Fácil,Actual,Persona,Sí
197,Ozuna,Música,Reguetón,Muy alta,Fácil,Actual,Persona,Sí
198,Aitana,Música,Cantante,Muy alta,Fácil,Actual,Persona,Sí
199,Dua Lipa,Música,Cantante,Muy alta,Fácil,Actual,Persona,Sí
200,Taylor Swift,Música,Cantante,Muy alta,Fácil,Actual,Persona,Sí
201,Fernando Torres,Deportes,Futbolista,Muy alta,Fácil,Histórica,Persona,Sí
202,Andrés Iniesta,Deportes,Futbolista,Muy alta,Fácil,Histórica,Persona,Sí
203,Xavi Hernández,Deportes,Futbolista,Muy alta,Fácil,Histórica,Persona,Sí
204,Sergio Ramos,Deportes,Futbolista,Muy alta,Fácil,Actual,Persona,Sí
205,Zinedine Zidane,Deportes,Futbolista,Muy alta,Fácil,Histórica,Persona,Sí
206,Ronaldinho,Deportes,Futbolista,Muy alta,Fácil,Histórica,Persona,Sí
207,Neymar,Deportes,Futbolista,Muy alta,Fácil,Actual,Persona,Sí
208,Kylian Mbappé,Deportes,Futbolista,Muy alta,Fácil,Actual,Persona,Sí
209,Lewis Hamilton,Deportes,Automovilismo,Muy alta,Fácil,Actual,Persona,Sí
210,Marc Márquez,Deportes,Motociclismo,Muy alta,Fácil,Actual,Persona,Sí
211,Usain Bolt,Deportes,Atletismo,Muy alta,Fácil,Histórica,Persona,Sí
212,Michael Phelps,Deportes,Natación,Muy alta,Fácil,Histórica,Persona,Sí
213,Tiger Woods,Deportes,Golf,Muy alta,Fácil,Histórica,Persona,Sí
214,Pep Guardiola,Deportes,Entrenador,Muy alta,Fácil,Actual,Persona,Sí
215,Real Madrid,Deportes,Fútbol,Muy alta,Fácil,Actual,Equipo,Sí
216,FC Barcelona,Deportes,Fútbol,Muy alta,Fácil,Actual,Equipo,Sí
217,Selección española,Deportes,Fútbol,Muy alta,Fácil,Actual,Equipo,Sí
218,Mundial de Fútbol,Deportes,Evento,Muy alta,Fácil,Actual,Evento,Sí
219,Juegos Olímpicos,Deportes,Evento,Muy alta,Fácil,Histórica,Evento,Sí
220,La Gioconda,Arte,Pintura,Muy alta,Difícil,Histórica,Obra,Sí
221,El Guernica,Arte,Pintura,Muy alta,Difícil,Histórica,Obra,Sí
222,El grito,Arte,Pintura,Muy alta,Difícil,Histórica,Obra,Sí
223,Las Meninas,Arte,Pintura,Muy alta,Difícil,Histórica,Obra,Sí
224,La última cena,Arte,Pintura,Muy alta,Difícil,Histórica,Obra,Sí
225,El David,Arte,Escultura,Muy alta,Difícil,Histórica,Obra,Sí
226,El pensador,Arte,Escultura,Muy alta,Difícil,Histórica,Obra,Sí
227,Romeo y Julieta,Literatura,Obra,Muy alta,Difícil,Histórica,Obra,Sí
228,Don Juan,Literatura,Personaje,Muy alta,Media,Histórica,Personaje,Sí
229,Stephen Hawking,Ciencia,Físico,Muy alta,Difícil,Histórica,Persona,Sí
230,Galileo Galilei,Ciencia,Astrónomo,Muy alta,Difícil,Histórica,Persona,Sí
231,Nikola Tesla,Ciencia,Inventor,Muy alta,Difícil,Histórica,Persona,Sí
232,Thomas Edison,Ciencia,Inventor,Muy alta,Difícil,Histórica,Persona,Sí
233,Julio César,Historia,Personaje histórico,Muy alta,Difícil,Histórica,Persona,Sí
234,Cristóbal Colón,Historia,Explorador,Muy alta,Difícil,Histórica,Persona,Sí
235,Gandhi,Historia,Personaje histórico,Muy alta,Difícil,Histórica,Persona,Sí
236,Nelson Mandela,Historia,Personaje histórico,Muy alta,Difícil,Histórica,Persona,Sí
237,Napoleón,Historia,Personaje histórico,Muy alta,Difícil,Histórica,Persona,Sí
238,Torre Eiffel,Lugares,Monumento,Muy alta,Fácil,Histórica,Lugar,Sí
239,Sagrada Familia,Lugares,Monumento,Muy alta,Fácil,Histórica,Lugar,Sí
240,Estatua de la Libertad,Lugares,Monumento,Muy alta,Fácil,Histórica,Lugar,Sí
241,Nueva York,Lugares,Ciudad,Muy alta,Fácil,Actual,Lugar,Sí
242,París,Lugares,Ciudad,Muy alta,Fácil,Actual,Lugar,Sí
243,Londres,Lugares,Ciudad,Muy alta,Fácil,Actual,Lugar,Sí
244,Roma,Lugares,Ciudad,Muy alta,Fácil,Histórica,Lugar,Sí
245,Madrid,Lugares,Ciudad,Muy alta,Fácil,Actual,Lugar,Sí
246,Barcelona,Lugares,Ciudad,Muy alta,Fácil,Actual,Lugar,Sí
247,Egipto,Lugares,País,Muy alta,Fácil,Histórica,Lugar,Sí
248,Gran Muralla China,Lugares,Monumento,Muy alta,Fácil,Histórica,Lugar,Sí
249,Taj Mahal,Lugares,Monumento,Muy alta,Fácil,Histórica,Lugar,Sí
250,Las Vegas,Lugares,Ciudad,Muy alta,Fácil,Actual,Lugar,Sí
251,Disneyland,Lugares,Parque temático,Muy alta,Fácil,Actual,Lugar,Sí
252,El Vaticano,Lugares,Lugar,Muy alta,Fácil,Histórica,Lugar,Sí
253,Mario Bros,Videojuegos,Plataformas,Muy alta,Fácil,Actual,Personaje,Sí
254,Sonic,Videojuegos,Plataformas,Muy alta,Fácil,Actual,Personaje,Sí
255,Pac-Man,Videojuegos,Arcade,Muy alta,Fácil,Histórica,Personaje,Sí
256,Pikachu,Videojuegos,Pokémon,Muy alta,Fácil,Actual,Personaje,Sí
257,Tetris,Videojuegos,Puzzle,Muy alta,Fácil,Histórica,Juego,Sí
258,Minecraft,Videojuegos,Sandbox,Muy alta,Fácil,Actual,Juego,Sí
259,Fortnite,Videojuegos,Battle royale,Muy alta,Fácil,Actual,Juego,Sí
260,The Sims,Videojuegos,Simulación,Muy alta,Fácil,Actual,Juego,Sí
261,GTA,Videojuegos,Acción,Muy alta,Fácil,Actual,Juego,Sí
262,PlayStation,Videojuegos,Consola,Muy alta,Fácil,Actual,Marca,Sí
263,Coca-Cola,Marcas,Bebida,Muy alta,Fácil,Actual,Marca,Sí
264,McDonald's,Marcas,Restauración,Muy alta,Fácil,Actual,Marca,Sí
265,Lego,Marcas,Juguetes,Muy alta,Fácil,Actual,Marca,Sí
266,Apple,Marcas,Tecnología,Muy alta,Fácil,Actual,Marca,Sí
267,Google,Marcas,Tecnología,Muy alta,Fácil,Actual,Marca,Sí
268,Netflix,Marcas,Streaming,Muy alta,Fácil,Actual,Marca,Sí
269,Amazon,Marcas,Comercio,Muy alta,Fácil,Actual,Marca,Sí
270,IKEA,Marcas,Hogar,Muy alta,Fácil,Actual,Marca,Sí
271,Nike,Marcas,Deporte,Muy alta,Fácil,Actual,Marca,Sí
272,Adidas,Marcas,Deporte,Muy alta,Fácil,Actual,Marca,Sí
273,Zara,Marcas,Moda,Muy alta,Fácil,Actual,Marca,Sí
274,Disney,Marcas,Entretenimiento,Muy alta,Fácil,Actual,Marca,Sí
275,Lucky Luke,Personajes,Cómic,Muy alta,Fácil,Histórica,Personaje,Sí
276,Mortadelo,Personajes,Cómic,Muy alta,Fácil,Histórica,Personaje,Sí
277,Filemón,Personajes,Cómic,Muy alta,Fácil,Histórica,Personaje,Sí
278,Garfield,Personajes,Cómic,Muy alta,Fácil,Histórica,Personaje,Sí
279,Snoopy,Personajes,Cómic,Muy alta,Fácil,Histórica,Personaje,Sí
280,Charlie Brown,Personajes,Cómic,Muy alta,Fácil,Histórica,Personaje,Sí
281,Hello Kitty,Personajes,Animación,Muy alta,Fácil,Histórica,Personaje,Sí
282,Pocahontas,Personajes,Animación,Muy alta,Fácil,Histórica,Personaje,Sí
283,Jasmine,Personajes,Animación,Muy alta,Fácil,Histórica,Personaje,Sí
284,Genio de Aladdín,Personajes,Animación,Muy alta,Fácil,Histórica,Personaje,Sí
285,Stitch,Personajes,Animación,Muy alta,Fácil,Actual,Personaje,Sí
286,Winnie the Pooh,Personajes,Animación,Muy alta,Fácil,Histórica,Personaje,Sí
287,Dumbo,Personajes,Animación,Muy alta,Fácil,Histórica,Personaje,Sí
288,Bambi,Personajes,Animación,Muy alta,Fácil,Histórica,Personaje,Sí
289,101 dálmatas,Personajes,Animación,Muy alta,Fácil,Histórica,Personaje,Sí
290,Cruella de Vil,Personajes,Animación,Muy alta,Fácil,Histórica,Personaje,Sí
291,Maléfica,Personajes,Animación,Muy alta,Fácil,Histórica,Personaje,Sí
292,Capitán Garfio,Personajes,Animación,Muy alta,Fácil,Histórica,Personaje,Sí
293,Pumba,Personajes,Animación,Muy alta,Fácil,Histórica,Personaje,Sí
294,Timón,Personajes,Animación,Muy alta,Fácil,Histórica,Personaje,Sí
295,Buzz,Personajes,Animación,Muy alta,Fácil,Actual,Personaje,Sí
296,Gru,Personajes,Animación,Muy alta,Fácil,Actual,Personaje,Sí
297,Minion,Personajes,Animación,Muy alta,Fácil,Actual,Personaje,Sí
298,Kung Fu Panda,Personajes,Animación,Muy alta,Fácil,Actual,Personaje,Sí
299,Asno,Personajes,Animación,Muy alta,Fácil,Histórica,Personaje,Sí
300,Mowgli,Personajes,Animación,Muy alta,Fácil,Histórica,Personaje,Sí
301,Baloo,Personajes,Animación,Muy alta,Fácil,Histórica,Personaje,Sí
302,Dora la Exploradora,Personajes,Infantil,Muy alta,Fácil,Actual,Personaje,Sí
303,Peppa Pig,Personajes,Infantil,Muy alta,Fácil,Actual,Personaje,Sí
304,Pocoyó,Personajes,Infantil,Muy alta,Fácil,Actual,Personaje,Sí
305,Naruto Uzumaki,Personajes,Anime,Muy alta,Fácil,Actual,Personaje,Sí
306,Shin Chan,Personajes,Anime,Muy alta,Fácil,Histórica,Personaje,Sí
307,Ash Ketchum,Personajes,Anime,Muy alta,Fácil,Actual,Personaje,Sí
308,Doctor Who,Series,Ciencia ficción,Muy alta,Media,Histórica,Serie,Sí
309,MacGyver,Series,Aventuras,Muy alta,Media,Clásica,Serie,Sí
310,El Equipo A,Series,Acción,Muy alta,Media,Histórica,Serie,Sí
311,Los vigilantes de la playa,Series,Drama,Muy alta,Difícil,Histórica,Serie,Sí
312,Alf,Series,Comedia,Muy alta,Media,Clásica,Serie,Sí
313,Malcolm,Series,Comedia,Muy alta,Media,Histórica,Serie,Sí
314,Modern Family,Series,Comedia,Muy alta,Media,Histórica,Serie,Sí
315,Mujeres desesperadas,Series,Drama,Muy alta,Difícil,Histórica,Serie,Sí
316,Sexo en Nueva York,Series,Comedia,Muy alta,Media,Histórica,Serie,Sí
317,Anatomía de Grey,Series,Drama,Muy alta,Difícil,Actual,Serie,Sí
318,House,Series,Drama,Muy alta,Difícil,Histórica,Serie,Sí
319,Dexter,Series,Drama,Muy alta,Difícil,Histórica,Serie,Sí
320,Peaky Blinders,Series,Drama,Muy alta,Difícil,Histórica,Serie,Sí
321,The Witcher,Series,Fantasía,Muy alta,Media,Actual,Serie,Sí
322,Narcos,Series,Drama,Muy alta,Difícil,Actual,Serie,Sí
323,Bridgerton,Series,Romántica,Muy alta,Media,Actual,Serie,Sí
324,The Mandalorian,Series,Ciencia ficción,Muy alta,Media,Actual,Serie,Sí
325,The Boys,Series,Superhéroes,Muy alta,Media,Actual,Serie,Sí
326,Vis a Vis,Series,Drama,Muy alta,Difícil,Actual,Serie,Sí
327,Entrevías,Series,Drama,Muy alta,Difícil,Actual,Serie,Sí
328,Machos Alfa,Series,Comedia,Muy alta,Media,Clásica,Serie,Sí
329,Veneno,Series,Drama,Muy alta,Difícil,Actual,Serie,Sí
330,Fariña,Series,Drama,Muy alta,Difícil,Histórica,Serie,Sí
331,D'Artacán y los tres mosqueperros,Series,Animación,Muy alta,Media,Histórica,Serie,Sí
332,Ben-Hur,Películas,Histórica,Muy alta,Media,Histórica,Película,Sí
333,Con faldas y a lo loco,Películas,Comedia,Muy alta,Media,Histórica,Película,Sí
334,Psicosis,Películas,Terror,Muy alta,Media,Histórica,Película,Sí
335,El resplandor,Películas,Terror,Muy alta,Media,Histórica,Película,Sí
336,El exorcista,Películas,Terror,Muy alta,Media,Histórica,Película,Sí
337,Scream,Películas,Terror,Muy alta,Media,Histórica,Película,Sí
338,Saw,Películas,Terror,Muy alta,Media,Histórica,Película,Sí
339,Sexto sentido,Películas,Terror,Muy alta,Media,Histórica,Película,Sí
340,El silencio de los corderos,Películas,Thriller,Muy alta,Media,Histórica,Película,Sí
341,Seven,Películas,Thriller,Muy alta,Media,Histórica,Película,Sí
342,Robin Hood,Películas,Aventuras,Muy alta,Media,Histórica,Película,Sí
343,El último samurái,Películas,Aventuras,Muy alta,Media,Histórica,Película,Sí
344,Pearl Harbor,Películas,Drama,Muy alta,Difícil,Histórica,Película,Sí
345,Armageddon,Películas,Ciencia ficción,Muy alta,Media,Histórica,Película,Sí
346,Independence Day,Películas,Ciencia ficción,Muy alta,Media,Histórica,Película,Sí
347,Men in Black,Películas,Ciencia ficción,Muy alta,Media,Histórica,Película,Sí
348,Jumanji,Películas,Aventuras,Muy alta,Media,Histórica,Película,Sí
349,La máscara,Películas,Comedia,Muy alta,Media,Histórica,Película,Sí
350,Ace Ventura,Películas,Comedia,Muy alta,Media,Histórica,Película,Sí
351,Dos tontos muy tontos,Películas,Comedia,Muy alta,Media,Histórica,Película,Sí
352,American Pie,Películas,Comedia,Muy alta,Media,Histórica,Película,Sí
353,Scary Movie,Películas,Comedia,Muy alta,Media,Histórica,Película,Sí
354,El diario de Bridget Jones,Películas,Romántica,Muy alta,Media,Histórica,Película,Sí
355,Notting Hill,Películas,Romántica,Muy alta,Media,Histórica,Película,Sí
356,Love Actually,Películas,Romántica,Muy alta,Media,Histórica,Película,Sí
357,Mamma Mia!,Películas,Musical,Muy alta,Media,Histórica,Película,Sí
358,El guardaespaldas,Películas,Romántica,Muy alta,Media,Histórica,Película,Sí
359,Moulin Rouge!,Películas,Musical,Muy alta,Media,Histórica,Película,Sí
360,Chicago,Películas,Musical,Muy alta,Media,Histórica,Película,Sí
361,Karate Kid,Películas,Deportes,Muy alta,Media,Histórica,Película,Sí
362,Million Dollar Baby,Películas,Deportes,Muy alta,Media,Histórica,Película,Sí
363,Space Jam,Películas,Deportes,Muy alta,Media,Histórica,Película,Sí
364,Rambo,Películas,Acción,Muy alta,Media,Histórica,Película,Sí
365,Misión: Imposible,Películas,Acción,Muy alta,Media,Actual,Película,Sí
366,James Bond,Películas,Espionaje,Muy alta,Media,Histórica,Película,Sí
367,Skyfall,Películas,Espionaje,Muy alta,Media,Actual,Película,Sí
368,Kingsman,Películas,Espionaje,Muy alta,Media,Actual,Película,Sí
369,Mad Max,Películas,Acción,Muy alta,Media,Histórica,Película,Sí
370,Dune,Películas,Ciencia ficción,Muy alta,Media,Actual,Película,Sí
371,Alien: el octavo pasajero,Películas,Ciencia ficción,Muy alta,Media,Histórica,Película,Sí
372,Blade Runner,Películas,Ciencia ficción,Muy alta,Media,Histórica,Película,Sí
373,Godzilla,Películas,Ciencia ficción,Muy alta,Media,Histórica,Película,Sí
374,Phil Collins,Música,Cantante,Muy alta,Fácil,Histórica,Persona,Sí
375,George Michael,Música,Cantante,Muy alta,Fácil,Histórica,Persona,Sí
376,Prince,Música,Cantante,Muy alta,Fácil,Histórica,Persona,Sí
377,Whitney Houston,Música,Cantante,Muy alta,Fácil,Histórica,Persona,Sí
378,Céline Dion,Música,Cantante,Muy alta,Fácil,Actual,Persona,Sí
379,Mariah Carey,Música,Cantante,Muy alta,Fácil,Actual,Persona,Sí
380,Tina Turner,Música,Cantante,Muy alta,Fácil,Histórica,Persona,Sí
381,Cher,Música,Cantante,Muy alta,Fácil,Histórica,Persona,Sí
382,Aretha Franklin,Música,Cantante,Muy alta,Fácil,Histórica,Persona,Sí
383,Bob Marley,Música,Cantante,Muy alta,Fácil,Histórica,Persona,Sí
384,Bruce Springsteen,Música,Cantante,Muy alta,Fácil,Histórica,Persona,Sí
385,Johnny Cash,Música,Cantante,Muy alta,Fácil,Histórica,Persona,Sí
386,Frank Sinatra,Música,Cantante,Muy alta,Fácil,Histórica,Persona,Sí
387,Amy Winehouse,Música,Cantante,Muy alta,Fácil,Histórica,Persona,Sí
388,Avril Lavigne,Música,Cantante,Muy alta,Fácil,Histórica,Persona,Sí
389,Christina Aguilera,Música,Cantante,Muy alta,Fácil,Histórica,Persona,Sí
390,Justin Timberlake,Música,Cantante,Muy alta,Fácil,Actual,Persona,Sí
391,Justin Bieber,Música,Cantante,Muy alta,Fácil,Actual,Persona,Sí
392,Ed Sheeran,Música,Cantante,Muy alta,Fácil,Actual,Persona,Sí
393,Bruno Mars,Música,Cantante,Muy alta,Fácil,Actual,Persona,Sí
394,The Weeknd,Música,Cantante,Muy alta,Fácil,Actual,Persona,Sí
395,Miley Cyrus,Música,Cantante,Muy alta,Fácil,Actual,Persona,Sí
396,Billie Eilish,Música,Cantante,Muy alta,Fácil,Actual,Persona,Sí
397,Cyndi Lauper,Música,Cantante,Muy alta,Fácil,Histórica,Persona,Sí
398,Bon Jovi,Música,Grupo musical,Muy alta,Difícil,Histórica,Grupo,Sí
399,Guns N' Roses,Música,Grupo musical,Muy alta,Difícil,Histórica,Grupo,Sí
400,Aerosmith,Música,Grupo musical,Muy alta,Difícil,Histórica,Grupo,Sí
401,Red Hot Chili Peppers,Música,Grupo musical,Muy alta,Difícil,Histórica,Grupo,Sí
402,Green Day,Música,Grupo musical,Muy alta,Difícil,Histórica,Grupo,Sí
403,Linkin Park,Música,Grupo musical,Muy alta,Difícil,Histórica,Grupo,Sí
404,The Police,Música,Grupo musical,Muy alta,Difícil,Histórica,Grupo,Sí
405,Depeche Mode,Música,Grupo musical,Muy alta,Difícil,Histórica,Grupo,Sí
406,Roxette,Música,Grupo musical,Muy alta,Difícil,Histórica,Grupo,Sí
407,Eurythmics,Música,Grupo musical,Muy alta,Difícil,Histórica,Grupo,Sí
408,Boney M.,Música,Grupo musical,Muy alta,Difícil,Histórica,Grupo,Sí
409,Village People,Música,Grupo musical,Muy alta,Difícil,Histórica,Grupo,Sí
410,Dire Straits,Música,Grupo musical,Muy alta,Difícil,Histórica,Grupo,Sí
411,R.E.M.,Música,Grupo musical,Muy alta,Difícil,Histórica,Grupo,Sí
412,The Cranberries,Música,Grupo musical,Muy alta,Difícil,Histórica,Grupo,Sí
413,Nino Bravo,Música,Cantante,Muy alta,Fácil,Histórica,Persona,Sí
414,Camilo Sesto,Música,Cantante,Muy alta,Fácil,Histórica,Persona,Sí
415,Rocío Jurado,Música,Cantante,Muy alta,Fácil,Histórica,Persona,Sí
416,Lola Flores,Música,Cantante,Muy alta,Fácil,Histórica,Persona,Sí
417,Isabel Pantoja,Música,Cantante,Muy alta,Fácil,Actual,Persona,Sí
418,Raphael,Música,Cantante,Muy alta,Fácil,Histórica,Persona,Sí
419,Joan Manuel Serrat,Música,Cantante,Muy alta,Fácil,Histórica,Persona,Sí
420,Joaquín Sabina,Música,Cantante,Muy alta,Fácil,Actual,Persona,Sí
421,Leiva,Música,Cantante,Muy alta,Fácil,Actual,Persona,Sí
422,Melendi,Música,Cantante,Muy alta,Fácil,Actual,Persona,Sí
423,Pablo Alborán,Música,Cantante,Muy alta,Fácil,Actual,Persona,Sí
424,Amaia,Música,Cantante,Muy alta,Fácil,Actual,Persona,Sí
425,Lola Índigo,Música,Cantante,Muy alta,Fácil,Actual,Persona,Sí
426,Quevedo,Música,Cantante,Muy alta,Fácil,Actual,Persona,Sí
427,Bad Gyal,Música,Reguetón,Muy alta,Fácil,Actual,Persona,Sí
428,Zlatan Ibrahimović,Deportes,Futbolista,Muy alta,Fácil,Actual,Persona,Sí
429,David Beckham,Deportes,Futbolista,Muy alta,Fácil,Histórica,Persona,Sí
430,Wayne Rooney,Deportes,Futbolista,Muy alta,Fácil,Histórica,Persona,Sí
431,Luis Figo,Deportes,Futbolista,Muy alta,Fácil,Histórica,Persona,Sí
432,Roberto Carlos,Deportes,Futbolista,Muy alta,Fácil,Histórica,Persona,Sí
433,Raúl González,Deportes,Futbolista,Muy alta,Fácil,Histórica,Persona,Sí
434,Carles Puyol,Deportes,Futbolista,Muy alta,Fácil,Histórica,Persona,Sí
435,Gerard Piqué,Deportes,Futbolista,Muy alta,Fácil,Histórica,Persona,Sí
436,Sergio Busquets,Deportes,Futbolista,Muy alta,Fácil,Histórica,Persona,Sí
437,David Villa,Deportes,Futbolista,Muy alta,Fácil,Histórica,Persona,Sí
438,Luis Suárez,Deportes,Futbolista,Muy alta,Fácil,Actual,Persona,Sí
439,Karim Benzema,Deportes,Futbolista,Muy alta,Fácil,Actual,Persona,Sí
440,Erling Haaland,Deportes,Futbolista,Muy alta,Fácil,Actual,Persona,Sí
441,Vinícius Júnior,Deportes,Futbolista,Muy alta,Fácil,Actual,Persona,Sí
442,Luka Modrić,Deportes,Futbolista,Muy alta,Fácil,Actual,Persona,Sí
443,Alberto Contador,Deportes,Ciclismo,Muy alta,Fácil,Histórica,Persona,Sí
444,Miguel Induráin,Deportes,Ciclismo,Muy alta,Fácil,Histórica,Persona,Sí
445,Carlos Sainz,Deportes,Automovilismo,Muy alta,Fácil,Actual,Persona,Sí
446,Jorge Lorenzo,Deportes,Motociclismo,Muy alta,Fácil,Histórica,Persona,Sí
447,Simone Biles,Deportes,Gimnasia,Muy alta,Fácil,Actual,Persona,Sí
448,Nadia Comăneci,Deportes,Gimnasia,Muy alta,Fácil,Histórica,Persona,Sí
449,Muhammad Ali,Deportes,Boxeo,Muy alta,Fácil,Histórica,Persona,Sí
450,Mike Tyson,Deportes,Boxeo,Muy alta,Fácil,Histórica,Persona,Sí
451,Tour de Francia,Deportes,Ciclismo,Muy alta,Fácil,Histórica,Evento,Sí
452,Dalí,Arte,Pintor,Muy alta,Media,Histórica,Persona,Sí
453,Joan Miró,Arte,Pintor,Muy alta,Media,Histórica,Persona,Sí
454,Diego Velázquez,Arte,Pintor,Muy alta,Media,Histórica,Persona,Sí
455,Francisco de Goya,Arte,Pintor,Muy alta,Media,Histórica,Persona,Sí
456,Andy Warhol,Arte,Artista,Muy alta,Media,Histórica,Persona,Sí
457,Banksy,Arte,Artista,Muy alta,Media,Actual,Persona,Sí
458,Miguel Ángel,Arte,Artista,Muy alta,Media,Histórica,Persona,Sí
459,Venus de Milo,Arte,Escultura,Muy alta,Difícil,Histórica,Obra,Sí
460,Capilla Sixtina,Arte,Arquitectura,Muy alta,Difícil,Histórica,Obra,Sí
461,Alejandro Magno,Historia,Personaje histórico,Muy alta,Difícil,Histórica,Persona,Sí
462,Mahatma Gandhi,Historia,Personaje histórico,Muy alta,Difícil,Histórica,Persona,Sí
463,Martin Luther King,Historia,Activista,Muy alta,Media,Histórica,Persona,Sí
464,Abraham Lincoln,Historia,Presidente,Muy alta,Media,Histórica,Persona,Sí
465,George Washington,Historia,Presidente,Muy alta,Media,Histórica,Persona,Sí
466,Reina Isabel II,Historia,Monarquía,Muy alta,Media,Histórica,Persona,Sí
467,Federico García Lorca,Literatura,Escritor,Muy alta,Difícil,Histórica,Persona,Sí
468,Oscar Wilde,Literatura,Escritor,Muy alta,Difícil,Histórica,Persona,Sí
469,Charles Dickens,Literatura,Escritor,Muy alta,Difícil,Histórica,Persona,Sí
470,Julio Verne,Literatura,Escritor,Muy alta,Difícil,Histórica,Persona,Sí
471,Dan Brown,Literatura,Escritor,Muy alta,Difícil,Actual,Persona,Sí
472,Stephen King,Literatura,Escritor,Muy alta,Difícil,Actual,Persona,Sí
473,Big Ben,Lugares,Monumento,Muy alta,Fácil,Histórica,Lugar,Sí
474,Coliseo de Roma,Lugares,Monumento,Muy alta,Fácil,Histórica,Lugar,Sí
475,Pirámides de Giza,Lugares,Monumento,Muy alta,Fácil,Histórica,Lugar,Sí
476,Machu Picchu,Lugares,Monumento,Muy alta,Fácil,Histórica,Lugar,Sí
477,Cristo Redentor,Lugares,Monumento,Muy alta,Fácil,Histórica,Lugar,Sí
478,Canal de Panamá,Lugares,Infraestructura,Muy alta,Fácil,Histórica,Lugar,Sí
479,Monte Everest,Lugares,Naturaleza,Muy alta,Fácil,Actual,Lugar,Sí
480,Desierto del Sáhara,Lugares,Naturaleza,Muy alta,Fácil,Actual,Lugar,Sí
481,Amazonas,Lugares,Naturaleza,Muy alta,Fácil,Actual,Lugar,Sí
482,Islas Canarias,Lugares,Destino,Muy alta,Fácil,Actual,Lugar,Sí
483,Pokémon Go,Videojuegos,Móvil,Muy alta,Fácil,Actual,Juego,Sí
484,Wii,Videojuegos,Consola,Muy alta,Fácil,Histórica,Consola,Sí
485,Xbox,Videojuegos,Consola,Muy alta,Fácil,Actual,Consola,Sí
486,Nintendo,Videojuegos,Empresa,Muy alta,Fácil,Actual,Marca,Sí
487,Zelda,Videojuegos,Aventura,Muy alta,Fácil,Histórica,Saga,Sí
488,Ferrari,Marcas,Automoción,Muy alta,Fácil,Actual,Marca,Sí
489,Mercedes-Benz,Marcas,Automoción,Muy alta,Fácil,Actual,Marca,Sí
490,Volkswagen,Marcas,Automoción,Muy alta,Fácil,Actual,Marca,Sí
491,Toyota,Marcas,Automoción,Muy alta,Fácil,Actual,Marca,Sí
492,SEAT,Marcas,Automoción,Muy alta,Fácil,Actual,Marca,Sí
493,Renault,Marcas,Automoción,Muy alta,Fácil,Actual,Marca,Sí
494,Burger King,Marcas,Restauración,Muy alta,Fácil,Actual,Marca,Sí
495,Starbucks,Marcas,Restauración,Muy alta,Fácil,Actual,Marca,Sí
496,Pringles,Marcas,Alimentación,Muy alta,Fácil,Actual,Marca,Sí
497,Nutella,Marcas,Alimentación,Muy alta,Fácil,Actual,Marca,Sí
498,Kinder,Marcas,Alimentación,Muy alta,Fácil,Actual,Marca,Sí
499,Nesquik,Marcas,Alimentación,Muy alta,Fácil,Actual,Marca,Sí
500,Colacao,Marcas,Alimentación,Muy alta,Fácil,Actual,Marca,Sí
501,Chupa Chups,Marcas,Alimentación,Muy alta,Fácil,Histórica,Marca,Sí
502,Donuts,Marcas,Alimentación,Muy alta,Fácil,Actual,Marca,Sí
503,Zeus,Mitología,Mitología griega,Muy alta,Media,Histórica,Personaje,Sí
504,Afrodita,Mitología,Mitología griega,Muy alta,Media,Histórica,Personaje,Sí
505,Hércules,Mitología,Mitología griega,Muy alta,Media,Histórica,Personaje,Sí
506,Medusa,Mitología,Mitología griega,Muy alta,Media,Histórica,Personaje,Sí
507,Poseidón,Mitología,Mitología griega,Muy alta,Media,Histórica,Personaje,Sí
508,Hades,Mitología,Mitología griega,Muy alta,Media,Histórica,Personaje,Sí
509,Cupido,Mitología,Mitología romana,Muy alta,Media,Histórica,Personaje,Sí
510,El planeta de los simios,Películas,Ciencia ficción,Muy alta,Media,Histórica,Película,Sí
511,2001: Una odisea del espacio,Películas,Ciencia ficción,Muy alta,Media,Histórica,Película,Sí
512,Encuentros en la tercera fase,Películas,Ciencia ficción,Muy alta,Media,Histórica,Película,Sí
513,El imperio contraataca,Películas,Ciencia ficción,Muy alta,Media,Histórica,Película,Sí
514,El retorno del Jedi,Películas,Ciencia ficción,Muy alta,Media,Histórica,Película,Sí
515,La amenaza fantasma,Películas,Ciencia ficción,Muy alta,Media,Histórica,Película,Sí
516,La venganza de los Sith,Películas,Ciencia ficción,Muy alta,Media,Histórica,Película,Sí
517,Guardianes de la galaxia,Películas,Superhéroes,Muy alta,Media,Actual,Película,Sí
518,Black Panther,Películas,Superhéroes,Muy alta,Media,Actual,Película,Sí
519,Doctor Strange,Películas,Superhéroes,Muy alta,Media,Actual,Película,Sí
520,Capitana Marvel,Películas,Superhéroes,Muy alta,Media,Actual,Película,Sí
521,Deadpool,Películas,Superhéroes,Muy alta,Media,Actual,Película,Sí
522,Logan,Películas,Superhéroes,Muy alta,Media,Actual,Película,Sí
523,X-Men,Películas,Superhéroes,Muy alta,Media,Histórica,Película,Sí
524,Los cuatro fantásticos,Películas,Superhéroes,Muy alta,Media,Histórica,Película,Sí
525,Aquaman,Películas,Superhéroes,Muy alta,Media,Actual,Película,Sí
526,Escuadrón Suicida,Películas,Superhéroes,Muy alta,Media,Actual,Película,Sí
527,West Side Story,Películas,Musical,Muy alta,Media,Histórica,Película,Sí
528,El mago de Oz,Películas,Fantasía,Muy alta,Media,Histórica,Película,Sí
529,Sonrisas y lágrimas,Películas,Musical,Muy alta,Media,Histórica,Película,Sí
530,Cantando bajo la lluvia,Películas,Musical,Muy alta,Media,Histórica,Película,Sí
531,La La Land,Películas,Musical,Muy alta,Media,Actual,Película,Sí
532,El gran showman,Películas,Musical,Muy alta,Media,Actual,Película,Sí
533,Bohemian Rhapsody,Películas,Musical,Muy alta,Media,Actual,Película,Sí
534,Mujeres al borde de un ataque de nervios,Películas,Comedia española,Muy alta,Media,Histórica,Película,Sí
535,¿Qué he hecho yo para merecer esto?,Películas,Comedia española,Muy alta,Media,Histórica,Película,Sí
536,Todo sobre mi madre,Películas,Drama español,Muy alta,Difícil,Histórica,Película,Sí
537,Hable con ella,Películas,Drama español,Muy alta,Difícil,Actual,Película,Sí
538,Tesis,Películas,Thriller español,Muy alta,Media,Histórica,Película,Sí
539,Abre los ojos,Películas,Ciencia ficción española,Muy alta,Media,Histórica,Película,Sí
540,Las brujas de Zugarramurdi,Películas,Comedia española,Muy alta,Media,Actual,Película,Sí
541,Spanish Movie,Películas,Comedia española,Muy alta,Media,Histórica,Película,Sí
542,Primos,Películas,Comedia española,Muy alta,Media,Actual,Película,Sí
543,La comunidad,Películas,Comedia española,Muy alta,Media,Histórica,Película,Sí
544,El día de la bestia,Películas,Comedia española,Muy alta,Media,Histórica,Película,Sí
545,Los santos inocentes,Películas,Drama español,Muy alta,Difícil,Histórica,Película,Sí
546,La lengua de las mariposas,Películas,Drama español,Muy alta,Difícil,Histórica,Película,Sí
547,Perdidos,Series,Misterio,Muy alta,Media,Clásica,Serie,Sí
548,Los Soprano,Series,Drama,Muy alta,Difícil,Histórica,Serie,Sí
549,Better Call Saul,Series,Drama,Muy alta,Difícil,Actual,Serie,Sí
550,Sherlock,Series,Misterio,Muy alta,Media,Histórica,Serie,Sí
551,Downton Abbey,Series,Drama,Muy alta,Difícil,Histórica,Serie,Sí
552,Chernóbil,Series,Drama histórico,Muy alta,Difícil,Actual,Serie,Sí
553,El juego del calamar,Series,Thriller,Muy alta,Media,Actual,Serie,Sí
554,Miércoles,Series,Fantasía,Muy alta,Media,Actual,Serie,Sí
555,Cobra Kai,Series,Artes marciales,Muy alta,Media,Actual,Serie,Sí
556,La última de nosotros,Series,Ciencia ficción,Muy alta,Media,Actual,Serie,Sí
557,Loki,Series,Superhéroes,Muy alta,Media,Actual,Serie,Sí
558,WandaVision,Series,Superhéroes,Muy alta,Media,Actual,Serie,Sí
559,Daredevil,Series,Superhéroes,Muy alta,Media,Histórica,Serie,Sí
560,Cómo conocí a vuestra madre,Series,Comedia,Muy alta,Media,Histórica,Serie,Sí
561,Dos hombres y medio,Series,Comedia,Muy alta,Media,Histórica,Serie,Sí
562,Brooklyn Nine-Nine,Series,Comedia,Muy alta,Media,Actual,Serie,Sí
563,Ana y los 7,Series,Comedia española,Muy alta,Media,Histórica,Serie,Sí
564,Amar en tiempos revueltos,Series,Drama español,Muy alta,Difícil,Actual,Serie,Sí
565,El secreto de Puente Viejo,Series,Drama español,Muy alta,Difícil,Actual,Serie,Sí
566,Velvet,Series,Drama español,Muy alta,Difícil,Actual,Serie,Sí
567,La catedral del mar,Series,Drama histórico español,Muy alta,Difícil,Actual,Serie,Sí
568,El tiempo entre costuras,Series,Drama histórico español,Muy alta,Difícil,Actual,Serie,Sí
569,Estoy vivo,Series,Ciencia ficción española,Muy alta,Media,Actual,Serie,Sí
570,El pueblo,Series,Comedia española,Muy alta,Media,Actual,Serie,Sí
571,El pato Donald,Personajes,Animación,Muy alta,Fácil,Histórica,Personaje,Sí
572,Minnie Mouse,Personajes,Animación,Muy alta,Fácil,Histórica,Personaje,Sí
573,Pluto,Personajes,Animación,Muy alta,Fácil,Histórica,Personaje,Sí
574,Olivia,Personajes,Cómic,Muy alta,Fácil,Histórica,Personaje,Sí
575,Betty Boop,Personajes,Animación,Muy alta,Fácil,Histórica,Personaje,Sí
576,La Pantera Rosa,Personajes,Animación,Muy alta,Fácil,Histórica,Personaje,Sí
577,Wally,Personajes,Literatura infantil,Muy alta,Fácil,Histórica,Personaje,Sí
578,Vilma Picapiedra,Personajes,Animación,Muy alta,Fácil,Histórica,Personaje,Sí
579,Pedro Picapiedra,Personajes,Animación,Muy alta,Fácil,Histórica,Personaje,Sí
580,Tiburón,Películas,Thriller,Muy alta,Media,Histórica,Película,Sí
581,E.T. el extraterrestre,Películas,Ciencia ficción,Muy alta,Media,Histórica,Película,Sí
582,Wall-E,Películas,Animación,Muy alta,Media,Histórica,Película,Sí
583,Enredados,Películas,Animación,Muy alta,Media,Actual,Película,Sí
584,El libro de la selva,Películas,Animación,Muy alta,Media,Histórica,Película,Sí
585,Alicia en el País de las Maravillas,Películas,Animación,Muy alta,Media,Histórica,Película,Sí
586,Blancanieves y los siete enanitos,Películas,Animación,Muy alta,Media,Histórica,Película,Sí
587,Tarzán,Películas,Animación,Muy alta,Media,Histórica,Película,Sí
588,Pesadilla antes de Navidad,Películas,Animación,Muy alta,Media,Histórica,Película,Sí
589,Eduardo Manostijeras,Películas,Fantasía,Muy alta,Media,Histórica,Película,Sí
590,Charlie y la fábrica de chocolate,Películas,Fantasía,Muy alta,Media,Histórica,Película,Sí
591,El Hobbit,Películas,Fantasía,Muy alta,Media,Histórica,Película,Sí
592,Las crónicas de Narnia,Películas,Fantasía,Muy alta,Media,Histórica,Película,Sí
593,King Kong,Películas,Aventura,Muy alta,Media,Histórica,Película,Sí
594,Los cazafantasmas,Películas,Comedia,Muy alta,Media,Histórica,Película,Sí
595,La jungla de cristal,Películas,Acción,Muy alta,Media,Histórica,Película,Sí
596,Origen,Películas,Ciencia ficción,Muy alta,Media,Actual,Película,Sí
597,El quinto elemento,Películas,Ciencia ficción,Muy alta,Media,Histórica,Película,Sí
598,Men in Black: Hombres de negro,Películas,Ciencia ficción,Muy alta,Media,Histórica,Película,Sí
599,Robocop,Películas,Ciencia ficción,Muy alta,Media,Histórica,Película,Sí
600,Gremlins,Películas,Comedia,Muy alta,Media,Histórica,Película,Sí
601,Beetlejuice,Películas,Comedia,Muy alta,Media,Histórica,Película,Sí
602,La princesa prometida,Películas,Aventura,Muy alta,Media,Histórica,Película,Sí
603,Cuando Harry encontró a Sally,Películas,Romance,Muy alta,Media,Histórica,Película,Sí
604,El diario de Noa,Películas,Romance,Muy alta,Media,Histórica,Película,Sí
605,Tres metros sobre el cielo,Películas,Romance,Muy alta,Media,Actual,Película,Sí
606,Ocho apellidos vascos,Películas,Comedia española,Muy alta,Media,Actual,Película,Sí
607,Ocho apellidos catalanes,Películas,Comedia española,Muy alta,Media,Actual,Película,Sí
608,"Bienvenido, Mister Marshall",Películas,Comedia española,Muy alta,Media,Histórica,Película,Sí
609,La escopeta nacional,Películas,Comedia española,Muy alta,Media,Histórica,Película,Sí
610,"Amanece, que no es poco",Películas,Comedia española,Muy alta,Media,Histórica,Película,Sí
611,Airbag,Películas,Comedia española,Muy alta,Media,Histórica,Película,Sí
612,Torrente,Películas,Comedia española,Muy alta,Media,Actual,Película,Sí
613,El orfanato,Películas,Terror español,Muy alta,Media,Actual,Película,Sí
614,REC,Películas,Terror español,Muy alta,Media,Actual,Película,Sí
615,Mar adentro,Películas,Drama español,Muy alta,Difícil,Actual,Película,Sí
616,Volver,Películas,Drama español,Muy alta,Difícil,Actual,Película,Sí
617,La sociedad de la nieve,Películas,Drama,Muy alta,Difícil,Actual,Película,Sí
618,Campeones,Películas,Comedia española,Muy alta,Media,Actual,Película,Sí
619,El laberinto del fauno,Películas,Fantasía,Muy alta,Media,Actual,Película,Sí
620,Los otros,Películas,Terror,Muy alta,Media,Actual,Película,Sí
621,Celda 211,Películas,Thriller español,Muy alta,Media,Actual,Película,Sí
622,Contratiempo,Películas,Thriller español,Muy alta,Media,Actual,Película,Sí
623,Perfectos desconocidos,Películas,Comedia española,Muy alta,Media,Actual,Película,Sí
624,South Park,Series,Animación,Muy alta,Media,Actual,Serie,Sí
625,Padre de familia,Series,Animación,Muy alta,Media,Actual,Serie,Sí
626,Futurama,Series,Animación,Muy alta,Media,Actual,Serie,Sí
627,Los Picapiedra,Series,Animación,Muy alta,Media,Histórica,Serie,Sí
628,Los Supersónicos,Series,Animación,Muy alta,Media,Histórica,Serie,Sí
629,Tom y Jerry,Series,Animación,Muy alta,Media,Histórica,Serie,Sí
630,Inspector Gadget,Series,Animación,Muy alta,Media,Histórica,Serie,Sí
631,He-Man y los Masters del Universo,Series,Animación,Muy alta,Media,Histórica,Serie,Sí
632,Las Tortugas Ninja,Series,Animación,Muy alta,Media,Clásica,Serie,Sí
633,Pokémon,Series,Animación,Muy alta,Media,Actual,Serie,Sí
634,Digimon,Series,Animación,Muy alta,Media,Clásica,Serie,Sí
635,One Piece,Series,Anime,Muy alta,Media,Actual,Serie,Sí
636,Ataque a los titanes,Series,Anime,Muy alta,Media,Actual,Serie,Sí
637,Dragon Ball Z,Series,Anime,Muy alta,Media,Clásica,Serie,Sí
638,Caballeros del Zodiaco,Series,Anime,Muy alta,Media,Clásica,Serie,Sí
639,Oliver y Benji,Series,Anime,Muy alta,Media,Clásica,Serie,Sí
640,Mazinger Z,Series,Anime,Muy alta,Media,Clásica,Serie,Sí
641,Marco,Series,Infantil,Muy alta,Media,Clásica,Serie,Sí
642,La abeja Maya,Series,Infantil,Muy alta,Media,Clásica,Serie,Sí
643,Los Lunnis,Series,Infantil española,Muy alta,Media,Histórica,Serie,Sí
644,Al salir de clase,Series,Drama juvenil español,Muy alta,Difícil,Histórica,Serie,Sí
645,El barco,Series,Aventura española,Muy alta,Media,Actual,Serie,Sí
646,Gran Hotel,Series,Drama español,Muy alta,Difícil,Actual,Serie,Sí
647,Garfiel,Personajes,Cómic,Muy alta,Fácil,Histórica,Personaje,Sí
648,Capitán Haddock,Personajes,Cómic,Muy alta,Fácil,Histórica,Personaje,Sí
649,Papá Pitufo,Personajes,Cómic,Muy alta,Fácil,Histórica,Personaje,Sí
650,Monkey D. Luffy,Personajes,Anime,Muy alta,Fácil,Actual,Personaje,Sí
651,Son Goku,Personajes,Anime,Muy alta,Fácil,Histórica,Personaje,Sí
652,Piccolo,Personajes,Anime,Muy alta,Fácil,Histórica,Personaje,Sí
653,Seiya de Pegaso,Personajes,Anime,Muy alta,Fácil,Histórica,Personaje,Sí
654,Mario,Personajes,Videojuegos,Muy alta,Fácil,Histórica,Personaje,Sí
655,Luigi,Personajes,Videojuegos,Muy alta,Fácil,Histórica,Personaje,Sí
656,Princesa Peach,Personajes,Videojuegos,Muy alta,Fácil,Histórica,Personaje,Sí
657,Link,Personajes,Videojuegos,Muy alta,Fácil,Histórica,Personaje,Sí
658,Lara Croft,Personajes,Videojuegos,Muy alta,Fácil,Histórica,Personaje,Sí
659,Luke Skywalker,Personajes,Cine,Muy alta,Fácil,Histórica,Personaje,Sí
660,Yoda,Personajes,Cine,Muy alta,Fácil,Histórica,Personaje,Sí
661,Chewbacca,Personajes,Cine,Muy alta,Fácil,Histórica,Personaje,Sí
662,C-3PO,Personajes,Cine,Muy alta,Fácil,Histórica,Personaje,Sí
663,R2-D2,Personajes,Cine,Muy alta,Fácil,Histórica,Personaje,Sí
664,John McClane,Personajes,Cine,Muy alta,Fácil,Histórica,Personaje,Sí
665,Jack Sparrow,Personajes,Cine,Muy alta,Fácil,Histórica,Personaje,Sí
666,Frodo Bolsón,Personajes,Cine y literatura,Muy alta,Fácil,Histórica,Personaje,Sí
667,Hannibal Lecter,Personajes,Cine y literatura,Muy alta,Fácil,Histórica,Personaje,Sí
668,Norman Bates,Personajes,Cine,Muy alta,Fácil,Histórica,Personaje,Sí
669,Vito Corleone,Personajes,Cine,Muy alta,Fácil,Histórica,Personaje,Sí
670,Lobezno,Personajes,Cómic y cine,Muy alta,Fácil,Histórica,Personaje,Sí
671,Marty McFly,Personajes,Cine,Muy alta,Fácil,Histórica,Personaje,Sí
672,Doc Brown,Personajes,Cine,Muy alta,Fácil,Histórica,Personaje,Sí
673,Mary Poppins,Personajes,Cine,Muy alta,Fácil,Histórica,Personaje,Sí
674,Willy Wonka,Personajes,Cine y literatura,Muy alta,Fácil,Histórica,Personaje,Sí
675,Pippi Calzaslargas,Personajes,Literatura y TV,Muy alta,Fácil,Histórica,Personaje,Sí
676,Michael Schumacher,Deportes,Automovilismo,Muy alta,Fácil,Histórica,Persona,Sí
677,Fernando Morientes,Deportes,Futbolista,Muy alta,Fácil,Histórica,Persona,Sí
678,José Mourinho,Deportes,Entrenador,Muy alta,Fácil,Actual,Persona,Sí
679,Vicente del Bosque,Deportes,Entrenador,Muy alta,Fácil,Histórica,Persona,Sí
680,Johan Cruyff,Deportes,Futbolista,Muy alta,Fácil,Histórica,Persona,Sí
681,Gareth Bale,Deportes,Futbolista,Muy alta,Fácil,Histórica,Persona,Sí
682,Diego Simeone,Deportes,Entrenador,Muy alta,Fácil,Actual,Persona,Sí
683,Dani Pedrosa,Deportes,Motociclismo,Muy alta,Fácil,Histórica,Persona,Sí
684,Mónica Naranjo,Música,Cantante,Muy alta,Fácil,Actual,Persona,Sí
685,Imagine Dragons,Música,Grupo,Muy alta,Difícil,Actual,Grupo,Sí
686,Tutankamón,Historia,Faraón,Muy alta,Media,Histórica,Persona,Sí
687,Nefertiti,Historia,Reina egipcia,Muy alta,Media,Histórica,Persona,Sí
688,Reina Victoria,Historia,Monarca,Muy alta,Difícil,Histórica,Persona,Sí
689,Winston Churchill,Historia,Político,Muy alta,Difícil,Histórica,Persona,Sí
690,El nacimiento de Venus,Arte,Pintura,Muy alta,Difícil,Histórica,Obra,Sí
691,La persistencia de la memoria,Arte,Pintura,Muy alta,Difícil,Histórica,Obra,Sí
692,Romeo,Literatura,Personaje,Muy alta,Media,Histórica,Personaje,Sí
693,Julieta,Literatura,Personaje,Muy alta,Media,Histórica,Personaje,Sí
694,Robinson Crusoe,Literatura,Personaje,Muy alta,Media,Histórica,Personaje,Sí
695,Gulliver,Literatura,Personaje,Muy alta,Media,Histórica,Personaje,Sí
696,Hércules Poirot,Literatura,Personaje,Muy alta,Media,Histórica,Personaje,Sí
697,Miss Marple,Literatura,Personaje,Muy alta,Media,Histórica,Personaje,Sí
698,Oliver Twist,Literatura,Personaje,Muy alta,Media,Histórica,Personaje,Sí
699,Sevilla,Lugares,Ciudad,Muy alta,Fácil,Actual,Lugar,Sí
700,Valencia,Lugares,Ciudad,Muy alta,Fácil,Actual,Lugar,Sí
701,Bilbao,Lugares,Ciudad,Muy alta,Fácil,Actual,Lugar,Sí
702,Santiago de Compostela,Lugares,Ciudad,Muy alta,Fácil,Actual,Lugar,Sí
703,Ibiza,Lugares,Isla,Muy alta,Fácil,Actual,Lugar,Sí
704,Mallorca,Lugares,Isla,Muy alta,Fácil,Actual,Lugar,Sí
705,Tenerife,Lugares,Isla,Muy alta,Fácil,Actual,Lugar,Sí
706,Venecia,Lugares,Ciudad,Muy alta,Fácil,Actual,Lugar,Sí
707,Tokio,Lugares,Ciudad,Muy alta,Fácil,Actual,Lugar,Sí
708,Hollywood,Lugares,Barrio,Muy alta,Fácil,Actual,Lugar,Sí
709,Disneyland París,Lugares,Parque temático,Muy alta,Fácil,Actual,Lugar,Sí
710,Parque Güell,Lugares,Monumento,Muy alta,Fácil,Actual,Lugar,Sí
711,FIFA,Videojuegos,Fútbol,Muy alta,Fácil,Histórica,Juego,Sí
712,Los Sims,Videojuegos,Simulación,Muy alta,Fácil,Histórica,Juego,Sí
713,Grand Theft Auto,Videojuegos,Acción,Muy alta,Fácil,Histórica,Juego,Sí
714,Mario Kart,Videojuegos,Carreras,Muy alta,Fácil,Histórica,Juego,Sí
715,Street Fighter,Videojuegos,Lucha,Muy alta,Fácil,Histórica,Juego,Sí
716,Mortal Kombat,Videojuegos,Lucha,Muy alta,Fácil,Histórica,Juego,Sí
717,Pepsi,Marcas,Bebida,Muy alta,Fácil,Actual,Marca,Sí
718,Samsung,Marcas,Tecnología,Muy alta,Fácil,Actual,Marca,Sí
719,Atenea,Mitología,Diosa griega,Muy alta,Fácil,Histórica,Personaje,Sí
720,Pegaso,Mitología,Criatura mitológica,Muy alta,Fácil,Histórica,Personaje,Sí
721,Minotauro,Mitología,Criatura mitológica,Muy alta,Fácil,Histórica,Personaje,Sí
722,Aquiles,Mitología,Héroe griego,Muy alta,Fácil,Histórica,Personaje,Sí
723,El show de Truman,Películas,Drama,Muy alta,Difícil,Histórica,Película,Sí
724,Náufrago,Películas,Drama,Muy alta,Difícil,Histórica,Película,Sí
725,Salvar al soldado Ryan,Películas,Drama bélico,Muy alta,Difícil,Histórica,Película,Sí
726,La lista de Schindler,Películas,Drama histórico,Muy alta,Difícil,Histórica,Película,Sí
727,300,Películas,Épica,Muy alta,Media,Actual,Película,Sí
728,Troya,Películas,Épica,Muy alta,Media,Actual,Película,Sí
729,Ángeles y demonios,Películas,Thriller,Muy alta,Media,Actual,Película,Sí
730,Ocean's Eleven,Películas,Cine de atracos,Muy alta,Media,Actual,Película,Sí
731,Kill Bill,Películas,Acción,Muy alta,Media,Actual,Película,Sí
732,La milla verde,Películas,Drama,Muy alta,Difícil,Histórica,Película,Sí
733,It,Películas,Terror,Muy alta,Media,Actual,Película,Sí
734,Carrie,Películas,Terror,Muy alta,Media,Histórica,Película,Sí
735,Pesadilla en Elm Street,Películas,Terror,Muy alta,Media,Histórica,Película,Sí
736,Viernes 13,Películas,Terror,Muy alta,Media,Histórica,Película,Sí
737,La cosa,Películas,Terror,Muy alta,Media,Histórica,Película,Sí
738,Crepúsculo,Películas,Fantasía,Muy alta,Media,Histórica,Película,Sí
739,Los juegos del hambre,Películas,Ciencia ficción,Muy alta,Media,Actual,Película,Sí
740,Divergente,Películas,Ciencia ficción,Muy alta,Media,Actual,Película,Sí
741,El secreto de sus ojos,Películas,Drama,Muy alta,Difícil,Histórica,Película,Sí
742,Relatos salvajes,Películas,Comedia negra,Muy alta,Media,Actual,Película,Sí
743,El viaje de Chihiro,Películas,Animación,Muy alta,Media,Actual,Película,Sí
744,Mi vecino Totoro,Películas,Animación,Muy alta,Media,Histórica,Película,Sí
745,Ponyo en el acantilado,Películas,Animación,Muy alta,Media,Actual,Película,Sí
746,Cómo entrenar a tu dragón,Películas,Animación,Muy alta,Media,Actual,Película,Sí
747,"Gru, mi villano favorito",Películas,Animación,Muy alta,Media,Actual,Película,Sí
748,Los Croods,Películas,Animación,Muy alta,Media,Actual,Película,Sí
749,Ice Age,Películas,Animación,Muy alta,Media,Actual,Película,Sí
750,Hotel Transilvania,Películas,Animación,Muy alta,Media,Actual,Película,Sí
751,El castillo ambulante,Películas,Animación,Muy alta,Media,Actual,Película,Sí
752,Coraline,Películas,Animación,Muy alta,Media,Actual,Película,Sí
753,El jorobado de Notre Dame,Películas,Animación,Muy alta,Media,Histórica,Película,Sí
754,La dama y el vagabundo,Películas,Animación,Muy alta,Media,Histórica,Película,Sí
755,La bella durmiente,Películas,Animación,Muy alta,Media,Histórica,Película,Sí
756,Los aristogatos,Películas,Animación,Muy alta,Media,Histórica,Película,Sí
757,Lilo y Stitch,Películas,Animación,Muy alta,Media,Histórica,Película,Sí
758,Red,Películas,Animación,Muy alta,Media,Actual,Película,Sí
759,Del revés,Películas,Animación,Muy alta,Media,Actual,Película,Sí
760,Elemental,Películas,Animación,Muy alta,Media,Actual,Película,Sí
761,Soul,Películas,Animación,Muy alta,Media,Actual,Película,Sí
762,Luca,Películas,Animación,Muy alta,Media,Actual,Película,Sí
763,El príncipe de Egipto,Películas,Animación,Muy alta,Media,Histórica,Película,Sí
764,Spirit: El corcel indomable,Películas,Animación,Muy alta,Media,Actual,Película,Sí
765,Cars,Películas,Animación,Muy alta,Media,Actual,Película,Sí
766,Brave,Películas,Animación,Muy alta,Media,Actual,Película,Sí
767,Footloose,Película,Cine,Muy alta,Media,Histórica,Película,Sí
768,Cuenta conmigo,Película,Cine,Muy alta,Media,Histórica,Película,Sí
769,Willow,Película,Cine,Muy alta,Media,Histórica,Película,Sí
770,Robin Hood: príncipe de los ladrones,Película,Cine,Muy alta,Media,Histórica,Película,Sí
771,El príncipe de Zamunda,Película,Cine,Muy alta,Media,Histórica,Película,Sí
772,Dos policías rebeldes,Película,Cine,Muy alta,Media,Histórica,Película,Sí
773,El gran Lebowski,Película,Cine,Muy alta,Media,Histórica,Película,Sí
774,Django desencadenado,Película,Cine,Muy alta,Media,Histórica,Película,Sí
775,Érase una vez en Hollywood,Película,Cine,Muy alta,Media,Histórica,Película,Sí
776,Memento,Película,Cine,Muy alta,Media,Histórica,Película,Sí
777,El club de la lucha,Película,Cine,Muy alta,Media,Histórica,Película,Sí
778,American Beauty,Película,Cine,Muy alta,Media,Histórica,Película,Sí
779,Cadena perpetua,Película,Cine,Muy alta,Media,Histórica,Película,Sí
780,Casino,Película,Cine,Muy alta,Media,Histórica,Película,Sí
781,Uno de los nuestros,Película,Cine,Muy alta,Media,Histórica,Película,Sí
782,Scarface,Película,Cine,Muy alta,Media,Histórica,Película,Sí
783,Heat,Película,Cine,Muy alta,Media,Histórica,Película,Sí
784,Vértigo,Película,Cine,Muy alta,Media,Histórica,Película,Sí
785,La ventana indiscreta,Película,Cine,Muy alta,Media,Histórica,Película,Sí
786,Apocalypse Now,Película,Cine,Muy alta,Media,Histórica,Película,Sí
787,Platoon,Película,Cine,Muy alta,Media,Histórica,Película,Sí
788,Billy Elliot,Película,Cine,Muy alta,Media,Histórica,Película,Sí
789,Full Monty,Película,Cine,Muy alta,Media,Histórica,Película,Sí
790,Bridget Jones,Película,Cine,Muy alta,Media,Histórica,Película,Sí
791,Atrápame si puedes,Película,Cine,Muy alta,Media,Histórica,Película,Sí
792,Big,Película,Cine,Muy alta,Media,Histórica,Película,Sí
793,La terminal,Película,Cine,Muy alta,Media,Histórica,Película,Sí
794,El diablo viste de Prada,Película,Cine,Muy alta,Media,Histórica,Película,Sí
795,Erin Brockovich,Película,Cine,Muy alta,Media,Histórica,Película,Sí
796,Thelma y Louise,Película,Cine,Muy alta,Media,Histórica,Película,Sí
797,Legalmente rubia,Película,Cine,Muy alta,Media,Histórica,Película,Sí
798,Sister Act,Película,Cine,Muy alta,Media,Histórica,Película,Sí
799,La señora Doubtfire,Película,Cine,Muy alta,Media,Histórica,Película,Sí
800,Zoolander,Película,Cine,Muy alta,Media,Histórica,Película,Sí
801,Resacón en Las Vegas,Película,Cine,Muy alta,Media,Histórica,Película,Sí
802,Superbad,Película,Cine,Muy alta,Media,Histórica,Película,Sí
803,Ted,Película,Cine,Muy alta,Media,Histórica,Película,Sí
804,Watchmen,Película,Cine,Muy alta,Media,Histórica,Película,Sí
805,V de Vendetta,Película,Cine,Muy alta,Media,Histórica,Película,Sí
806,Sin City,Película,Cine,Muy alta,Media,Histórica,Película,Sí
807,Espartaco,Película,Cine,Muy alta,Media,Histórica,Película,Sí
808,El gran dictador,Película,Cine,Muy alta,Media,Histórica,Película,Sí
809,Tiempos modernos,Película,Cine,Muy alta,Media,Histórica,Película,Sí
810,El pianista,Película,Cine,Muy alta,Media,Histórica,Película,Sí
811,El discurso del rey,Película,Cine,Muy alta,Media,Histórica,Película,Sí
812,Slumdog Millionaire,Película,Cine,Muy alta,Media,Histórica,Película,Sí
813,Intocable,Película,Cine,Muy alta,Media,Histórica,Película,Sí
814,Amélie,Película,Cine,Muy alta,Media,Histórica,Película,Sí
815,La vida de Brian,Película,Cine,Muy alta,Media,Histórica,Película,Sí
816,Los intocables de Eliot Ness,Película,Cine,Muy alta,Media,Histórica,Película,Sí
817,El patriota,Película,Cine,Muy alta,Media,Histórica,Película,Sí
818,Apolo 13,Película,Cine,Muy alta,Media,Histórica,Película,Sí
819,Contact,Película,Cine,Muy alta,Media,Histórica,Película,Sí
820,Gravity,Película,Cine,Muy alta,Media,Histórica,Película,Sí
821,La llegada,Película,Cine,Muy alta,Media,Histórica,Película,Sí
822,Ready Player One,Película,Cine,Muy alta,Media,Histórica,Película,Sí
823,Matilda,Película,Cine,Muy alta,Media,Histórica,Película,Sí
824,Big Fish,Película,Cine,Muy alta,Media,Histórica,Película,Sí
825,Chicken Run,Película,Cine,Muy alta,Media,Histórica,Película,Sí
826,Wallace y Gromit,Película,Cine,Muy alta,Media,Histórica,Película,Sí
827,Lilo & Stitch,Película,Cine,Muy alta,Media,Histórica,Película,Sí
828,Los ladrones van a la oficina,Serie,Serie,Muy alta,Media,Actual,Serie,Sí
829,Manos a la obra,Serie,Serie,Muy alta,Media,Actual,Serie,Sí
830,Camera Café,Serie,Serie,Muy alta,Media,Actual,Serie,Sí
831,Hospital Central,Serie,Serie,Muy alta,Media,Actual,Serie,Sí
832,"Policías, en el corazón de la calle",Serie,Serie,Muy alta,Media,Actual,Serie,Sí
833,El príncipe,Serie,Serie,Muy alta,Media,Actual,Serie,Sí
834,Rapa,Serie,Serie,Muy alta,Media,Actual,Serie,Sí
835,24,Serie,Serie,Muy alta,Media,Actual,Serie,Sí
836,The Wire,Serie,Serie,Muy alta,Media,Actual,Serie,Sí
837,Mindhunter,Serie,Serie,Muy alta,Media,Actual,Serie,Sí
838,The Umbrella Academy,Serie,Serie,Muy alta,Media,Actual,Serie,Sí
839,Urgencias,Serie,Serie,Muy alta,Media,Actual,Serie,Sí
840,CSI,Serie,Serie,Muy alta,Media,Actual,Serie,Sí
841,NCIS,Serie,Serie,Muy alta,Media,Actual,Serie,Sí
842,"Buffy, cazavampiros",Serie,Serie,Muy alta,Media,Actual,Serie,Sí
843,Embrujadas,Serie,Serie,Muy alta,Media,Actual,Serie,Sí
844,Twin Peaks,Serie,Serie,Muy alta,Media,Actual,Serie,Sí
845,Ally McBeal,Serie,Serie,Muy alta,Media,Actual,Serie,Sí
846,Salvados por la campana,Serie,Serie,Muy alta,Media,Actual,Serie,Sí
847,Cosas de casa,Serie,Serie,Muy alta,Media,Actual,Serie,Sí
848,El coche fantástico,Serie,Serie,Muy alta,Media,Clásica,Serie,Sí
849,Xena: la princesa guerrera,Serie,Serie,Muy alta,Media,Clásica,Serie,Sí
850,Hércules: sus viajes legendarios,Serie,Serie,Muy alta,Media,Clásica,Serie,Sí
851,V,Serie,Serie,Muy alta,Media,Clásica,Serie,Sí
852,Stargate SG-1,Serie,Serie,Muy alta,Media,Actual,Serie,Sí
853,Smallville,Serie,Serie,Muy alta,Media,Clásica,Serie,Sí
854,Héroes,Serie,Serie,Muy alta,Media,Clásica,Serie,Sí
855,Ted Lasso,Serie,Serie,Muy alta,Media,Actual,Serie,Sí
856,Chernobyl,Serie,Serie,Muy alta,Media,Actual,Serie,Sí
857,Spartacus,Serie,Serie,Muy alta,Media,Clásica,Serie,Sí
858,Boardwalk Empire,Serie,Serie,Muy alta,Media,Clásica,Serie,Sí
859,The Handmaid's Tale,Serie,Serie,Muy alta,Media,Actual,Serie,Sí
860,Mr. Robot,Serie,Serie,Muy alta,Media,Actual,Serie,Sí
861,Westworld,Serie,Serie,Muy alta,Media,Actual,Serie,Sí
862,House of the Dragon,Serie,Serie,Muy alta,Media,Actual,Serie,Sí
863,Lupin,Serie,Serie,Muy alta,Media,Actual,Serie,Sí
864,La asistenta,Serie,Serie,Muy alta,Media,Actual,Serie,Sí
865,The White Lotus,Serie,Serie,Muy alta,Media,Actual,Serie,Sí
866,The Good Place,Serie,Serie,Muy alta,Media,Actual,Serie,Sí
867,Community,Serie,Serie,Muy alta,Media,Actual,Serie,Sí
868,Manolo García,Música,Cantante,Muy alta,Fácil,Actual,Persona,Sí
869,Ana Mena,Música,Cantante,Muy alta,Fácil,Actual,Persona,Sí
870,John Lennon,Música,Cantante,Muy alta,Fácil,Histórica,Persona,Sí
871,Paul McCartney,Música,Cantante,Muy alta,Fácil,Actual,Persona,Sí
872,Rihanna,Música,Cantante,Muy alta,Fácil,Actual,Persona,Sí
873,Katy Perry,Música,Cantante,Muy alta,Fácil,Actual,Persona,Sí
874,Stevie Wonder,Música,Cantante,Muy alta,Fácil,Actual,Persona,Sí
875,Ray Charles,Música,Cantante,Muy alta,Fácil,Actual,Persona,Sí
876,Jim Morrison,Música,Cantante,Muy alta,Fácil,Actual,Persona,Sí
877,Kurt Cobain,Música,Cantante,Muy alta,Fácil,Actual,Persona,Sí
878,Enya,Música,Cantante,Muy alta,Fácil,Actual,Persona,Sí
879,Chayanne,Música,Cantante,Muy alta,Fácil,Actual,Persona,Sí
880,Luis Fonsi,Música,Cantante,Muy alta,Fácil,Actual,Persona,Sí
881,Carlos Vives,Música,Cantante,Muy alta,Fácil,Actual,Persona,Sí
882,Maluma,Música,Cantante,Muy alta,Fácil,Actual,Persona,Sí
883,Don Omar,Música,Cantante,Muy alta,Fácil,Actual,Persona,Sí
884,Morad,Música,Cantante,Muy alta,Fácil,Actual,Persona,Sí
885,Dani Martín,Música,Cantante,Muy alta,Fácil,Actual,Persona,Sí
886,Antonio Orozco,Música,Cantante,Muy alta,Fácil,Actual,Persona,Sí
887,Marta Sánchez,Música,Cantante,Muy alta,Fácil,Actual,Persona,Sí
888,Chenoa,Música,Cantante,Muy alta,Fácil,Actual,Persona,Sí
889,David Bustamante,Música,Cantante,Muy alta,Fácil,Actual,Persona,Sí
890,Rosa López,Música,Cantante,Muy alta,Fácil,Actual,Persona,Sí
891,Sergio Dalma,Música,Cantante,Muy alta,Fácil,Actual,Persona,Sí
892,José Luis Perales,Música,Cantante,Muy alta,Fácil,Actual,Persona,Sí
893,Ana Belén,Música,Cantante,Muy alta,Fácil,Actual,Persona,Sí
894,Víctor Manuel,Música,Cantante,Muy alta,Fácil,Actual,Persona,Sí
895,Luz Casal,Música,Cantante,Muy alta,Fácil,Actual,Persona,Sí
896,Miguel Bosé,Música,Cantante,Muy alta,Fácil,Actual,Persona,Sí
897,Dani Fernández,Música,Cantante,Muy alta,Fácil,Actual,Persona,Sí
898,Álex Ubago,Música,Cantante,Muy alta,Fácil,Actual,Persona,Sí
899,Sam Smith,Música,Cantante,Muy alta,Fácil,Actual,Persona,Sí
900,Harry Styles,Música,Cantante,Muy alta,Fácil,Actual,Persona,Sí
901,Selena Gomez,Música,Cantante,Muy alta,Fácil,Actual,Persona,Sí
902,Sia,Música,Cantante,Muy alta,Fácil,Actual,Persona,Sí
903,Pink,Música,Cantante,Muy alta,Fácil,Actual,Persona,Sí
904,Jennifer Hudson,Música,Cantante,Muy alta,Fácil,Actual,Persona,Sí
905,Usher,Música,Cantante,Muy alta,Fácil,Actual,Persona,Sí
906,Alicia Keys,Música,Cantante,Muy alta,Fácil,Actual,Persona,Sí
907,Maroon 5,Música,Cantante,Muy alta,Fácil,Actual,Persona,Sí
908,Jason Derulo,Música,Cantante,Muy alta,Fácil,Actual,Persona,Sí
909,Will Smith,Música,Cantante,Muy alta,Fácil,Actual,Persona,Sí
910,Snoop Dogg,Música,Cantante,Muy alta,Fácil,Actual,Persona,Sí
911,Eminem,Música,Cantante,Muy alta,Fácil,Actual,Persona,Sí
912,50 Cent,Música,Cantante,Muy alta,Fácil,Actual,Persona,Sí
913,Dr. Dre,Música,Cantante,Muy alta,Fácil,Actual,Persona,Sí
914,Kendrick Lamar,Música,Cantante,Muy alta,Fácil,Actual,Persona,Sí
915,Tupac,Música,Cantante,Muy alta,Fácil,Actual,Persona,Sí
916,Notorious B.I.G.,Música,Cantante,Muy alta,Fácil,Actual,Persona,Sí
917,El Último de la Fila,Grupo musical,Grupo,Muy alta,Difícil,Histórica,Grupo,Sí
918,Celtas Cortos,Grupo musical,Grupo,Muy alta,Difícil,Histórica,Grupo,Sí
919,Extremoduro,Grupo musical,Grupo,Muy alta,Difícil,Histórica,Grupo,Sí
920,Fito & Fitipaldis,Grupo musical,Grupo,Muy alta,Difícil,Histórica,Grupo,Sí
921,Vetusta Morla,Grupo musical,Grupo,Muy alta,Difícil,Histórica,Grupo,Sí
922,Amaral,Grupo musical,Grupo,Muy alta,Difícil,Histórica,Grupo,Sí
923,Pereza,Grupo musical,Grupo,Muy alta,Difícil,Histórica,Grupo,Sí
924,Jarabe de Palo,Grupo musical,Grupo,Muy alta,Difícil,Histórica,Grupo,Sí
925,Ska-P,Grupo musical,Grupo,Muy alta,Difícil,Histórica,Grupo,Sí
926,The Cure,Grupo musical,Grupo,Muy alta,Difícil,Histórica,Grupo,Sí
927,One Direction,Grupo musical,Grupo,Muy alta,Difícil,Histórica,Grupo,Sí
928,Black Eyed Peas,Grupo musical,Grupo,Muy alta,Difícil,Histórica,Grupo,Sí
929,Muse,Grupo musical,Grupo,Muy alta,Difícil,Histórica,Grupo,Sí
930,Arctic Monkeys,Grupo musical,Grupo,Muy alta,Difícil,Histórica,Grupo,Sí
931,Daft Punk,Grupo musical,Grupo,Muy alta,Difícil,Histórica,Grupo,Sí
932,Blur,Grupo musical,Grupo,Muy alta,Difícil,Histórica,Grupo,Sí
933,The Doors,Grupo musical,Grupo,Muy alta,Difícil,Histórica,Grupo,Sí
934,The Who,Grupo musical,Grupo,Muy alta,Difícil,Histórica,Grupo,Sí
935,Kiss,Grupo musical,Grupo,Muy alta,Difícil,Histórica,Grupo,Sí
936,Iron Maiden,Grupo musical,Grupo,Muy alta,Difícil,Histórica,Grupo,Sí
937,Deep Purple,Grupo musical,Grupo,Muy alta,Difícil,Histórica,Grupo,Sí
938,Fleetwood Mac,Grupo musical,Grupo,Muy alta,Difícil,Histórica,Grupo,Sí
939,Bee Gees,Grupo musical,Grupo,Muy alta,Difícil,Histórica,Grupo,Sí
940,Simon & Garfunkel,Grupo musical,Grupo,Muy alta,Difícil,Histórica,Grupo,Sí
941,Simply Red,Grupo musical,Grupo,Muy alta,Difícil,Histórica,Grupo,Sí
942,Pet Shop Boys,Grupo musical,Grupo,Muy alta,Difícil,Histórica,Grupo,Sí
943,Jamiroquai,Grupo musical,Grupo,Muy alta,Difícil,Histórica,Grupo,Sí
944,Manic Street Preachers,Grupo musical,Grupo,Muy alta,Difícil,Histórica,Grupo,Sí
945,Dover,Grupo musical,Grupo,Muy alta,Difícil,Histórica,Grupo,Sí
946,La Quinta Estación,Grupo musical,Grupo,Muy alta,Difícil,Histórica,Grupo,Sí
947,La Unión,Grupo musical,Grupo,Muy alta,Difícil,Histórica,Grupo,Sí
948,Presuntos Implicados,Grupo musical,Grupo,Muy alta,Difícil,Histórica,Grupo,Sí
949,Seguridad Social,Grupo musical,Grupo,Muy alta,Difícil,Histórica,Grupo,Sí
950,M-Clan,Grupo musical,Grupo,Muy alta,Difícil,Histórica,Grupo,Sí
951,Nacha Pop,Grupo musical,Grupo,Muy alta,Difícil,Histórica,Grupo,Sí
952,Duncan Dhu,Grupo musical,Grupo,Muy alta,Difícil,Histórica,Grupo,Sí
953,Héroes del Silencio,Grupo musical,Grupo,Muy alta,Difícil,Histórica,Grupo,Sí
954,Siniestro Total,Grupo musical,Grupo,Muy alta,Difícil,Histórica,Grupo,Sí
955,Novak Djokovic,Deportes,Deportista,Muy alta,Fácil,Actual,Persona,Sí
956,Roger Federer,Deportes,Deportista,Muy alta,Fácil,Actual,Persona,Sí
957,Carlos Alcaraz,Deportes,Deportista,Muy alta,Fácil,Actual,Persona,Sí
958,Fernando Hierro,Deportes,Deportista,Muy alta,Fácil,Actual,Persona,Sí
959,Gavi,Deportes,Deportista,Muy alta,Fácil,Actual,Persona,Sí
960,Lamine Yamal,Deportes,Deportista,Muy alta,Fácil,Actual,Persona,Sí
961,Luis Enrique,Deportes,Deportista,Muy alta,Fácil,Actual,Persona,Sí
962,Thibaut Courtois,Deportes,Deportista,Muy alta,Fácil,Actual,Persona,Sí
963,Toni Kroos,Deportes,Deportista,Muy alta,Fácil,Actual,Persona,Sí
964,Mohamed Salah,Deportes,Deportista,Muy alta,Fácil,Actual,Persona,Sí
965,Robert Lewandowski,Deportes,Deportista,Muy alta,Fácil,Actual,Persona,Sí
966,Harry Kane,Deportes,Deportista,Muy alta,Fácil,Actual,Persona,Sí
967,Kevin De Bruyne,Deportes,Deportista,Muy alta,Fácil,Actual,Persona,Sí
968,Jude Bellingham,Deportes,Deportista,Muy alta,Fácil,Actual,Persona,Sí
969,Antoine Griezmann,Deportes,Deportista,Muy alta,Fácil,Actual,Persona,Sí
970,Thierry Henry,Deportes,Deportista,Muy alta,Fácil,Actual,Persona,Sí
971,Ronaldo Nazário,Deportes,Deportista,Muy alta,Fácil,Actual,Persona,Sí
972,Gianluigi Buffon,Deportes,Deportista,Muy alta,Fácil,Actual,Persona,Sí
973,Oliver Kahn,Deportes,Deportista,Muy alta,Fácil,Actual,Persona,Sí
974,Mia Hamm,Deportes,Deportista,Muy alta,Fácil,Actual,Persona,Sí
975,Alexia Putellas,Deportes,Deportista,Muy alta,Fácil,Actual,Persona,Sí
976,Aitana Bonmatí,Deportes,Deportista,Muy alta,Fácil,Actual,Persona,Sí
977,Pedro Delgado,Deportes,Deportista,Muy alta,Fácil,Actual,Persona,Sí
978,Carlos Sainz padre,Deportes,Deportista,Muy alta,Fácil,Actual,Persona,Sí
979,Pau Gasol,Deportes,Deportista,Muy alta,Fácil,Actual,Persona,Sí
980,Ricky Rubio,Deportes,Deportista,Muy alta,Fácil,Actual,Persona,Sí
981,Amaya Valdemoro,Deportes,Deportista,Muy alta,Fácil,Actual,Persona,Sí
982,Fernando Martín,Deportes,Deportista,Muy alta,Fácil,Actual,Persona,Sí
983,Ayrton Senna,Deportes,Deportista,Muy alta,Fácil,Actual,Persona,Sí
984,Max Verstappen,Deportes,Deportista,Muy alta,Fácil,Actual,Persona,Sí
985,Valentino Rossi,Deportes,Deportista,Muy alta,Fácil,Actual,Persona,Sí
986,LeBron James,Deportes,Deportista,Muy alta,Fácil,Actual,Persona,Sí
987,Kobe Bryant,Deportes,Deportista,Muy alta,Fácil,Actual,Persona,Sí
988,Magic Johnson,Deportes,Deportista,Muy alta,Fácil,Actual,Persona,Sí
989,Ronnie O'Sullivan,Deportes,Deportista,Muy alta,Fácil,Actual,Persona,Sí
990,Michael Johnson,Deportes,Deportista,Muy alta,Fácil,Actual,Persona,Sí
991,Carl Lewis,Deportes,Deportista,Muy alta,Fácil,Actual,Persona,Sí
992,Yelena Isinbayeva,Deportes,Deportista,Muy alta,Fácil,Actual,Persona,Sí
993,Marc Gasol,Deportes,Deportista,Muy alta,Fácil,Actual,Persona,Sí
994,Rafael Martín Vázquez,Deportes,Deportista,Muy alta,Fácil,Actual,Persona,Sí
995,Butragueño,Deportes,Deportista,Muy alta,Fácil,Actual,Persona,Sí
996,Hugo Sánchez,Deportes,Deportista,Muy alta,Fácil,Actual,Persona,Sí
997,Cesc Fàbregas,Deportes,Deportista,Muy alta,Fácil,Actual,Persona,Sí
998,Ryan Giggs,Deportes,Deportista,Muy alta,Fácil,Actual,Persona,Sí
999,Steven Gerrard,Deportes,Deportista,Muy alta,Fácil,Actual,Persona,Sí
1000,Frank Lampard,Deportes,Deportista,Muy alta,Fácil,Actual,Persona,Sí
1001,Andrea Pirlo,Deportes,Deportista,Muy alta,Fácil,Actual,Persona,Sí
1002,Francesco Totti,Deportes,Deportista,Muy alta,Fácil,Actual,Persona,Sí
1003,Gianluigi Donnarumma,Deportes,Deportista,Muy alta,Fácil,Actual,Persona,Sí
1004,Iker Muniain,Deportes,Deportista,Muy alta,Fácil,Actual,Persona,Sí
1005,Isco,Deportes,Deportista,Muy alta,Fácil,Actual,Persona,Sí
1006,Jesús Navas,Deportes,Deportista,Muy alta,Fácil,Actual,Persona,Sí
1007,Álvaro Morata,Deportes,Deportista,Muy alta,Fácil,Actual,Persona,Sí
1008,Dani Carvajal,Deportes,Deportista,Muy alta,Fácil,Actual,Persona,Sí
1009,Rembrandt,Arte y literatura,Arte y literatura,Muy alta,Fácil,Histórica,Persona,Sí
1010,Claude Monet,Arte y literatura,Arte y literatura,Muy alta,Fácil,Histórica,Persona,Sí
1011,Édouard Manet,Arte y literatura,Arte y literatura,Muy alta,Fácil,Histórica,Persona,Sí
1012,Paul Cézanne,Arte y literatura,Arte y literatura,Muy alta,Fácil,Histórica,Persona,Sí
1013,Georges Seurat,Arte y literatura,Arte y literatura,Muy alta,Fácil,Histórica,Persona,Sí
1014,Henri Matisse,Arte y literatura,Arte y literatura,Muy alta,Fácil,Histórica,Persona,Sí
1015,Gustav Klimt,Arte y literatura,Arte y literatura,Muy alta,Fácil,Histórica,Persona,Sí
1016,Edvard Munch,Arte y literatura,Arte y literatura,Muy alta,Fácil,Histórica,Persona,Sí
1017,Jackson Pollock,Arte y literatura,Arte y literatura,Muy alta,Fácil,Histórica,Persona,Sí
1018,Roy Lichtenstein,Arte y literatura,Arte y literatura,Muy alta,Fácil,Histórica,Persona,Sí
1019,Antoni Gaudí,Arte y literatura,Arte y literatura,Muy alta,Fácil,Histórica,Persona,Sí
1020,Le Corbusier,Arte y literatura,Arte y literatura,Muy alta,Fácil,Histórica,Persona,Sí
1021,Caravaggio,Arte y literatura,Arte y literatura,Muy alta,Fácil,Histórica,Persona,Sí
1022,Botticelli,Arte y literatura,Arte y literatura,Muy alta,Fácil,Histórica,Persona,Sí
1023,Vermeer,Arte y literatura,Arte y literatura,Muy alta,Fácil,Histórica,Persona,Sí
1024,La maja desnuda,Arte y literatura,Arte y literatura,Muy alta,Difícil,Histórica,Obra,Sí
1025,La noche estrellada,Arte y literatura,Arte y literatura,Muy alta,Difícil,Histórica,Obra,Sí
1026,Los girasoles,Arte y literatura,Arte y literatura,Muy alta,Fácil,Histórica,Persona,Sí
1027,David de Miguel Ángel,Arte y literatura,Arte y literatura,Muy alta,Fácil,Histórica,Persona,Sí
1028,La creación de Adán,Arte y literatura,Arte y literatura,Muy alta,Difícil,Histórica,Obra,Sí
1029,Victor Hugo,Arte y literatura,Arte y literatura,Muy alta,Fácil,Histórica,Persona,Sí
1030,Edgar Allan Poe,Arte y literatura,Arte y literatura,Muy alta,Fácil,Histórica,Persona,Sí
1031,Dante Alighieri,Arte y literatura,Arte y literatura,Muy alta,Fácil,Histórica,Persona,Sí
1032,Jane Austen,Arte y literatura,Arte y literatura,Muy alta,Fácil,Histórica,Persona,Sí
1033,George Orwell,Arte y literatura,Arte y literatura,Muy alta,Fácil,Histórica,Persona,Sí
1034,Ernest Hemingway,Arte y literatura,Arte y literatura,Muy alta,Fácil,Histórica,Persona,Sí
1035,Virginia Woolf,Arte y literatura,Arte y literatura,Muy alta,Fácil,Histórica,Persona,Sí
1036,Herman Melville,Arte y literatura,Arte y literatura,Muy alta,Fácil,Histórica,Persona,Sí
1037,Ken Follett,Arte y literatura,Arte y literatura,Muy alta,Fácil,Histórica,Persona,Sí
1038,Umberto Eco,Arte y literatura,Arte y literatura,Muy alta,Fácil,Histórica,Persona,Sí
1039,Isabel Allende,Arte y literatura,Arte y literatura,Muy alta,Fácil,Histórica,Persona,Sí
1040,Arturo Pérez-Reverte,Arte y literatura,Arte y literatura,Muy alta,Fácil,Histórica,Persona,Sí
1041,Carlos Ruiz Zafón,Arte y literatura,Arte y literatura,Muy alta,Fácil,Histórica,Persona,Sí
1042,Antonio Machado,Arte y literatura,Arte y literatura,Muy alta,Fácil,Histórica,Persona,Sí
1043,Gustavo Adolfo Bécquer,Arte y literatura,Arte y literatura,Muy alta,Fácil,Histórica,Persona,Sí
1044,Benito Pérez Galdós,Arte y literatura,Arte y literatura,Muy alta,Fácil,Histórica,Persona,Sí
1045,Emilia Pardo Bazán,Arte y literatura,Arte y literatura,Muy alta,Fácil,Histórica,Persona,Sí
1046,Rosalía de Castro,Arte y literatura,Arte y literatura,Muy alta,Fácil,Actual,Persona,Sí
1047,Calderón de la Barca,Arte y literatura,Arte y literatura,Muy alta,Fácil,Histórica,Persona,Sí
1048,El Lazarillo de Tormes,Arte y literatura,Arte y literatura,Muy alta,Difícil,Histórica,Obra,Sí
1049,La Celestina,Arte y literatura,Arte y literatura,Muy alta,Fácil,Histórica,Persona,Sí
1050,La Ilíada,Arte y literatura,Arte y literatura,Muy alta,Fácil,Histórica,Persona,Sí
1051,La isla del tesoro,Arte y literatura,Arte y literatura,Muy alta,Difícil,Histórica,Obra,Sí
1052,Los tres mosqueteros,Arte y literatura,Arte y literatura,Muy alta,Difícil,Histórica,Obra,Sí
1053,El nombre de la rosa,Arte y literatura,Arte y literatura,Muy alta,Difícil,Histórica,Obra,Sí
1054,La sombra del viento,Arte y literatura,Arte y literatura,Muy alta,Difícil,Histórica,Obra,Sí
1055,Don Juan Tenorio,Arte y literatura,Arte y literatura,Muy alta,Fácil,Histórica,Persona,Sí
1056,Fuenteovejuna,Arte y literatura,Arte y literatura,Muy alta,Fácil,Histórica,Persona,Sí
1057,Platero y yo,Arte y literatura,Arte y literatura,Muy alta,Fácil,Histórica,Persona,Sí
1058,Campos de Castilla,Arte y literatura,Arte y literatura,Muy alta,Fácil,Histórica,Persona,Sí
1059,Fortunata y Jacinta,Arte y literatura,Arte y literatura,Muy alta,Fácil,Histórica,Persona,Sí
1060,La Regenta,Arte y literatura,Arte y literatura,Muy alta,Fácil,Histórica,Persona,Sí
1061,Nada,Arte y literatura,Arte y literatura,Muy alta,Fácil,Histórica,Persona,Sí
1062,El camino,Arte y literatura,Arte y literatura,Muy alta,Fácil,Histórica,Persona,Sí
1063,La casa de los espíritus,Arte y literatura,Arte y literatura,Muy alta,Difícil,Histórica,Obra,Sí
1064,Colón,Historia,Historia,Muy alta,Media,Histórica,Persona,Sí
1065,Gengis Kan,Historia,Historia,Muy alta,Media,Histórica,Persona,Sí
1066,Isabel la Católica,Historia,Historia,Muy alta,Media,Histórica,Persona,Sí
1067,Felipe II,Historia,Historia,Muy alta,Media,Histórica,Persona,Sí
1068,Simón Bolívar,Historia,Historia,Muy alta,Media,Histórica,Persona,Sí
1069,José de San Martín,Historia,Historia,Muy alta,Media,Histórica,Persona,Sí
1070,Emiliano Zapata,Historia,Historia,Muy alta,Media,Histórica,Persona,Sí
1071,Pancho Villa,Historia,Historia,Muy alta,Media,Histórica,Persona,Sí
1072,Che Guevara,Historia,Historia,Muy alta,Media,Histórica,Persona,Sí
1073,Fidel Castro,Historia,Historia,Muy alta,Media,Histórica,Persona,Sí
1074,Mao Zedong,Historia,Historia,Muy alta,Media,Histórica,Persona,Sí
1075,Nerón,Historia,Historia,Muy alta,Media,Histórica,Persona,Sí
1076,Calígula,Historia,Historia,Muy alta,Media,Histórica,Persona,Sí
1077,Ramsés II,Historia,Historia,Muy alta,Media,Histórica,Persona,Sí
1078,Hatshepsut,Historia,Historia,Muy alta,Media,Histórica,Persona,Sí
1079,Moisés,Historia,Historia,Muy alta,Media,Histórica,Persona,Sí
1080,Confucio,Historia,Historia,Muy alta,Media,Histórica,Persona,Sí
1081,Sócrates,Historia,Historia,Muy alta,Media,Histórica,Persona,Sí
1082,Platón,Historia,Historia,Muy alta,Media,Histórica,Persona,Sí
1083,Nicolás Copérnico,Historia,Historia,Muy alta,Media,Histórica,Persona,Sí
1084,Johannes Kepler,Historia,Historia,Muy alta,Media,Histórica,Persona,Sí
1085,Alexander Graham Bell,Historia,Historia,Muy alta,Media,Histórica,Persona,Sí
1086,Louis Pasteur,Historia,Historia,Muy alta,Media,Histórica,Persona,Sí
1087,Sigmund Freud,Historia,Historia,Muy alta,Media,Histórica,Persona,Sí
1088,Vasco da Gama,Historia,Historia,Muy alta,Media,Histórica,Persona,Sí
1089,Fernando de Magallanes,Historia,Historia,Muy alta,Media,Histórica,Persona,Sí
1090,Hernán Cortés,Historia,Historia,Muy alta,Media,Histórica,Persona,Sí
1091,Francisco Pizarro,Historia,Historia,Muy alta,Media,Histórica,Persona,Sí
1092,Rey Arturo,Historia,Historia,Muy alta,Media,Histórica,Persona,Sí
1093,Ricardo Corazón de León,Historia,Historia,Muy alta,Media,Histórica,Persona,Sí
1094,Luis XIV,Historia,Historia,Muy alta,Media,Histórica,Persona,Sí
1095,María Antonieta,Historia,Historia,Muy alta,Media,Histórica,Persona,Sí
1096,Catalina la Grande,Historia,Historia,Muy alta,Media,Histórica,Persona,Sí
1097,Pedro el Grande,Historia,Historia,Muy alta,Media,Histórica,Persona,Sí
1098,Mata Hari,Historia,Historia,Muy alta,Media,Histórica,Persona,Sí
1099,Rasputín,Historia,Historia,Muy alta,Media,Histórica,Persona,Sí
1100,Marie Antoinette,Historia,Historia,Muy alta,Media,Histórica,Persona,Sí
1101,Ana Bolena,Historia,Historia,Muy alta,Media,Histórica,Persona,Sí
1102,Enrique VIII,Historia,Historia,Muy alta,Media,Histórica,Persona,Sí
1103,Juana la Loca,Historia,Historia,Muy alta,Media,Histórica,Persona,Sí
1104,Carlos V,Historia,Historia,Muy alta,Media,Histórica,Persona,Sí
1105,Alfonso X el Sabio,Historia,Historia,Muy alta,Media,Histórica,Persona,Sí
1106,Don Pelayo,Historia,Historia,Muy alta,Media,Histórica,Persona,Sí
1107,El Cid,Historia,Historia,Muy alta,Media,Histórica,Persona,Sí
1108,Blas de Lezo,Historia,Historia,Muy alta,Media,Histórica,Persona,Sí
1109,Agustina de Aragón,Historia,Historia,Muy alta,Media,Histórica,Persona,Sí
1110,Manuel Belgrano,Historia,Historia,Muy alta,Media,Histórica,Persona,Sí
1111,Eva Perón,Historia,Historia,Muy alta,Media,Histórica,Persona,Sí
1112,Rosa Parks,Historia,Historia,Muy alta,Media,Histórica,Persona,Sí
1113,Valentina Tereshkova,Historia,Historia,Muy alta,Media,Histórica,Persona,Sí
1114,Yuri Gagarin,Historia,Historia,Muy alta,Media,Histórica,Persona,Sí
1115,Neil Armstrong,Historia,Historia,Muy alta,Media,Histórica,Persona,Sí
1116,Buzz Aldrin,Historia,Historia,Muy alta,Media,Histórica,Persona,Sí
1117,Pirámides de Egipto,Lugares,Lugar,Muy alta,Fácil,Histórica,Lugar,Sí
1118,Alhambra,Lugares,Lugar,Muy alta,Fácil,Histórica,Lugar,Sí
1119,Acueducto de Segovia,Lugares,Lugar,Muy alta,Fácil,Histórica,Lugar,Sí
1120,Puerta de Alcalá,Lugares,Lugar,Muy alta,Fácil,Histórica,Lugar,Sí
1121,Museo del Prado,Lugares,Lugar,Muy alta,Fácil,Histórica,Lugar,Sí
1122,Canarias,Lugares,Lugar,Muy alta,Fácil,Histórica,Lugar,Sí
1123,Berlín,Lugares,Lugar,Muy alta,Fácil,Histórica,Lugar,Sí
1124,Atenas,Lugares,Lugar,Muy alta,Fácil,Histórica,Lugar,Sí
1125,El Cairo,Lugares,Lugar,Muy alta,Fácil,Histórica,Lugar,Sí
1126,Nueva Orleans,Lugares,Lugar,Muy alta,Fácil,Histórica,Lugar,Sí
1127,Los Ángeles,Lugares,Lugar,Muy alta,Fácil,Histórica,Lugar,Sí
1128,San Francisco,Lugares,Lugar,Muy alta,Fácil,Histórica,Lugar,Sí
1129,Río de Janeiro,Lugares,Lugar,Muy alta,Fácil,Histórica,Lugar,Sí
1130,Buenos Aires,Lugares,Lugar,Muy alta,Fácil,Histórica,Lugar,Sí
1131,Ciudad de México,Lugares,Lugar,Muy alta,Fácil,Histórica,Lugar,Sí
1132,La Habana,Lugares,Lugar,Muy alta,Fácil,Histórica,Lugar,Sí
1133,Sahara,Lugares,Lugar,Muy alta,Fácil,Histórica,Lugar,Sí
1134,Antártida,Lugares,Lugar,Muy alta,Fácil,Histórica,Lugar,Sí
1135,Gran Cañón,Lugares,Lugar,Muy alta,Fácil,Histórica,Lugar,Sí
1136,Cataratas del Niágara,Lugares,Lugar,Muy alta,Fácil,Histórica,Lugar,Sí
1137,Cataratas de Iguazú,Lugares,Lugar,Muy alta,Fácil,Histórica,Lugar,Sí
1138,Stonehenge,Lugares,Lugar,Muy alta,Fácil,Histórica,Lugar,Sí
1139,Muro de Berlín,Lugares,Lugar,Muy alta,Fácil,Histórica,Lugar,Sí
1140,Times Square,Lugares,Lugar,Muy alta,Fácil,Histórica,Lugar,Sí
1141,Central Park,Lugares,Lugar,Muy alta,Fácil,Histórica,Lugar,Sí
1142,Puente de Brooklyn,Lugares,Lugar,Muy alta,Fácil,Histórica,Lugar,Sí
1143,Camp Nou,Lugares,Lugar,Muy alta,Fácil,Histórica,Lugar,Sí
1144,Santiago Bernabéu,Lugares,Lugar,Muy alta,Fácil,Histórica,Lugar,Sí
1145,Wembley,Lugares,Lugar,Muy alta,Fácil,Histórica,Lugar,Sí
1146,Puerta del Sol,Lugares,Lugar,Muy alta,Fácil,Histórica,Lugar,Sí
1147,Plaza Mayor de Madrid,Lugares,Lugar,Muy alta,Fácil,Histórica,Lugar,Sí
1148,Plaza de España,Lugares,Lugar,Muy alta,Fácil,Histórica,Lugar,Sí
1149,Mezquita de Córdoba,Lugares,Lugar,Muy alta,Fácil,Histórica,Lugar,Sí
1150,Catedral de Santiago,Lugares,Lugar,Muy alta,Fácil,Histórica,Lugar,Sí
1151,Catedral de Burgos,Lugares,Lugar,Muy alta,Fácil,Histórica,Lugar,Sí
1152,Guggenheim de Bilbao,Lugares,Lugar,Muy alta,Fácil,Histórica,Lugar,Sí
1153,Teide,Lugares,Lugar,Muy alta,Fácil,Histórica,Lugar,Sí
1154,Costa Brava,Lugares,Lugar,Muy alta,Fácil,Histórica,Lugar,Sí
1155,Costa del Sol,Lugares,Lugar,Muy alta,Fácil,Histórica,Lugar,Sí
1156,Formentera,Lugares,Lugar,Muy alta,Fácil,Histórica,Lugar,Sí
1157,Menorca,Lugares,Lugar,Muy alta,Fácil,Histórica,Lugar,Sí
1158,Picos de Europa,Lugares,Lugar,Muy alta,Fácil,Histórica,Lugar,Sí
1159,Cabo de Finisterre,Lugares,Lugar,Muy alta,Fácil,Histórica,Lugar,Sí
1160,Algarve,Lugares,Lugar,Muy alta,Fácil,Histórica,Lugar,Sí
1161,Lago Ness,Lugares,Lugar,Muy alta,Fácil,Histórica,Lugar,Sí
1162,Fiordos noruegos,Lugares,Lugar,Muy alta,Fácil,Histórica,Lugar,Sí
1163,Monte Fuji,Lugares,Lugar,Muy alta,Fácil,Histórica,Lugar,Sí
1164,Pekín,Lugares,Lugar,Muy alta,Fácil,Histórica,Lugar,Sí
1165,Shanghái,Lugares,Lugar,Muy alta,Fácil,Histórica,Lugar,Sí
1166,Seúl,Lugares,Lugar,Muy alta,Fácil,Histórica,Lugar,Sí
1167,Bangkok,Lugares,Lugar,Muy alta,Fácil,Histórica,Lugar,Sí
1168,Singapur,Lugares,Lugar,Muy alta,Fácil,Histórica,Lugar,Sí
1169,Sídney,Lugares,Lugar,Muy alta,Fácil,Histórica,Lugar,Sí
1170,Auckland,Lugares,Lugar,Muy alta,Fácil,Histórica,Lugar,Sí
1171,Ciudad del Cabo,Lugares,Lugar,Muy alta,Fácil,Histórica,Lugar,Sí
1172,Dubái,Lugares,Lugar,Muy alta,Fácil,Histórica,Lugar,Sí
1173,Estambul,Lugares,Lugar,Muy alta,Fácil,Histórica,Lugar,Sí
1174,Praga,Lugares,Lugar,Muy alta,Fácil,Histórica,Lugar,Sí
1175,Viena,Lugares,Lugar,Muy alta,Fácil,Histórica,Lugar,Sí
1176,Ámsterdam,Lugares,Lugar,Muy alta,Fácil,Histórica,Lugar,Sí
1177,Bruselas,Lugares,Lugar,Muy alta,Fácil,Histórica,Lugar,Sí
1178,Lisboa,Lugares,Lugar,Muy alta,Fácil,Histórica,Lugar,Sí
1179,Dublín,Lugares,Lugar,Muy alta,Fácil,Histórica,Lugar,Sí
1180,Edimburgo,Lugares,Lugar,Muy alta,Fácil,Histórica,Lugar,Sí
1181,Mónaco,Lugares,Lugar,Muy alta,Fácil,Histórica,Lugar,Sí
1182,Córcega,Lugares,Lugar,Muy alta,Fácil,Histórica,Lugar,Sí
1183,Malta,Lugares,Lugar,Muy alta,Fácil,Histórica,Lugar,Sí
1184,Sicilia,Lugares,Lugar,Muy alta,Fácil,Histórica,Lugar,Sí
1185,Capri,Lugares,Lugar,Muy alta,Fácil,Histórica,Lugar,Sí
1186,Santorini,Lugares,Lugar,Muy alta,Fácil,Histórica,Lugar,Sí
1187,Mykonos,Lugares,Lugar,Muy alta,Fácil,Histórica,Lugar,Sí
1188,Spotify,Marcas,Marca,Muy alta,Fácil,Actual,Marca,Sí
1189,Microsoft,Marcas,Marca,Muy alta,Fácil,Actual,Marca,Sí
1190,Porsche,Marcas,Marca,Muy alta,Fácil,Actual,Marca,Sí
1191,Peugeot,Marcas,Marca,Muy alta,Fácil,Actual,Marca,Sí
1192,Citroën,Marcas,Marca,Muy alta,Fácil,Actual,Marca,Sí
1193,Ford,Marcas,Marca,Muy alta,Fácil,Actual,Marca,Sí
1194,Cruzcampo,Marcas,Marca,Muy alta,Fácil,Actual,Marca,Sí
1195,Mahou,Marcas,Marca,Muy alta,Fácil,Actual,Marca,Sí
1196,Estrella Galicia,Marcas,Marca,Muy alta,Fácil,Actual,Marca,Sí
1197,Danone,Marcas,Marca,Muy alta,Fácil,Actual,Marca,Sí
1198,KitKat,Marcas,Marca,Muy alta,Fácil,Actual,Marca,Sí
1199,Kleenex,Marcas,Marca,Muy alta,Fácil,Actual,Marca,Sí
1200,Colgate,Marcas,Marca,Muy alta,Fácil,Actual,Marca,Sí
1201,Nivea,Marcas,Marca,Muy alta,Fácil,Actual,Marca,Sí
1202,Gillette,Marcas,Marca,Muy alta,Fácil,Actual,Marca,Sí
1203,Mango,Marcas,Marca,Muy alta,Fácil,Actual,Marca,Sí
1204,H&M,Marcas,Marca,Muy alta,Fácil,Actual,Marca,Sí
1205,Decathlon,Marcas,Marca,Muy alta,Fácil,Actual,Marca,Sí
1206,Carrefour,Marcas,Marca,Muy alta,Fácil,Actual,Marca,Sí
1207,Mercadona,Marcas,Marca,Muy alta,Fácil,Actual,Marca,Sí
1208,El Corte Inglés,Marcas,Marca,Muy alta,Fácil,Actual,Marca,Sí
1209,Wallapop,Marcas,Marca,Muy alta,Fácil,Actual,Marca,Sí
1210,Vinted,Marcas,Marca,Muy alta,Fácil,Actual,Marca,Sí
1211,TikTok,Marcas,Marca,Muy alta,Fácil,Actual,Marca,Sí
1212,Instagram,Marcas,Marca,Muy alta,Fácil,Actual,Marca,Sí
1213,YouTube,Marcas,Marca,Muy alta,Fácil,Actual,Marca,Sí
1214,WhatsApp,Marcas,Marca,Muy alta,Fácil,Actual,Marca,Sí
1215,Uber,Marcas,Marca,Muy alta,Fácil,Actual,Marca,Sí
1216,Airbnb,Marcas,Marca,Muy alta,Fácil,Actual,Marca,Sí
1217,Reebok,Marcas,Marca,Muy alta,Fácil,Actual,Marca,Sí
1218,Converse,Marcas,Marca,Muy alta,Fácil,Actual,Marca,Sí
1219,Vans,Marcas,Marca,Muy alta,Fácil,Actual,Marca,Sí
1220,Levi's,Marcas,Marca,Muy alta,Fácil,Actual,Marca,Sí
1221,Ray-Ban,Marcas,Marca,Muy alta,Fácil,Actual,Marca,Sí
1222,Rolex,Marcas,Marca,Muy alta,Fácil,Actual,Marca,Sí
1223,Swatch,Marcas,Marca,Muy alta,Fácil,Actual,Marca,Sí
1224,L'Oréal,Marcas,Marca,Muy alta,Fácil,Actual,Marca,Sí
1225,Maybelline,Marcas,Marca,Muy alta,Fácil,Actual,Marca,Sí
1226,Pantene,Marcas,Marca,Muy alta,Fácil,Actual,Marca,Sí
1227,Dove,Marcas,Marca,Muy alta,Fácil,Actual,Marca,Sí
1228,Fairy,Marcas,Marca,Muy alta,Fácil,Actual,Marca,Sí
1229,Ferrero Rocher,Marcas,Marca,Muy alta,Fácil,Actual,Marca,Sí
1230,Milka,Marcas,Marca,Muy alta,Fácil,Actual,Marca,Sí
1231,Oreo,Marcas,Marca,Muy alta,Fácil,Actual,Marca,Sí
1232,Heineken,Marcas,Marca,Muy alta,Fácil,Actual,Marca,Sí
1233,Red Bull,Marcas,Marca,Muy alta,Fácil,Actual,Marca,Sí
1234,Monster,Marcas,Marca,Muy alta,Fácil,Actual,Marca,Sí
1235,Bacardi,Marcas,Marca,Muy alta,Fácil,Actual,Marca,Sí
1236,Schweppes,Marcas,Marca,Muy alta,Fácil,Actual,Marca,Sí
1237,Fanta,Marcas,Marca,Muy alta,Fácil,Actual,Marca,Sí
1238,Sprite,Marcas,Marca,Muy alta,Fácil,Actual,Marca,Sí
1239,Kodak,Marcas,Marca,Muy alta,Fácil,Actual,Marca,Sí
1240,Canon,Marcas,Marca,Muy alta,Fácil,Actual,Marca,Sí
1241,Nikon,Marcas,Marca,Muy alta,Fácil,Actual,Marca,Sí
1242,GoPro,Marcas,Marca,Muy alta,Fácil,Actual,Marca,Sí
1243,Dyson,Marcas,Marca,Muy alta,Fácil,Actual,Marca,Sí
1244,Philips,Marcas,Marca,Muy alta,Fácil,Actual,Marca,Sí
1245,Bosch,Marcas,Marca,Muy alta,Fácil,Actual,Marca,Sí
1246,Siemens,Marcas,Marca,Muy alta,Fácil,Actual,Marca,Sí
1247,Xiaomi,Marcas,Marca,Muy alta,Fácil,Actual,Marca,Sí
1248,Huawei,Marcas,Marca,Muy alta,Fácil,Actual,Marca,Sí
1249,Steam,Marcas,Marca,Muy alta,Fácil,Actual,Marca,Sí
1250,Play-Doh,Marcas,Marca,Muy alta,Fácil,Actual,Marca,Sí
1251,Hot Wheels,Marcas,Marca,Muy alta,Fácil,Actual,Marca,Sí
1252,Mattel,Marcas,Marca,Muy alta,Fácil,Actual,Marca,Sí
1253,Animal Crossing,Videojuegos y juegos,Juego,Muy alta,Media,Actual,Juego,Sí
1254,Candy Crush,Videojuegos y juegos,Juego,Muy alta,Media,Actual,Juego,Sí
1255,Clash Royale,Videojuegos y juegos,Juego,Muy alta,Media,Actual,Juego,Sí
1256,Super Mario Bros.,Videojuegos y juegos,Juego,Muy alta,Media,Actual,Juego,Sí
1257,The Legend of Zelda,Videojuegos y juegos,Juego,Muy alta,Media,Actual,Juego,Sí
1258,Space Invaders,Videojuegos y juegos,Juego,Muy alta,Media,Actual,Juego,Sí
1259,Crash Bandicoot,Videojuegos y juegos,Juego,Muy alta,Media,Actual,Juego,Sí
1260,Tomb Raider,Videojuegos y juegos,Juego,Muy alta,Media,Actual,Juego,Sí
1261,Resident Evil,Videojuegos y juegos,Juego,Muy alta,Media,Actual,Juego,Sí
1262,Silent Hill,Videojuegos y juegos,Juego,Muy alta,Media,Actual,Juego,Sí
1263,Final Fantasy,Videojuegos y juegos,Juego,Muy alta,Media,Actual,Juego,Sí
1264,World of Warcraft,Videojuegos y juegos,Juego,Muy alta,Media,Actual,Juego,Sí
1265,League of Legends,Videojuegos y juegos,Juego,Muy alta,Media,Actual,Juego,Sí
1266,Counter-Strike,Videojuegos y juegos,Juego,Muy alta,Media,Actual,Juego,Sí
1267,Among Us,Videojuegos y juegos,Juego,Muy alta,Media,Actual,Juego,Sí
1268,Rocket League,Videojuegos y juegos,Juego,Muy alta,Media,Actual,Juego,Sí
1269,Overwatch,Videojuegos y juegos,Juego,Muy alta,Media,Actual,Juego,Sí
1270,Call of Duty,Videojuegos y juegos,Juego,Muy alta,Media,Actual,Juego,Sí
1271,Battlefield,Videojuegos y juegos,Juego,Muy alta,Media,Actual,Juego,Sí
1272,Civilization,Videojuegos y juegos,Juego,Muy alta,Media,Actual,Juego,Sí
1273,Age of Empires,Videojuegos y juegos,Juego,Muy alta,Media,Actual,Juego,Sí
1274,Dark Souls,Videojuegos y juegos,Juego,Muy alta,Media,Actual,Juego,Sí
1275,Elden Ring,Videojuegos y juegos,Juego,Muy alta,Media,Actual,Juego,Sí
1276,God of War,Videojuegos y juegos,Juego,Muy alta,Media,Actual,Juego,Sí
1277,Halo,Videojuegos y juegos,Juego,Muy alta,Media,Actual,Juego,Sí
1278,Wii Sports,Videojuegos y juegos,Juego,Muy alta,Media,Actual,Juego,Sí
1279,Just Dance,Videojuegos y juegos,Juego,Muy alta,Media,Actual,Juego,Sí
1280,Guitar Hero,Videojuegos y juegos,Juego,Muy alta,Media,Actual,Juego,Sí
1281,Cluedo,Videojuegos y juegos,Juego,Muy alta,Media,Actual,Juego,Sí
1282,Monopoly,Videojuegos y juegos,Juego,Muy alta,Media,Actual,Juego,Sí
1283,Trivial Pursuit,Videojuegos y juegos,Juego,Muy alta,Media,Actual,Juego,Sí
1284,Risk,Videojuegos y juegos,Juego,Muy alta,Media,Actual,Juego,Sí
1285,Pictionary,Videojuegos y juegos,Juego,Muy alta,Media,Actual,Juego,Sí
1286,Scrabble,Videojuegos y juegos,Juego,Muy alta,Media,Actual,Juego,Sí
1287,Jenga,Videojuegos y juegos,Juego,Muy alta,Media,Actual,Juego,Sí
1288,Twister,Videojuegos y juegos,Juego,Muy alta,Media,Actual,Juego,Sí
1289,Operación,Videojuegos y juegos,Juego,Muy alta,Media,Actual,Juego,Sí
1290,Hundir la flota,Videojuegos y juegos,Juego,Muy alta,Media,Actual,Juego,Sí
1291,Conecta 4,Videojuegos y juegos,Juego,Muy alta,Media,Actual,Juego,Sí
1292,Quién es quién,Videojuegos y juegos,Juego,Muy alta,Media,Actual,Juego,Sí
1293,Simon,Videojuegos y juegos,Juego,Muy alta,Media,Actual,Juego,Sí
1294,Cubo de Rubik,Videojuegos y juegos,Juego,Muy alta,Media,Actual,Juego,Sí
1295,Bingo,Videojuegos y juegos,Juego,Muy alta,Media,Actual,Juego,Sí
1296,Dominó,Videojuegos y juegos,Juego,Muy alta,Media,Actual,Juego,Sí
1297,Ajedrez,Videojuegos y juegos,Juego,Muy alta,Media,Actual,Juego,Sí
1298,Damas,Videojuegos y juegos,Juego,Muy alta,Media,Actual,Juego,Sí
1299,Parqués,Videojuegos y juegos,Juego,Muy alta,Media,Actual,Juego,Sí
1300,UNO,Videojuegos y juegos,Juego,Muy alta,Media,Actual,Juego,Sí
1301,Beyblade,Videojuegos y juegos,Juego,Muy alta,Media,Actual,Juego,Sí
1302,Tamagotchi,Videojuegos y juegos,Juego,Muy alta,Media,Actual,Juego,Sí
1303,Furby,Videojuegos y juegos,Juego,Muy alta,Media,Actual,Juego,Sí
1304,Yo-yo,Videojuegos y juegos,Juego,Muy alta,Media,Actual,Juego,Sí
1305,Canicas,Videojuegos y juegos,Juego,Muy alta,Media,Actual,Juego,Sí
1306,Comba,Videojuegos y juegos,Juego,Muy alta,Media,Actual,Juego,Sí
1307,Peonza,Videojuegos y juegos,Juego,Muy alta,Media,Actual,Juego,Sí
1308,Chapas,Videojuegos y juegos,Juego,Muy alta,Media,Actual,Juego,Sí
1309,Playmobil,Videojuegos y juegos,Juego,Muy alta,Media,Actual,Juego,Sí
1310,Scalextric,Videojuegos y juegos,Juego,Muy alta,Media,Actual,Juego,Sí
1311,Micromachines,Videojuegos y juegos,Juego,Muy alta,Media,Actual,Juego,Sí
1312,Barbie Dreamhouse,Videojuegos y juegos,Juego,Muy alta,Media,Actual,Juego,Sí
1313,Mario Party,Videojuegos y juegos,Juego,Muy alta,Media,Actual,Juego,Sí
1314,Wii Fit,Videojuegos y juegos,Juego,Muy alta,Media,Actual,Juego,Sí
1315,SingStar,Videojuegos y juegos,Juego,Muy alta,Media,Actual,Juego,Sí
1316,Buzz! El concurso,Videojuegos y juegos,Juego,Muy alta,Media,Actual,Juego,Sí
1317,Brain Training,Videojuegos y juegos,Juego,Muy alta,Media,Actual,Juego,Sí
1318,Wii Sports Resort,Videojuegos y juegos,Juego,Muy alta,Media,Actual,Juego,Sí
1319,Ares,Mitología,Mitología,Muy alta,Media,Histórica,Personaje,Sí
1320,Apolo,Mitología,Mitología,Muy alta,Media,Histórica,Personaje,Sí
1321,Artemisa,Mitología,Mitología,Muy alta,Media,Histórica,Personaje,Sí
1322,Hermes,Mitología,Mitología,Muy alta,Media,Histórica,Personaje,Sí
1323,Dionisio,Mitología,Mitología,Muy alta,Media,Histórica,Personaje,Sí
1324,Hera,Mitología,Mitología,Muy alta,Media,Histórica,Personaje,Sí
1325,Deméter,Mitología,Mitología,Muy alta,Media,Histórica,Personaje,Sí
1326,Freya,Mitología,Mitología,Muy alta,Media,Histórica,Personaje,Sí
1327,Valkiria,Mitología,Mitología,Muy alta,Media,Histórica,Personaje,Sí
1328,Anubis,Mitología,Mitología,Muy alta,Media,Histórica,Personaje,Sí
1329,Ra,Mitología,Mitología,Muy alta,Media,Histórica,Personaje,Sí
1330,Isis,Mitología,Mitología,Muy alta,Media,Histórica,Personaje,Sí
1331,Osiris,Mitología,Mitología,Muy alta,Media,Histórica,Personaje,Sí
1332,Bastet,Mitología,Mitología,Muy alta,Media,Histórica,Personaje,Sí
1333,Quetzalcóatl,Mitología,Mitología,Muy alta,Media,Histórica,Personaje,Sí
1334,Cthulhu,Mitología,Mitología,Muy alta,Media,Histórica,Personaje,Sí
1335,Yeti,Mitología,Mitología,Muy alta,Media,Histórica,Personaje,Sí
1336,Bigfoot,Mitología,Mitología,Muy alta,Media,Histórica,Personaje,Sí
1337,Sirena,Mitología,Mitología,Muy alta,Media,Histórica,Personaje,Sí
1338,Centauro,Mitología,Mitología,Muy alta,Media,Histórica,Personaje,Sí
1339,Unicornio,Mitología,Mitología,Muy alta,Media,Histórica,Personaje,Sí
1340,Fénix,Mitología,Mitología,Muy alta,Media,Histórica,Personaje,Sí
1341,Dragón,Mitología,Mitología,Muy alta,Media,Histórica,Personaje,Sí
1342,Grifo,Mitología,Mitología,Muy alta,Media,Histórica,Personaje,Sí
1343,Esfinge,Mitología,Mitología,Muy alta,Media,Histórica,Personaje,Sí
1344,Kraken,Mitología,Mitología,Muy alta,Media,Histórica,Personaje,Sí
1345,Hidra,Mitología,Mitología,Muy alta,Media,Histórica,Personaje,Sí
1346,Cerbero,Mitología,Mitología,Muy alta,Media,Histórica,Personaje,Sí
1347,Midas,Mitología,Mitología,Muy alta,Media,Histórica,Personaje,Sí
1348,Narciso,Mitología,Mitología,Muy alta,Media,Histórica,Personaje,Sí
1349,Ícaro,Mitología,Mitología,Muy alta,Media,Histórica,Personaje,Sí
1350,Pandora,Mitología,Mitología,Muy alta,Media,Histórica,Personaje,Sí
1351,Prometeo,Mitología,Mitología,Muy alta,Media,Histórica,Personaje,Sí
1352,Orfeo,Mitología,Mitología,Muy alta,Media,Histórica,Personaje,Sí
1353,Eurídice,Mitología,Mitología,Muy alta,Media,Histórica,Personaje,Sí
1354,Ulises,Mitología,Mitología,Muy alta,Media,Histórica,Personaje,Sí
1355,Penélope,Mitología,Mitología,Muy alta,Media,Histórica,Personaje,Sí
1356,Circe,Mitología,Mitología,Muy alta,Media,Histórica,Personaje,Sí
1357,Olimpo,Mitología,Mitología,Muy alta,Media,Histórica,Personaje,Sí
1358,Valhalla,Mitología,Mitología,Muy alta,Media,Histórica,Personaje,Sí
1359,Atlantis,Mitología,Mitología,Muy alta,Media,Histórica,Personaje,Sí
1360,John Wick,Cine,Película,Muy alta,Media,Actual,Película,Sí
1361,Fast & Furious,Cine,Película,Muy alta,Media,Actual,Película,Sí
1362,Hotel Transylvania,Cine,Película,Muy alta,Media,Actual,Película,Sí
1363,Paddington,Cine,Película,Muy alta,Media,Actual,Película,Sí
1364,Stuart Little,Cine,Película,Muy alta,Media,Actual,Película,Sí
1365,Parque Jurásico,Cine,Película,Muy alta,Media,Actual,Película,Sí
1366,Casablanca,Cine,Película,Muy alta,Media,Actual,Película,Sí
1367,Cinema Paradiso,Cine,Película,Muy alta,Media,Actual,Película,Sí
1368,El sexto sentido,Cine,Película,Muy alta,Media,Actual,Película,Sí
1369,Flash,Cine,Película,Muy alta,Media,Actual,Película,Sí
1370,Catwoman,Cine,Película,Muy alta,Media,Actual,Película,Sí
1371,Piratas,Cine,Película,Muy alta,Media,Actual,Película,Sí
1372,Narnia,Cine,Película,Muy alta,Media,Actual,Película,Sí
1373,Percy Jackson,Cine,Película,Muy alta,Media,Actual,Película,Sí
1374,Conan,Cine,Película,Muy alta,Media,Actual,Película,Sí
1375,Los padres de ella,Cine,Película,Muy alta,Media,Actual,Película,Sí
1376,El curioso caso de Benjamin Button,Cine,Película,Muy alta,Media,Actual,Película,Sí
1377,Sospechosos habituales,Cine,Película,Muy alta,Media,Actual,Película,Sí
1378,American Psycho,Cine,Película,Muy alta,Media,Actual,Película,Sí
1379,Full Metal Jacket,Cine,Película,Muy alta,Media,Actual,Película,Sí
1380,Dunkerque,Cine,Película,Muy alta,Media,Actual,Película,Sí
1381,Dirty Harry,Cine,Película,Muy alta,Media,Actual,Película,Sí
1382,Arma letal,Cine,Película,Muy alta,Media,Actual,Película,Sí
1383,Con Air,Cine,Película,Muy alta,Media,Actual,Película,Sí
1384,Face/Off,Cine,Película,Muy alta,Media,Actual,Película,Sí
1385,Ponyo,Cine,Película,Muy alta,Media,Actual,Película,Sí
1386,Akira,Cine,Película,Muy alta,Media,Actual,Película,Sí
1387,Bleach,Cine y TV,Serie,Muy alta,Media,Actual,Serie,Sí
1388,Death Note,Cine y TV,Serie,Muy alta,Media,Actual,Serie,Sí
1389,Detective Conan,Cine y TV,Serie,Muy alta,Media,Actual,Serie,Sí
1390,Rugrats,Cine y TV,Serie,Muy alta,Media,Actual,Serie,Sí
1391,Pato Donald,Cine y TV,Serie,Muy alta,Media,Actual,Serie,Sí
1392,Phineas y Ferb,Cine y TV,Serie,Muy alta,Media,Actual,Serie,Sí
1393,Hora de aventuras,Cine y TV,Serie,Muy alta,Media,Actual,Serie,Sí
1394,Steven Universe,Cine y TV,Serie,Muy alta,Media,Actual,Serie,Sí
1395,BoJack Horseman,Cine y TV,Serie,Muy alta,Media,Actual,Serie,Sí
1396,Big Mouth,Cine y TV,Serie,Muy alta,Media,Actual,Serie,Sí
1397,Águila Roja,Cine y TV,Serie,Muy alta,Media,Actual,Serie,Sí
1398,Las chicas del cable,Cine y TV,Serie,Muy alta,Media,Actual,Serie,Sí
1399,Policías,Cine y TV,Serie,Muy alta,Media,Actual,Serie,Sí
1400,Los misterios de Laura,Cine y TV,Serie,Muy alta,Media,Actual,Serie,Sí
1401,Mentes criminales,Cine y TV,Serie,Muy alta,Media,Actual,Serie,Sí
1402,Bones,Cine y TV,Serie,Muy alta,Media,Actual,Serie,Sí
1403,Buffy,Cine y TV,Serie,Muy alta,Media,Actual,Serie,Sí
1404,Sensación de vivir,Cine y TV,Serie,Muy alta,Media,Clásica,Serie,Sí
1405,Obi-Wan Kenobi,Cine y TV,Serie,Muy alta,Media,Actual,Serie,Sí
1406,You,Cine y TV,Serie,Muy alta,Media,Actual,Serie,Sí
1407,Fargo,Cine y TV,Serie,Muy alta,Media,Actual,Serie,Sí
1408,True Detective,Cine y TV,Serie,Muy alta,Media,Actual,Serie,Sí
1409,Squid Game,Cine y TV,Serie,Muy alta,Media,Actual,Serie,Sí
1410,Alice in Borderland,Cine y TV,Serie,Muy alta,Media,Actual,Serie,Sí
1411,La peste,Cine y TV,Serie,Muy alta,Media,Actual,Serie,Sí
1412,Cristo y Rey,Cine y TV,Serie,Muy alta,Media,Actual,Serie,Sí
1413,Ringo Starr,Música,Música,Muy alta,Fácil,Actual,Persona,Sí
1414,Bob Dylan,Música,Música,Muy alta,Fácil,Actual,Persona,Sí
1415,Billy Joel,Música,Música,Muy alta,Fácil,Actual,Persona,Sí
1416,Barbra Streisand,Música,Música,Muy alta,Fácil,Actual,Persona,Sí
1417,Ariana Grande,Música,Música,Muy alta,Fácil,Actual,Persona,Sí
1418,Camarón,Música,Música,Muy alta,Difícil,Actual,Grupo,Sí
1419,Mägo de Oz,Música,Música,Muy alta,Fácil,Actual,Persona,Sí
1420,Mediterráneo,Lugares,Lugar,Muy alta,Fácil,Actual,Lugar,Sí
1421,Princesas,Música,Música,Muy alta,Difícil,Actual,Grupo,Sí
1422,Atlético de Madrid,Deportes,Deporte,Muy alta,Fácil,Actual,Evento,Sí
1423,Athletic Club,Deportes,Deporte,Muy alta,Fácil,Actual,Evento,Sí
1424,Sevilla FC,Deportes,Deporte,Muy alta,Fácil,Actual,Evento,Sí
1425,Real Betis,Deportes,Deporte,Muy alta,Fácil,Actual,Evento,Sí
1426,Manchester United,Deportes,Deporte,Muy alta,Fácil,Actual,Evento,Sí
1427,Liverpool,Deportes,Deporte,Muy alta,Fácil,Actual,Evento,Sí
1428,Arsenal,Deportes,Deporte,Muy alta,Fácil,Actual,Evento,Sí
1429,Chelsea,Deportes,Deporte,Muy alta,Fácil,Actual,Evento,Sí
1430,Borussia Dortmund,Deportes,Deporte,Muy alta,Fácil,Actual,Evento,Sí
1431,Juventus,Deportes,Deporte,Muy alta,Fácil,Actual,Evento,Sí
1432,Inter de Milán,Deportes,Deporte,Muy alta,Fácil,Actual,Evento,Sí
1433,Paris Saint-Germain,Deportes,Deporte,Muy alta,Fácil,Actual,Evento,Sí
1434,Boca Juniors,Deportes,Deporte,Muy alta,Fácil,Actual,Evento,Sí
1435,River Plate,Deportes,Deporte,Muy alta,Fácil,Actual,Evento,Sí
1436,Argentina,Deportes,Deporte,Muy alta,Fácil,Actual,Evento,Sí
1437,España,Deportes,Deporte,Muy alta,Fácil,Actual,Evento,Sí
1438,Italia,Deportes,Deporte,Muy alta,Fácil,Actual,Evento,Sí
1439,Alemania,Deportes,Deporte,Muy alta,Fácil,Actual,Evento,Sí
1440,Champions League,Deportes,Deporte,Muy alta,Fácil,Actual,Evento,Sí
1441,Eurocopa,Deportes,Deporte,Muy alta,Fácil,Actual,Evento,Sí
1442,Giro de Italia,Deportes,Deporte,Muy alta,Fácil,Actual,Evento,Sí
1443,Vuelta a España,Deportes,Deporte,Muy alta,Fácil,Actual,Evento,Sí
1444,Super Bowl,Deportes,Deporte,Muy alta,Fácil,Actual,Evento,Sí
1445,Wimbledon,Deportes,Deporte,Muy alta,Fácil,Actual,Evento,Sí
1446,US Open,Deportes,Deporte,Muy alta,Fácil,Actual,Evento,Sí
1447,Masters de Augusta,Deportes,Deporte,Muy alta,Fácil,Actual,Evento,Sí
1448,MotoGP,Deportes,Deporte,Muy alta,Fácil,Actual,Evento,Sí
1449,Rally Dakar,Deportes,Deporte,Muy alta,Fácil,Actual,Evento,Sí
1450,Triatlón,Deportes,Deporte,Muy alta,Fácil,Actual,Evento,Sí
1451,Balón de Oro,Deportes,Deporte,Muy alta,Fácil,Actual,Evento,Sí
1452,Copa Davis,Deportes,Deporte,Muy alta,Fácil,Actual,Evento,Sí
1453,Zipi y Zape,Personajes,Personaje,Muy alta,Fácil,Actual,Personaje,Sí
1454,Lisa Simpson,Personajes,Personaje,Muy alta,Fácil,Actual,Personaje,Sí
1455,Marge Simpson,Personajes,Personaje,Muy alta,Fácil,Actual,Personaje,Sí
1456,Bugs Bunny,Personajes,Personaje,Muy alta,Fácil,Actual,Personaje,Sí
1457,Daffy Duck,Personajes,Personaje,Muy alta,Fácil,Actual,Personaje,Sí
1458,Piolín,Personajes,Personaje,Muy alta,Fácil,Actual,Personaje,Sí
1459,Shaggy,Personajes,Personaje,Muy alta,Fácil,Actual,Personaje,Sí
1460,Donkey Kong,Videojuegos,Videojuego,Muy alta,Fácil,Actual,Juego,Sí
1461,Geralt de Rivia,Personajes,Personaje,Muy alta,Fácil,Actual,Personaje,Sí
1462,Aragorn,Personajes,Personaje,Muy alta,Fácil,Actual,Personaje,Sí
1463,Legolas,Personajes,Personaje,Muy alta,Fácil,Actual,Personaje,Sí
1464,Voldemort,Personajes,Personaje,Muy alta,Fácil,Actual,Personaje,Sí
1465,Draco Malfoy,Personajes,Personaje,Muy alta,Fácil,Actual,Personaje,Sí
1466,Viuda Negra,Personajes,Personaje,Muy alta,Fácil,Actual,Personaje,Sí
1467,Hawkeye,Personajes,Personaje,Muy alta,Fácil,Actual,Personaje,Sí
1468,Nemo,Personajes,Personaje,Muy alta,Fácil,Actual,Personaje,Sí
1469,Dory,Personajes,Personaje,Muy alta,Fácil,Actual,Personaje,Sí
1470,Elsa,Personajes,Personaje,Muy alta,Fácil,Actual,Personaje,Sí
1471,Anna,Personajes,Personaje,Muy alta,Fácil,Actual,Personaje,Sí
1472,Genio,Personajes,Personaje,Muy alta,Fácil,Actual,Personaje,Sí
1473,Úrsula,Personajes,Personaje,Muy alta,Fácil,Actual,Personaje,Sí
1474,Bestia,Personajes,Personaje,Muy alta,Fácil,Actual,Personaje,Sí
1475,Burro,Naturaleza,Animal,Muy alta,Difícil,Actual,Concepto,Sí
1476,Mr. Bean,Personajes,Personaje,Muy alta,Fácil,Actual,Personaje,Sí
1477,Saul Goodman,Personajes,Personaje,Muy alta,Fácil,Actual,Personaje,Sí
1478,Eleven,Personajes,Personaje,Muy alta,Fácil,Actual,Personaje,Sí
1479,Daenerys Targaryen,Personajes,Personaje,Muy alta,Fácil,Actual,Personaje,Sí
1480,Tyrion Lannister,Personajes,Personaje,Muy alta,Fácil,Actual,Personaje,Sí
1481,Doctor Watson,Personajes,Personaje,Muy alta,Fácil,Actual,Personaje,Sí
1482,Freddy Krueger,Personajes,Personaje,Muy alta,Fácil,Actual,Personaje,Sí
1483,Mandaloriano,Personajes,Personaje,Muy alta,Fácil,Actual,Personaje,Sí
1484,Hamlet,Literatura,Literatura,Muy alta,Difícil,Actual,Obra,Sí
1485,Otelo,Literatura,Literatura,Muy alta,Difícil,Actual,Obra,Sí
1486,Moby Dick,Literatura,Literatura,Muy alta,Difícil,Actual,Obra,Sí
1487,Scrooge,Literatura,Literatura,Muy alta,Difícil,Actual,Obra,Sí
1488,Lazarillo de Tormes,Literatura,Literatura,Muy alta,Difícil,Actual,Obra,Sí
1489,Hansel y Gretel,Literatura,Literatura,Muy alta,Difícil,Actual,Obra,Sí
1490,Pulgarcito,Literatura,Literatura,Muy alta,Difícil,Actual,Obra,Sí
1491,Alí Babá,Literatura,Literatura,Muy alta,Difícil,Actual,Obra,Sí
1492,Las mil y una noches,Literatura,Literatura,Muy alta,Difícil,Actual,Obra,Sí
1493,Huckleberry Finn,Literatura,Literatura,Muy alta,Difícil,Actual,Obra,Sí
1494,El retrato de Dorian Gray,Literatura,Literatura,Muy alta,Difícil,Actual,Obra,Sí
1495,Rebelión en la granja,Literatura,Literatura,Muy alta,Difícil,Actual,Obra,Sí
1496,Los pilares de la Tierra,Literatura,Literatura,Muy alta,Difícil,Actual,Obra,Sí
1497,Spirou,Literatura,Literatura,Muy alta,Difícil,Actual,Obra,Sí
1498,Calvin y Hobbes,Literatura,Literatura,Muy alta,Difícil,Actual,Obra,Sí
1499,Sandman,Literatura,Literatura,Muy alta,Difícil,Actual,Obra,Sí
1500,Velázquez,Arte,Arte,Muy alta,Media,Histórica,Persona,Sí
1501,Goya,Arte,Arte,Muy alta,Media,Histórica,Persona,Sí
1502,Picasso,Arte,Arte,Muy alta,Media,Actual,Persona,Sí
1503,Miró,Arte,Arte,Muy alta,Media,Actual,Persona,Sí
1504,Zurbarán,Arte,Arte,Muy alta,Media,Actual,Persona,Sí
1505,Van Gogh,Arte,Arte,Muy alta,Media,Actual,Persona,Sí
1506,Manet,Arte,Arte,Muy alta,Media,Actual,Persona,Sí
1507,Renoir,Arte,Arte,Muy alta,Media,Actual,Persona,Sí
1508,Cézanne,Arte,Arte,Muy alta,Media,Actual,Persona,Sí
1509,Munch,Arte,Arte,Muy alta,Media,Actual,Persona,Sí
1510,Warhol,Arte,Arte,Muy alta,Media,Actual,Persona,Sí
1511,Diego Rivera,Arte,Arte,Muy alta,Media,Actual,Persona,Sí
1512,El jardín de las delicias,Arte,Arte,Muy alta,Difícil,Actual,Obra,Sí
1513,La libertad guiando al pueblo,Arte,Arte,Muy alta,Difícil,Actual,Obra,Sí
1514,El beso,Arte,Arte,Muy alta,Difícil,Actual,Obra,Sí
1515,"Impresión, sol naciente",Arte,Arte,Muy alta,Difícil,Actual,Obra,Sí
1516,El entierro del Conde de Orgaz,Arte,Arte,Muy alta,Difícil,Actual,Obra,Sí
1517,La rendición de Breda,Arte,Arte,Muy alta,Difícil,Actual,Obra,Sí
1518,La Venus de Milo,Arte,Arte,Muy alta,Difícil,Actual,Obra,Sí
1519,La Piedad,Arte,Arte,Muy alta,Difícil,Actual,Obra,Sí
1520,Augusto,Historia,Personaje histórico,Muy alta,Difícil,Histórica,Persona,Sí
1521,Fernando el Católico,Historia,Personaje histórico,Muy alta,Difícil,Histórica,Persona,Sí
1522,Thomas Jefferson,Historia,Personaje histórico,Muy alta,Difícil,Histórica,Persona,Sí
1523,Margaret Thatcher,Historia,Personaje histórico,Muy alta,Difícil,Histórica,Persona,Sí
1524,Ronald Reagan,Historia,Personaje histórico,Muy alta,Difícil,Histórica,Persona,Sí
1525,Barack Obama,Historia,Personaje histórico,Muy alta,Difícil,Histórica,Persona,Sí
1526,Vladimir Putin,Historia,Personaje histórico,Muy alta,Difícil,Histórica,Persona,Sí
1527,Mijaíl Gorbachov,Historia,Personaje histórico,Muy alta,Difícil,Histórica,Persona,Sí
1528,Benito Mussolini,Historia,Personaje histórico,Muy alta,Difícil,Histórica,Persona,Sí
1529,Joseph Stalin,Historia,Personaje histórico,Muy alta,Difícil,Histórica,Persona,Sí
1530,Buda,Historia,Personaje histórico,Muy alta,Difícil,Histórica,Persona,Sí
1531,Jesús,Historia,Personaje histórico,Muy alta,Difícil,Histórica,Persona,Sí
1532,Roald Amundsen,Historia,Personaje histórico,Muy alta,Difícil,Histórica,Persona,Sí
1533,Revolución Francesa,Historia,Historia,Muy alta,Difícil,Histórica,Evento,Sí
1534,Primera Guerra Mundial,Historia,Historia,Muy alta,Difícil,Histórica,Evento,Sí
1535,Segunda Guerra Mundial,Historia,Historia,Muy alta,Difícil,Histórica,Evento,Sí
1536,Guerra Fría,Historia,Historia,Muy alta,Difícil,Histórica,Evento,Sí
1537,Llegada a la Luna,Historia,Historia,Muy alta,Difícil,Histórica,Evento,Sí
1538,Caída del Imperio Romano,Historia,Historia,Muy alta,Media,Actual,Lugar,Sí
1539,Renacimiento,Historia,Historia,Muy alta,Media,Actual,Lugar,Sí
1540,Antiguo Egipto,Historia,Historia,Muy alta,Media,Actual,Lugar,Sí
1541,Imperio Romano,Historia,Historia,Muy alta,Media,Actual,Lugar,Sí
1542,Imperio Azteca,Historia,Historia,Muy alta,Media,Actual,Lugar,Sí
1543,Imperio Inca,Historia,Historia,Muy alta,Media,Actual,Lugar,Sí
1544,Conquista de Granada,Historia,Historia,Muy alta,Media,Actual,Lugar,Sí
1545,Reconquista,Historia,Historia,Muy alta,Media,Actual,Lugar,Sí
1546,Desembarco de Normandía,Historia,Historia,Muy alta,Media,Actual,Lugar,Sí
1547,Batalla de Waterloo,Historia,Historia,Muy alta,Difícil,Histórica,Evento,Sí
1548,Batalla de Trafalgar,Historia,Historia,Muy alta,Difícil,Histórica,Evento,Sí
1549,Termópilas,Historia,Historia,Muy alta,Media,Actual,Lugar,Sí
1550,Hiroshima,Historia,Historia,Muy alta,Media,Actual,Lugar,Sí
1551,Nagasaki,Historia,Historia,Muy alta,Media,Actual,Lugar,Sí
1552,Partenón,Historia,Historia,Muy alta,Media,Actual,Lugar,Sí
1553,Arco de Triunfo,Historia,Historia,Muy alta,Media,Actual,Lugar,Sí
1554,Muralla China,Historia,Historia,Muy alta,Media,Actual,Lugar,Sí
1555,Palacio de Versalles,Historia,Historia,Muy alta,Media,Actual,Lugar,Sí
1556,Catedral de Notre Dame,Historia,Historia,Muy alta,Media,Actual,Lugar,Sí
1557,Alcázar de Sevilla,Historia,Historia,Muy alta,Media,Actual,Lugar,Sí
1558,Málaga,Lugares,Lugar,Muy alta,Fácil,Actual,Lugar,Sí
1559,Granada,Lugares,Lugar,Muy alta,Fácil,Actual,Lugar,Sí
1560,Salamanca,Lugares,Lugar,Muy alta,Fácil,Actual,Lugar,Sí
1561,Toledo,Lugares,Lugar,Muy alta,Fácil,Actual,Lugar,Sí
1562,Alicante,Lugares,Lugar,Muy alta,Fácil,Actual,Lugar,Sí
1563,Zaragoza,Lugares,Lugar,Muy alta,Fácil,Actual,Lugar,Sí
1564,Palma,Lugares,Lugar,Muy alta,Fácil,Actual,Lugar,Sí
1565,Gran Canaria,Lugares,Lugar,Muy alta,Fácil,Actual,Lugar,Sí
1566,Andalucía,Lugares,Lugar,Muy alta,Fácil,Actual,Lugar,Sí
1567,Galicia,Lugares,Lugar,Muy alta,Fácil,Actual,Lugar,Sí
1568,Cantabria,Lugares,Lugar,Muy alta,Fácil,Actual,Lugar,Sí
1569,País Vasco,Lugares,Lugar,Muy alta,Fácil,Actual,Lugar,Sí
1570,Aragón,Lugares,Lugar,Muy alta,Fácil,Actual,Lugar,Sí
1571,Castilla y León,Lugares,Lugar,Muy alta,Fácil,Actual,Lugar,Sí
1572,Extremadura,Lugares,Lugar,Muy alta,Fácil,Actual,Lugar,Sí
1573,Navarra,Lugares,Lugar,Muy alta,Fácil,Actual,Lugar,Sí
1574,Comunidad Valenciana,Lugares,Lugar,Muy alta,Fácil,Actual,Lugar,Sí
1575,Islas Baleares,Lugares,Lugar,Muy alta,Fácil,Actual,Lugar,Sí
1576,Sierra Nevada,Lugares,Lugar,Muy alta,Fácil,Actual,Lugar,Sí
1577,Camino de Santiago,Lugares,Lugar,Muy alta,Fácil,Actual,Lugar,Sí
1578,Nilo,Lugares,Lugar,Muy alta,Fácil,Actual,Lugar,Sí
1579,Everest,Lugares,Lugar,Muy alta,Fácil,Actual,Lugar,Sí
1580,Alpes,Lugares,Lugar,Muy alta,Fácil,Actual,Lugar,Sí
1581,Andes,Lugares,Lugar,Muy alta,Fácil,Actual,Lugar,Sí
1582,Cataratas Victoria,Lugares,Lugar,Muy alta,Fácil,Actual,Lugar,Sí
1583,Ártico,Lugares,Lugar,Muy alta,Fácil,Actual,Lugar,Sí
1584,Polo Sur,Lugares,Lugar,Muy alta,Fácil,Actual,Lugar,Sí
1585,Miami,Lugares,Lugar,Muy alta,Fácil,Actual,Lugar,Sí
1586,Boston,Lugares,Lugar,Muy alta,Fácil,Actual,Lugar,Sí
1587,Toronto,Lugares,Lugar,Muy alta,Fácil,Actual,Lugar,Sí
1588,Lima,Lugares,Lugar,Muy alta,Fácil,Actual,Lugar,Sí
1589,Bogotá,Lugares,Lugar,Muy alta,Fácil,Actual,Lugar,Sí
1590,Caracas,Lugares,Lugar,Muy alta,Fácil,Actual,Lugar,Sí
1591,Florencia,Lugares,Lugar,Muy alta,Fácil,Actual,Lugar,Sí
1592,Oporto,Lugares,Lugar,Muy alta,Fácil,Actual,Lugar,Sí
1593,Budapest,Lugares,Lugar,Muy alta,Fácil,Actual,Lugar,Sí
1594,Jerusalén,Lugares,Lugar,Muy alta,Fácil,Actual,Lugar,Sí
1595,Kioto,Lugares,Lugar,Muy alta,Fácil,Actual,Lugar,Sí
1596,Agra,Lugares,Lugar,Muy alta,Fácil,Actual,Lugar,Sí
1597,Katmandú,Lugares,Lugar,Muy alta,Fácil,Actual,Lugar,Sí
1598,Maldivas,Lugares,Lugar,Muy alta,Fácil,Actual,Lugar,Sí
1599,Nueva Zelanda,Lugares,Lugar,Muy alta,Fácil,Actual,Lugar,Sí
1600,Caribe,Lugares,Lugar,Muy alta,Fácil,Actual,Lugar,Sí
1601,Bora Bora,Lugares,Lugar,Muy alta,Fácil,Actual,Lugar,Sí
1602,KFC,Marcas,Marca,Muy alta,Fácil,Actual,Marca,Sí
1603,Nespresso,Marcas,Marca,Muy alta,Fácil,Actual,Marca,Sí
1604,Nestlé,Marcas,Marca,Muy alta,Fácil,Actual,Marca,Sí
1605,Casa Tarradellas,Marcas,Marca,Muy alta,Fácil,Actual,Marca,Sí
1606,Puma,Marcas,Marca,Muy alta,Fácil,Actual,Marca,Sí
1607,Casio,Marcas,Marca,Muy alta,Fácil,Actual,Marca,Sí
1608,Pixar,Marcas,Marca,Muy alta,Fácil,Actual,Marca,Sí
1609,DC,Marcas,Marca,Muy alta,Fácil,Actual,Marca,Sí
1610,Sega,Marcas,Marca,Muy alta,Fácil,Actual,Marca,Sí
1611,Sony,Marcas,Marca,Muy alta,Fácil,Actual,Marca,Sí
1612,LG,Marcas,Marca,Muy alta,Fácil,Actual,Marca,Sí
1613,Motorola,Marcas,Marca,Muy alta,Fácil,Actual,Marca,Sí
1614,Tesla,Marcas,Marca,Muy alta,Fácil,Actual,Marca,Sí
1615,BMW,Marcas,Marca,Muy alta,Fácil,Actual,Marca,Sí
1616,Audi,Marcas,Marca,Muy alta,Fácil,Actual,Marca,Sí
1617,Honda,Marcas,Marca,Muy alta,Fácil,Actual,Marca,Sí
1618,Yamaha,Marcas,Marca,Muy alta,Fácil,Actual,Marca,Sí
1619,Harley-Davidson,Marcas,Marca,Muy alta,Fácil,Actual,Marca,Sí
1620,Primark,Marcas,Marca,Muy alta,Fácil,Actual,Marca,Sí
1621,MediaMarkt,Marcas,Marca,Muy alta,Fácil,Actual,Marca,Sí
1622,Facebook,Marcas,Marca,Muy alta,Fácil,Actual,Marca,Sí
1623,Telegram,Marcas,Marca,Muy alta,Fácil,Actual,Marca,Sí
1624,Tinder,Marcas,Marca,Muy alta,Fácil,Actual,Marca,Sí
1625,EA Sports FC,Videojuegos,Videojuego,Muy alta,Fácil,Actual,Juego,Sí
1626,Fall Guys,Videojuegos,Videojuego,Muy alta,Fácil,Actual,Juego,Sí
1627,Angry Birds,Videojuegos,Videojuego,Muy alta,Fácil,Actual,Juego,Sí
1628,Spyro,Videojuegos,Videojuego,Muy alta,Fácil,Actual,Juego,Sí
1629,Prince of Persia,Videojuegos,Videojuego,Muy alta,Fácil,Actual,Juego,Sí
1630,Assassin's Creed,Videojuegos,Videojuego,Muy alta,Fácil,Actual,Juego,Sí
1631,Uncharted,Videojuegos,Videojuego,Muy alta,Fácil,Actual,Juego,Sí
1632,Gran Turismo,Videojuegos,Videojuego,Muy alta,Fácil,Actual,Juego,Sí
1633,Tekken,Videojuegos,Videojuego,Muy alta,Fácil,Actual,Juego,Sí
1634,Kingdom Hearts,Videojuegos,Videojuego,Muy alta,Fácil,Actual,Juego,Sí
1635,Gears of War,Videojuegos,Videojuego,Muy alta,Fácil,Actual,Juego,Sí
1636,Destiny,Videojuegos,Videojuego,Muy alta,Fácil,Actual,Juego,Sí
1637,The Elder Scrolls,Videojuegos,Videojuego,Muy alta,Fácil,Actual,Juego,Sí
1638,Skyrim,Videojuegos,Videojuego,Muy alta,Fácil,Actual,Juego,Sí
1639,Red Dead Redemption,Videojuegos,Videojuego,Muy alta,Fácil,Actual,Juego,Sí
1640,Cyberpunk 2077,Videojuegos,Videojuego,Muy alta,Fácil,Actual,Juego,Sí
1641,Splatoon,Videojuegos,Videojuego,Muy alta,Fácil,Actual,Juego,Sí
1642,Pong,Videojuegos,Videojuego,Muy alta,Fácil,Actual,Juego,Sí
1643,Frogger,Videojuegos,Videojuego,Muy alta,Fácil,Actual,Juego,Sí
1644,Bomberman,Videojuegos,Videojuego,Muy alta,Fácil,Actual,Juego,Sí
1645,Lemmings,Videojuegos,Videojuego,Muy alta,Fácil,Actual,Juego,Sí
1646,Hefesto,Mitología,Mitología,Muy alta,Media,Actual,Personaje,Sí
1647,Teseo,Mitología,Mitología,Muy alta,Media,Actual,Personaje,Sí
1648,Hombre lobo,Mitología,Mitología,Muy alta,Media,Actual,Personaje,Sí
1649,Momia,Mitología,Mitología,Muy alta,Media,Actual,Personaje,Sí
1650,Zombi,Mitología,Mitología,Muy alta,Media,Actual,Personaje,Sí
1651,Duende,Mitología,Mitología,Muy alta,Media,Actual,Personaje,Sí
1652,Gnomo,Mitología,Mitología,Muy alta,Media,Actual,Personaje,Sí
1653,Ogro,Mitología,Mitología,Muy alta,Media,Actual,Personaje,Sí
1654,Troll,Mitología,Mitología,Muy alta,Media,Actual,Personaje,Sí
1655,Bruja,Mitología,Mitología,Muy alta,Media,Actual,Personaje,Sí
1656,Mago,Mitología,Mitología,Muy alta,Media,Actual,Personaje,Sí
1657,Excalibur,Mitología,Mitología,Muy alta,Media,Actual,Personaje,Sí
1658,Camelot,Mitología,Mitología,Muy alta,Media,Actual,Personaje,Sí
1659,Amaterasu,Mitología,Mitología,Muy alta,Media,Actual,Personaje,Sí
1660,Sun Wukong,Mitología,Mitología,Muy alta,Media,Actual,Personaje,Sí
1661,Pachamama,Mitología,Mitología,Muy alta,Media,Actual,Personaje,Sí
1662,Paella,Gastronomía,Comida,Muy alta,Media,Actual,Objeto,Sí
1663,Gazpacho,Gastronomía,Comida,Muy alta,Media,Actual,Objeto,Sí
1664,Croquetas,Gastronomía,Comida,Muy alta,Media,Actual,Objeto,Sí
1665,Churros,Gastronomía,Comida,Muy alta,Media,Actual,Objeto,Sí
1666,Chocolate,Gastronomía,Comida,Muy alta,Media,Actual,Objeto,Sí
1667,Pulpo a la gallega,Gastronomía,Comida,Muy alta,Media,Actual,Objeto,Sí
1668,Fabada,Gastronomía,Comida,Muy alta,Media,Actual,Objeto,Sí
1669,Calamares,Gastronomía,Comida,Muy alta,Media,Actual,Objeto,Sí
1670,Patatas bravas,Gastronomía,Comida,Muy alta,Media,Actual,Objeto,Sí
1671,Queso manchego,Gastronomía,Comida,Muy alta,Media,Actual,Objeto,Sí
1672,Aceite de oliva,Gastronomía,Comida,Muy alta,Media,Actual,Objeto,Sí
1673,Pizza,Gastronomía,Comida,Muy alta,Media,Actual,Objeto,Sí
1674,Hamburguesa,Gastronomía,Comida,Muy alta,Media,Actual,Objeto,Sí
1675,Sushi,Gastronomía,Comida,Muy alta,Media,Actual,Objeto,Sí
1676,Tacos,Gastronomía,Comida,Muy alta,Media,Actual,Objeto,Sí
1677,Hot dog,Gastronomía,Comida,Muy alta,Media,Actual,Objeto,Sí
1678,Kebab,Gastronomía,Comida,Muy alta,Media,Actual,Objeto,Sí
1679,Ramen,Gastronomía,Comida,Muy alta,Media,Actual,Objeto,Sí
1680,Paella valenciana,Gastronomía,Comida,Muy alta,Media,Actual,Objeto,Sí
1681,Tarta de Santiago,Gastronomía,Comida,Muy alta,Media,Actual,Objeto,Sí
1682,Flan,Gastronomía,Comida,Muy alta,Media,Actual,Objeto,Sí
1683,Cheesecake,Gastronomía,Comida,Muy alta,Media,Actual,Objeto,Sí
1684,Helado,Gastronomía,Comida,Muy alta,Media,Actual,Objeto,Sí
1685,Magdalena,Gastronomía,Comida,Muy alta,Media,Actual,Objeto,Sí
1686,Rosquillas,Gastronomía,Comida,Muy alta,Media,Actual,Objeto,Sí
1687,Empanada,Gastronomía,Comida,Muy alta,Media,Actual,Objeto,Sí
1688,Chorizo,Gastronomía,Comida,Muy alta,Media,Actual,Objeto,Sí
1689,Salmorejo,Gastronomía,Comida,Muy alta,Media,Actual,Objeto,Sí
1690,Pisto,Gastronomía,Comida,Muy alta,Media,Actual,Objeto,Sí
1691,Lentejas,Gastronomía,Comida,Muy alta,Media,Actual,Objeto,Sí
1692,Bacalao,Gastronomía,Comida,Muy alta,Media,Actual,Objeto,Sí
1693,Sangría,Gastronomía,Comida,Muy alta,Media,Actual,Objeto,Sí
1694,Té,Gastronomía,Comida,Muy alta,Media,Actual,Objeto,Sí
1695,Cerveza,Gastronomía,Comida,Muy alta,Media,Actual,Objeto,Sí
1696,Champán,Gastronomía,Comida,Muy alta,Media,Actual,Objeto,Sí
1697,Limón,Gastronomía,Comida,Muy alta,Media,Actual,Objeto,Sí
1698,Manzana,Gastronomía,Comida,Muy alta,Media,Actual,Objeto,Sí
1699,Plátano,Gastronomía,Comida,Muy alta,Media,Actual,Objeto,Sí
1700,Sandía,Gastronomía,Comida,Muy alta,Media,Actual,Objeto,Sí
1701,Melón,Gastronomía,Comida,Muy alta,Media,Actual,Objeto,Sí
1702,Piña,Gastronomía,Comida,Muy alta,Media,Actual,Objeto,Sí
1703,Chocolate blanco,Gastronomía,Comida,Muy alta,Media,Actual,Objeto,Sí
1704,Caramelo,Gastronomía,Comida,Muy alta,Media,Actual,Objeto,Sí
1705,Miel,Gastronomía,Comida,Muy alta,Media,Actual,Objeto,Sí
1706,Vainilla,Gastronomía,Comida,Muy alta,Media,Actual,Objeto,Sí
1707,Ketchup,Gastronomía,Comida,Muy alta,Media,Actual,Objeto,Sí
1708,Mostaza,Gastronomía,Comida,Muy alta,Media,Actual,Objeto,Sí
1709,Palomitas,Gastronomía,Comida,Muy alta,Media,Actual,Objeto,Sí
1710,Chicles,Gastronomía,Comida,Muy alta,Media,Actual,Objeto,Sí
1711,Caramelos,Gastronomía,Comida,Muy alta,Media,Actual,Objeto,Sí
1712,Gato,Naturaleza,Animal,Muy alta,Difícil,Actual,Concepto,Sí
1713,León,Naturaleza,Animal,Muy alta,Difícil,Actual,Concepto,Sí
1714,Mono,Naturaleza,Animal,Muy alta,Difícil,Actual,Concepto,Sí
1715,Chimpancé,Naturaleza,Animal,Muy alta,Difícil,Actual,Concepto,Sí
1716,Cebra,Naturaleza,Animal,Muy alta,Difícil,Actual,Concepto,Sí
1717,Rinoceronte,Naturaleza,Animal,Muy alta,Difícil,Actual,Concepto,Sí
1718,Tortuga,Naturaleza,Animal,Muy alta,Difícil,Actual,Concepto,Sí
1719,Sapo,Naturaleza,Animal,Muy alta,Difícil,Actual,Concepto,Sí
1720,Canario,Naturaleza,Animal,Muy alta,Difícil,Actual,Concepto,Sí
1721,Flamenco,Naturaleza,Animal,Muy alta,Difícil,Actual,Concepto,Sí
1722,Gallina,Naturaleza,Animal,Muy alta,Difícil,Actual,Concepto,Sí
1723,Gallo,Naturaleza,Animal,Muy alta,Difícil,Actual,Concepto,Sí
1724,Caballo,Naturaleza,Animal,Muy alta,Difícil,Actual,Concepto,Sí
1725,Cerdo,Naturaleza,Animal,Muy alta,Difícil,Actual,Concepto,Sí
1726,Cabra,Naturaleza,Animal,Muy alta,Difícil,Actual,Concepto,Sí
1727,Zorro,Naturaleza,Animal,Muy alta,Difícil,Actual,Concepto,Sí
1728,Ciervo,Naturaleza,Animal,Muy alta,Difícil,Actual,Concepto,Sí
1729,Jabalí,Naturaleza,Animal,Muy alta,Difícil,Actual,Concepto,Sí
1730,Erizo,Naturaleza,Animal,Muy alta,Difícil,Actual,Concepto,Sí
1731,Ratón,Naturaleza,Animal,Muy alta,Difícil,Actual,Concepto,Sí
1732,Conejo,Naturaleza,Animal,Muy alta,Difícil,Actual,Concepto,Sí
1733,Liebre,Naturaleza,Animal,Muy alta,Difícil,Actual,Concepto,Sí
1734,Escorpión,Naturaleza,Animal,Muy alta,Difícil,Actual,Concepto,Sí
1735,Mosquito,Naturaleza,Animal,Muy alta,Difícil,Actual,Concepto,Sí
1736,Mariquita,Naturaleza,Animal,Muy alta,Difícil,Actual,Concepto,Sí
1737,Caracol,Naturaleza,Animal,Muy alta,Difícil,Actual,Concepto,Sí
1738,Langosta,Naturaleza,Animal,Muy alta,Difícil,Actual,Concepto,Sí
1739,Estrella de mar,Naturaleza,Animal,Muy alta,Difícil,Actual,Concepto,Sí
1740,Pingüino emperador,Naturaleza,Animal,Muy alta,Difícil,Actual,Concepto,Sí
1741,Águila real,Naturaleza,Animal,Muy alta,Difícil,Actual,Concepto,Sí
1742,Oso panda,Naturaleza,Animal,Muy alta,Difícil,Actual,Concepto,Sí
1743,Tigre de Bengala,Naturaleza,Animal,Muy alta,Difícil,Actual,Concepto,Sí
1744,Leopardo,Naturaleza,Animal,Muy alta,Difícil,Actual,Concepto,Sí
1745,Guepardo,Naturaleza,Animal,Muy alta,Difícil,Actual,Concepto,Sí
1746,Suricata,Naturaleza,Animal,Muy alta,Difícil,Actual,Concepto,Sí
1747,Perezoso,Naturaleza,Animal,Muy alta,Difícil,Actual,Concepto,Sí
1748,Iguana,Naturaleza,Animal,Muy alta,Difícil,Actual,Concepto,Sí
1749,Salamandra,Naturaleza,Animal,Muy alta,Difícil,Actual,Concepto,Sí
1750,Boa,Naturaleza,Animal,Muy alta,Difícil,Actual,Concepto,Sí
1751,Pitón,Naturaleza,Animal,Muy alta,Difícil,Actual,Concepto,Sí
1752,Orca,Naturaleza,Animal,Muy alta,Difícil,Actual,Concepto,Sí
1753,Foca,Naturaleza,Animal,Muy alta,Difícil,Actual,Concepto,Sí
1754,Pelícano,Naturaleza,Animal,Muy alta,Difícil,Actual,Concepto,Sí
1755,Cigüeña,Naturaleza,Animal,Muy alta,Difícil,Actual,Concepto,Sí
1756,Pato,Naturaleza,Animal,Muy alta,Difícil,Actual,Concepto,Sí
1757,Pez espada,Naturaleza,Animal,Muy alta,Difícil,Actual,Concepto,Sí
1758,Atún,Naturaleza,Animal,Muy alta,Difícil,Actual,Concepto,Sí
1759,Trucha,Naturaleza,Animal,Muy alta,Difícil,Actual,Concepto,Sí
1760,Romário,Deportes,Futbolistas,Muy alta,Fácil,Actual,Persona,Sí
1761,Franz Beckenbauer,Deportes,Futbolistas,Muy alta,Fácil,Actual,Persona,Sí
1762,Michel Platini,Deportes,Futbolistas,Muy alta,Fácil,Actual,Persona,Sí
1763,Marco van Basten,Deportes,Futbolistas,Muy alta,Fácil,Actual,Persona,Sí
1764,George Best,Deportes,Futbolistas,Muy alta,Fácil,Actual,Persona,Sí
1765,Garrincha,Deportes,Futbolistas,Muy alta,Fácil,Actual,Persona,Sí
1766,Eusébio,Deportes,Futbolistas,Muy alta,Fácil,Actual,Persona,Sí
1767,Paolo Maldini,Deportes,Futbolistas,Muy alta,Fácil,Actual,Persona,Sí
1768,Manuel Neuer,Deportes,Futbolistas,Muy alta,Fácil,Actual,Persona,Sí
1769,Pedri,Deportes,Futbolistas,Muy alta,Fácil,Actual,Persona,Sí
1770,Rodri,Deportes,Futbolistas,Muy alta,Fácil,Actual,Persona,Sí
1771,Didier Drogba,Deportes,Futbolistas,Muy alta,Fácil,Actual,Persona,Sí
1772,Samuel Eto’o,Deportes,Futbolistas,Muy alta,Fácil,Actual,Persona,Sí
1773,Gennaro Gattuso,Deportes,Futbolistas,Muy alta,Fácil,Actual,Persona,Sí
1774,John Terry,Deportes,Futbolistas,Muy alta,Fácil,Actual,Persona,Sí
1775,Rio Ferdinand,Deportes,Futbolistas,Muy alta,Fácil,Actual,Persona,Sí
1776,Virgil van Dijk,Deportes,Futbolistas,Muy alta,Fácil,Actual,Persona,Sí
1777,Son Heung-min,Deportes,Futbolistas,Muy alta,Fácil,Actual,Persona,Sí
1778,Sadio Mané,Deportes,Futbolistas,Muy alta,Fácil,Actual,Persona,Sí
1779,Bukayo Saka,Deportes,Futbolistas,Muy alta,Fácil,Actual,Persona,Sí
1780,Marcus Rashford,Deportes,Futbolistas,Muy alta,Fácil,Actual,Persona,Sí
1781,Ángel Di María,Deportes,Futbolistas,Muy alta,Fácil,Actual,Persona,Sí
1782,Kaká,Deportes,Futbolistas,Muy alta,Fácil,Actual,Persona,Sí
1783,Rivaldo,Deportes,Futbolistas,Muy alta,Fácil,Actual,Persona,Sí
1784,Cafu,Deportes,Futbolistas,Muy alta,Fácil,Actual,Persona,Sí
1785,Marcelo,Deportes,Futbolistas,Muy alta,Fácil,Actual,Persona,Sí
1786,Dani Alves,Deportes,Futbolistas,Muy alta,Fácil,Actual,Persona,Sí
1787,Jordi Alba,Deportes,Futbolistas,Muy alta,Fácil,Actual,Persona,Sí
1788,Santi Cazorla,Deportes,Futbolistas,Muy alta,Fácil,Actual,Persona,Sí
1789,Juan Mata,Deportes,Futbolistas,Muy alta,Fácil,Actual,Persona,Sí
1790,Joaquín Sánchez,Deportes,Futbolistas,Muy alta,Fácil,Actual,Persona,Sí
1791,Arsène Wenger,Deportes,Futbolistas,Muy alta,Fácil,Actual,Persona,Sí
1792,Alex Ferguson,Deportes,Futbolistas,Muy alta,Fácil,Actual,Persona,Sí
1793,Larry Bird,Deportes,Baloncesto,Muy alta,Fácil,Actual,Persona,Sí
1794,Kareem Abdul-Jabbar,Deportes,Baloncesto,Muy alta,Fácil,Actual,Persona,Sí
1795,Wilt Chamberlain,Deportes,Baloncesto,Muy alta,Fácil,Actual,Persona,Sí
1796,Bill Russell,Deportes,Baloncesto,Muy alta,Fácil,Actual,Persona,Sí
1797,Kevin Durant,Deportes,Baloncesto,Muy alta,Fácil,Actual,Persona,Sí
1798,Giannis Antetokounmpo,Deportes,Baloncesto,Muy alta,Fácil,Actual,Persona,Sí
1799,Nikola Jokić,Deportes,Baloncesto,Muy alta,Fácil,Actual,Persona,Sí
1800,Luka Dončić,Deportes,Baloncesto,Muy alta,Fácil,Actual,Persona,Sí
1801,James Harden,Deportes,Baloncesto,Muy alta,Fácil,Actual,Persona,Sí
1802,Allen Iverson,Deportes,Baloncesto,Muy alta,Fácil,Actual,Persona,Sí
1803,Charles Barkley,Deportes,Baloncesto,Muy alta,Fácil,Actual,Persona,Sí
1804,Dennis Rodman,Deportes,Baloncesto,Muy alta,Fácil,Actual,Persona,Sí
1805,Scottie Pippen,Deportes,Baloncesto,Muy alta,Fácil,Actual,Persona,Sí
1806,Dirk Nowitzki,Deportes,Baloncesto,Muy alta,Fácil,Actual,Persona,Sí
1807,Diana Taurasi,Deportes,Baloncesto,Muy alta,Fácil,Actual,Persona,Sí
1808,Chris Evert,Deportes,Tenis y pádel,Muy alta,Fácil,Actual,Persona,Sí
1809,Billie Jean King,Deportes,Tenis y pádel,Muy alta,Fácil,Actual,Persona,Sí
1810,Andre Agassi,Deportes,Tenis y pádel,Muy alta,Fácil,Actual,Persona,Sí
1811,Pete Sampras,Deportes,Tenis y pádel,Muy alta,Fácil,Actual,Persona,Sí
1812,Björn Borg,Deportes,Tenis y pádel,Muy alta,Fácil,Actual,Persona,Sí
1813,John McEnroe,Deportes,Tenis y pádel,Muy alta,Fácil,Actual,Persona,Sí
1814,Andy Murray,Deportes,Tenis y pádel,Muy alta,Fácil,Actual,Persona,Sí
1815,Daniil Medvedev,Deportes,Tenis y pádel,Muy alta,Fácil,Actual,Persona,Sí
1816,Jannik Sinner,Deportes,Tenis y pádel,Muy alta,Fácil,Actual,Persona,Sí
1817,Iga Świątek,Deportes,Tenis y pádel,Muy alta,Fácil,Actual,Persona,Sí
1818,Aryna Sabalenka,Deportes,Tenis y pádel,Muy alta,Fácil,Actual,Persona,Sí
1819,Manolo Santana,Deportes,Tenis y pádel,Muy alta,Fácil,Actual,Persona,Sí
1820,David Ferrer,Deportes,Tenis y pádel,Muy alta,Fácil,Actual,Persona,Sí
1821,Juan Carlos Ferrero,Deportes,Tenis y pádel,Muy alta,Fácil,Actual,Persona,Sí
1822,Carlos Moyá,Deportes,Tenis y pádel,Muy alta,Fácil,Actual,Persona,Sí
1823,Alain Prost,Deportes,Automovilismo y motociclismo,Muy alta,Fácil,Actual,Persona,Sí
1824,Niki Lauda,Deportes,Automovilismo y motociclismo,Muy alta,Fácil,Actual,Persona,Sí
1825,Nigel Mansell,Deportes,Automovilismo y motociclismo,Muy alta,Fácil,Actual,Persona,Sí
1826,Jackie Stewart,Deportes,Automovilismo y motociclismo,Muy alta,Fácil,Actual,Persona,Sí
1827,Juan Manuel Fangio,Deportes,Automovilismo y motociclismo,Muy alta,Fácil,Actual,Persona,Sí
1828,Kimi Räikkönen,Deportes,Automovilismo y motociclismo,Muy alta,Fácil,Actual,Persona,Sí
1829,Charles Leclerc,Deportes,Automovilismo y motociclismo,Muy alta,Fácil,Actual,Persona,Sí
1830,Lando Norris,Deportes,Automovilismo y motociclismo,Muy alta,Fácil,Actual,Persona,Sí
1831,Ángel Nieto,Deportes,Automovilismo y motociclismo,Muy alta,Fácil,Actual,Persona,Sí
1832,Jesse Owens,Deportes,Otros deportes,Muy alta,Fácil,Actual,Persona,Sí
1833,Rafaela Silva,Deportes,Otros deportes,Muy alta,Fácil,Actual,Persona,Sí
1834,Seve Ballesteros,Deportes,Otros deportes,Muy alta,Fácil,Actual,Persona,Sí
1835,Jon Rahm,Deportes,Otros deportes,Muy alta,Fácil,Actual,Persona,Sí
1836,Tony Hawk,Deportes,Otros deportes,Muy alta,Fácil,Actual,Persona,Sí
1837,Chris Froome,Deportes,Otros deportes,Muy alta,Fácil,Actual,Persona,Sí
1838,Tadej Pogačar,Deportes,Otros deportes,Muy alta,Fácil,Actual,Persona,Sí
1839,Marianne Vos,Deportes,Otros deportes,Muy alta,Fácil,Actual,Persona,Sí
1840,Floyd Mayweather,Deportes,Otros deportes,Muy alta,Fácil,Actual,Persona,Sí
1841,Khabib Nurmagomedov,Deportes,Otros deportes,Muy alta,Fácil,Actual,Persona,Sí
1842,Fernando Romay,Deportes,Otros deportes,Muy alta,Fácil,Actual,Persona,Sí
1843,Carlos Sainz Sr.,Deportes,Otros deportes,Muy alta,Fácil,Actual,Persona,Sí
1844,Manuel Carrasco,Música,Cantantes españoles,Muy alta,Fácil,Actual,Persona,Sí
1845,Malú,Música,Cantantes españoles,Muy alta,Fácil,Actual,Persona,Sí
1846,Vanesa Martín,Música,Cantantes españoles,Muy alta,Fácil,Actual,Persona,Sí
1847,India Martínez,Música,Cantantes españoles,Muy alta,Fácil,Actual,Persona,Sí
1848,Pastora Soler,Música,Cantantes españoles,Muy alta,Fácil,Actual,Persona,Sí
1849,Edurne,Música,Cantantes españoles,Muy alta,Fácil,Actual,Persona,Sí
1850,Soraya Arnelas,Música,Cantantes españoles,Muy alta,Fácil,Actual,Persona,Sí
1851,Bebe,Música,Cantantes españoles,Muy alta,Fácil,Actual,Persona,Sí
1852,Rozalén,Música,Cantantes españoles,Muy alta,Fácil,Actual,Persona,Sí
1853,Rels B,Música,Cantantes españoles,Muy alta,Fácil,Actual,Persona,Sí
1854,Drake,Música,Internacionales,Muy alta,Fácil,Actual,Persona,Sí
1855,Dean Martin,Música,Internacionales,Muy alta,Fácil,Actual,Persona,Sí
1856,Nat King Cole,Música,Internacionales,Muy alta,Fácil,Actual,Persona,Sí
1857,Lionel Richie,Música,Internacionales,Muy alta,Fácil,Actual,Persona,Sí
1858,Tom Jones,Música,Internacionales,Muy alta,Fácil,Actual,Persona,Sí
1859,Andrea Bocelli,Música,Internacionales,Muy alta,Fácil,Actual,Persona,Sí
1860,Pavarotti,Música,Internacionales,Muy alta,Fácil,Actual,Persona,Sí
1861,Led Zeppelin,Música,Grupos y bandas,Muy alta,Difícil,Actual,Grupo,Sí
1862,The Beach Boys,Música,Grupos y bandas,Muy alta,Difícil,Actual,Grupo,Sí
1863,OneRepublic,Música,Grupos y bandas,Muy alta,Difícil,Actual,Grupo,Sí
1864,The Killers,Música,Grupos y bandas,Muy alta,Difícil,Actual,Grupo,Sí
1865,Gorillaz,Música,Grupos y bandas,Muy alta,Difícil,Actual,Grupo,Sí
1866,NSYNC,Música,Grupos y bandas,Muy alta,Difícil,Actual,Grupo,Sí
1867,Destiny’s Child,Música,Grupos y bandas,Muy alta,Difícil,Actual,Grupo,Sí
1868,Fito y Fitipaldis,Música,Grupos y bandas,Muy alta,Difícil,Actual,Grupo,Sí
1869,Alaska y Dinarama,Música,Grupos y bandas,Muy alta,Difícil,Actual,Grupo,Sí
1870,Soda Stereo,Música,Grupos y bandas,Muy alta,Difícil,Actual,Grupo,Sí
1871,Los Rodríguez,Música,Grupos y bandas,Muy alta,Difícil,Actual,Grupo,Sí
1872,Café Tacvba,Música,Grupos y bandas,Muy alta,Difícil,Actual,Grupo,Sí
1873,RBD,Música,Grupos y bandas,Muy alta,Difícil,Actual,Grupo,Sí
1874,Carmen Maura,Cine y TV,Actores y actrices,Muy alta,Fácil,Actual,Persona,Sí
1875,Maribel Verdú,Cine y TV,Actores y actrices,Muy alta,Fácil,Actual,Persona,Sí
1876,Luis Tosar,Cine y TV,Actores y actrices,Muy alta,Fácil,Actual,Persona,Sí
1877,Mario Casas,Cine y TV,Actores y actrices,Muy alta,Fácil,Actual,Persona,Sí
1878,Paco León,Cine y TV,Actores y actrices,Muy alta,Fácil,Actual,Persona,Sí
1879,Belén Rueda,Cine y TV,Actores y actrices,Muy alta,Fácil,Actual,Persona,Sí
1880,Paz Vega,Cine y TV,Actores y actrices,Muy alta,Fácil,Actual,Persona,Sí
1881,Inma Cuesta,Cine y TV,Actores y actrices,Muy alta,Fácil,Actual,Persona,Sí
1882,Adriana Ugarte,Cine y TV,Actores y actrices,Muy alta,Fácil,Actual,Persona,Sí
1883,Blanca Suárez,Cine y TV,Actores y actrices,Muy alta,Fácil,Actual,Persona,Sí
1884,Úrsula Corberó,Cine y TV,Actores y actrices,Muy alta,Fácil,Actual,Persona,Sí
1885,Miguel Ángel Silvestre,Cine y TV,Actores y actrices,Muy alta,Fácil,Histórica,Persona,Sí
1886,Álvaro Morte,Cine y TV,Actores y actrices,Muy alta,Fácil,Actual,Persona,Sí
1887,Sylvester Stallone,Cine y TV,Actores y actrices,Muy alta,Fácil,Actual,Persona,Sí
1888,Charlize Theron,Cine y TV,Actores y actrices,Muy alta,Fácil,Actual,Persona,Sí
1889,Natalie Portman,Cine y TV,Actores y actrices,Muy alta,Fácil,Actual,Persona,Sí
1890,Jennifer Aniston,Cine y TV,Actores y actrices,Muy alta,Fácil,Actual,Persona,Sí
1891,Matt Damon,Cine y TV,Actores y actrices,Muy alta,Fácil,Actual,Persona,Sí
1892,Harrison Ford,Cine y TV,Actores y actrices,Muy alta,Fácil,Actual,Persona,Sí
1893,Christian Bale,Cine y TV,Actores y actrices,Muy alta,Fácil,Actual,Persona,Sí
1894,Ryan Gosling,Cine y TV,Actores y actrices,Muy alta,Fácil,Actual,Persona,Sí
1895,Robert Downey Jr.,Cine y TV,Actores y actrices,Muy alta,Fácil,Actual,Persona,Sí
1896,Mark Ruffalo,Cine y TV,Actores y actrices,Muy alta,Fácil,Actual,Persona,Sí
1897,Anne Hathaway,Cine y TV,Actores y actrices,Muy alta,Fácil,Actual,Persona,Sí
1898,Rupert Grint,Cine y TV,Actores y actrices,Muy alta,Fácil,Actual,Persona,Sí
1899,Sigourney Weaver,Cine y TV,Actores y actrices,Muy alta,Fácil,Actual,Persona,Sí
1900,Uma Thurman,Cine y TV,Actores y actrices,Muy alta,Fácil,Actual,Persona,Sí
1901,Michelle Pfeiffer,Cine y TV,Actores y actrices,Muy alta,Fácil,Actual,Persona,Sí
1902,Cameron Diaz,Cine y TV,Actores y actrices,Muy alta,Fácil,Actual,Persona,Sí
1903,Drew Barrymore,Cine y TV,Actores y actrices,Muy alta,Fácil,Actual,Persona,Sí
1904,Kate Winslet,Cine y TV,Actores y actrices,Muy alta,Fácil,Actual,Persona,Sí
1905,Hugh Grant,Cine y TV,Actores y actrices,Muy alta,Fácil,Actual,Persona,Sí
1906,Colin Firth,Cine y TV,Actores y actrices,Muy alta,Fácil,Actual,Persona,Sí
1907,Benedict Cumberbatch,Cine y TV,Actores y actrices,Muy alta,Fácil,Actual,Persona,Sí
1908,Jude Law,Cine y TV,Actores y actrices,Muy alta,Fácil,Actual,Persona,Sí
1909,Ewan McGregor,Cine y TV,Actores y actrices,Muy alta,Fácil,Actual,Persona,Sí
1910,Ian McKellen,Cine y TV,Actores y actrices,Muy alta,Fácil,Actual,Persona,Sí
1911,Patrick Stewart,Cine y TV,Actores y actrices,Muy alta,Fácil,Actual,Persona,Sí
1912,Gary Oldman,Cine y TV,Actores y actrices,Muy alta,Fácil,Actual,Persona,Sí
1913,Anthony Hopkins,Cine y TV,Actores y actrices,Muy alta,Fácil,Actual,Persona,Sí
1914,Ralph Fiennes,Cine y TV,Actores y actrices,Muy alta,Fácil,Actual,Persona,Sí
1915,Cillian Murphy,Cine y TV,Actores y actrices,Muy alta,Fácil,Actual,Persona,Sí
1916,Star Trek,Cine,Películas y franquicias,Muy alta,Media,Actual,Película,Sí
1917,Noche en el museo,Cine,Películas y franquicias,Muy alta,Media,Actual,Película,Sí
1918,Supernatural,Series,Series internacionales,Muy alta,Media,Actual,Serie,Sí
1919,Hannah Montana,Series,Series internacionales,Muy alta,Media,Actual,Serie,Sí
1920,Lizzie McGuire,Series,Series internacionales,Muy alta,Media,Actual,Serie,Sí
1921,iCarly,Series,Series internacionales,Muy alta,Media,Actual,Serie,Sí
1922,"Sabrina, cosas de brujas",Series,Series internacionales,Muy alta,Media,Clásica,Serie,Sí
1923,Pato Lucas,Personajes,Animación,Muy alta,Fácil,Actual,Personaje,Sí
1924,Astroboy,Personajes,Animación,Muy alta,Fácil,Actual,Personaje,Sí
1925,Calamardo,Personajes,Animación,Muy alta,Fácil,Actual,Personaje,Sí
1926,George Pig,Personajes,Animación,Muy alta,Fácil,Actual,Personaje,Sí
1927,Caillou,Personajes,Animación,Muy alta,Fácil,Actual,Personaje,Sí
1928,Wallace,Personajes,Animación,Muy alta,Fácil,Actual,Personaje,Sí
1929,Gromit,Personajes,Animación,Muy alta,Fácil,Actual,Personaje,Sí
1930,Pepe Le Pew,Personajes,Animación,Muy alta,Fácil,Actual,Personaje,Sí
1931,Correcaminos,Personajes,Animación,Muy alta,Fácil,Actual,Personaje,Sí
1932,Coyote,Personajes,Animación,Muy alta,Fácil,Actual,Personaje,Sí
1933,El Pájaro Loco,Personajes,Animación,Muy alta,Fácil,Actual,Personaje,Sí
1934,Milú,Personajes,Animación,Muy alta,Fácil,Actual,Personaje,Sí
1935,Bob el Constructor,Personajes,Animación,Muy alta,Fácil,Actual,Personaje,Sí
1936,Thomas la Locomotora,Personajes,Animación,Muy alta,Fácil,Actual,Personaje,Sí
1937,Princesa Leia,Personajes,Cómic y ficción,Muy alta,Fácil,Actual,Personaje,Sí
1938,Han Solo,Personajes,Cómic y ficción,Muy alta,Fácil,Actual,Personaje,Sí
1939,Albus Dumbledore,Personajes,Cómic y ficción,Muy alta,Fácil,Actual,Personaje,Sí
1940,Lord Voldemort,Personajes,Cómic y ficción,Muy alta,Fácil,Actual,Personaje,Sí
1941,El Zorro,Personajes,Cómic y ficción,Muy alta,Fácil,Actual,Personaje,Sí
1942,La Reina Malvada,Personajes,Cómic y ficción,Muy alta,Fácil,Actual,Personaje,Sí
1943,Nala,Personajes,Cómic y ficción,Muy alta,Fácil,Actual,Personaje,Sí
1944,Mufasa,Personajes,Cómic y ficción,Muy alta,Fácil,Actual,Personaje,Sí
1945,Moana,Personajes,Cómic y ficción,Muy alta,Fácil,Actual,Personaje,Sí
1946,Mate,Gastronomía,Comida internacional,Muy alta,Media,Actual,Objeto,Sí
1947,Mike Wazowski,Personajes,Cómic y ficción,Muy alta,Fácil,Actual,Personaje,Sí
1948,Sulley,Personajes,Cómic y ficción,Muy alta,Fácil,Actual,Personaje,Sí
1949,Hipo,Personajes,Cómic y ficción,Muy alta,Fácil,Actual,Personaje,Sí
1950,Chimuelo,Personajes,Cómic y ficción,Muy alta,Fácil,Actual,Personaje,Sí
1951,Jack Skellington,Personajes,Cómic y ficción,Muy alta,Fácil,Actual,Personaje,Sí
1952,Camilo José Cela,Literatura,Autores,Muy alta,Difícil,Histórica,Persona,Sí
1953,Mario Vargas Llosa,Literatura,Autores,Muy alta,Difícil,Histórica,Persona,Sí
1954,Pablo Neruda,Literatura,Autores,Muy alta,Difícil,Histórica,Persona,Sí
1955,Jorge Luis Borges,Literatura,Autores,Muy alta,Difícil,Histórica,Persona,Sí
1956,Julio Cortázar,Literatura,Autores,Muy alta,Difícil,Histórica,Persona,Sí
1957,Gabriel Miró,Literatura,Autores,Muy alta,Difícil,Histórica,Persona,Sí
1958,Francisco de Quevedo,Literatura,Autores,Muy alta,Difícil,Actual,Persona,Sí
1959,Tirso de Molina,Literatura,Autores,Muy alta,Difícil,Histórica,Persona,Sí
1960,Aldous Huxley,Literatura,Autores,Muy alta,Difícil,Histórica,Persona,Sí
1961,J. R. R. Tolkien,Literatura,Autores,Muy alta,Difícil,Histórica,Persona,Sí
1962,C. S. Lewis,Literatura,Autores,Muy alta,Difícil,Histórica,Persona,Sí
1963,Arthur Conan Doyle,Literatura,Autores,Muy alta,Difícil,Histórica,Persona,Sí
1964,Alexandre Dumas,Literatura,Autores,Muy alta,Difícil,Histórica,Persona,Sí
1965,F. Scott Fitzgerald,Literatura,Autores,Muy alta,Difícil,Histórica,Persona,Sí
1966,Leo Tolstoy,Literatura,Autores,Muy alta,Difícil,Histórica,Persona,Sí
1967,Fiódor Dostoyevski,Literatura,Autores,Muy alta,Difícil,Histórica,Persona,Sí
1968,Antón Chéjov,Literatura,Autores,Muy alta,Difícil,Histórica,Persona,Sí
1969,Homero,Literatura,Autores,Muy alta,Difícil,Histórica,Persona,Sí
1970,Virgilio,Literatura,Autores,Muy alta,Difícil,Histórica,Persona,Sí
1971,Franz Kafka,Literatura,Autores,Muy alta,Difícil,Histórica,Persona,Sí
1972,Albert Camus,Literatura,Autores,Muy alta,Difícil,Histórica,Persona,Sí
1973,Robert Louis Stevenson,Literatura,Autores,Muy alta,Difícil,Histórica,Persona,Sí
1974,Bram Stoker,Literatura,Autores,Muy alta,Difícil,Histórica,Persona,Sí
1975,Mary Shelley,Literatura,Autores,Muy alta,Difícil,Histórica,Persona,Sí
1976,Louisa May Alcott,Literatura,Autores,Muy alta,Difícil,Histórica,Persona,Sí
1977,Haruki Murakami,Literatura,Autores,Muy alta,Difícil,Histórica,Persona,Sí
1978,Paulo Coelho,Literatura,Autores,Muy alta,Difícil,Histórica,Persona,Sí
1979,Stieg Larsson,Literatura,Autores,Muy alta,Difícil,Histórica,Persona,Sí
1980,Don Quijote de la Mancha,Literatura,Obras,Muy alta,Difícil,Histórica,Obra,Sí
1981,La casa de Bernarda Alba,Literatura,Obras,Muy alta,Difícil,Histórica,Obra,Sí
1982,Romancero gitano,Literatura,Obras,Muy alta,Difícil,Histórica,Obra,Sí
1983,Cien años de soledad,Literatura,Obras,Muy alta,Difícil,Histórica,Obra,Sí
1984,El amor en los tiempos del cólera,Literatura,Obras,Muy alta,Difícil,Histórica,Obra,Sí
1985,David Copperfield,Literatura,Obras,Muy alta,Difícil,Histórica,Obra,Sí
1986,Orgullo y prejuicio,Literatura,Obras,Muy alta,Difícil,Histórica,Obra,Sí
1987,Jane Eyre,Literatura,Obras,Muy alta,Difícil,Histórica,Obra,Sí
1988,Cumbres Borrascosas,Literatura,Obras,Muy alta,Difícil,Histórica,Obra,Sí
1989,Un mundo feliz,Literatura,Obras,Muy alta,Difícil,Histórica,Obra,Sí
1990,Veinte mil leguas de viaje submarino,Literatura,Obras,Muy alta,Difícil,Histórica,Obra,Sí
1991,Viaje al centro de la Tierra,Literatura,Obras,Muy alta,Difícil,Histórica,Obra,Sí
1992,El viejo y el mar,Literatura,Obras,Muy alta,Difícil,Histórica,Obra,Sí
1993,El gran Gatsby,Literatura,Obras,Muy alta,Difícil,Histórica,Obra,Sí
1994,Crimen y castigo,Literatura,Obras,Muy alta,Difícil,Histórica,Obra,Sí
1995,Anna Karénina,Literatura,Obras,Muy alta,Difícil,Histórica,Obra,Sí
1996,Guerra y paz,Literatura,Obras,Muy alta,Difícil,Histórica,Obra,Sí
1997,Los miserables,Literatura,Obras,Muy alta,Difícil,Histórica,Obra,Sí
1998,El perfume,Literatura,Obras,Muy alta,Difícil,Histórica,Obra,Sí
1999,Isabel I de Inglaterra,Historia,Personajes históricos,Muy alta,Media,Histórica,Persona,Sí
2000,Charles de Gaulle,Historia,Personajes históricos,Muy alta,Media,Histórica,Persona,Sí
2001,Atila,Historia,Personajes históricos,Muy alta,Media,Histórica,Persona,Sí
2002,Alan Turing,Historia,Personajes históricos,Muy alta,Media,Histórica,Persona,Sí
2003,Ada Lovelace,Historia,Personajes históricos,Muy alta,Media,Histórica,Persona,Sí
2004,Michelangelo,Historia,Personajes históricos,Muy alta,Media,Histórica,Persona,Sí
2005,Beethoven,Historia,Personajes históricos,Muy alta,Media,Histórica,Persona,Sí
2006,Mozart,Historia,Personajes históricos,Muy alta,Media,Histórica,Persona,Sí
2007,Bach,Historia,Personajes históricos,Muy alta,Media,Histórica,Persona,Sí
2008,Vivaldi,Historia,Personajes históricos,Muy alta,Media,Histórica,Persona,Sí
2009,Chopin,Historia,Personajes históricos,Muy alta,Media,Histórica,Persona,Sí
2010,Tchaikovsky,Historia,Personajes históricos,Muy alta,Media,Histórica,Persona,Sí
2011,Verdi,Historia,Personajes históricos,Muy alta,Media,Histórica,Persona,Sí
2012,Wagner,Historia,Personajes históricos,Muy alta,Media,Histórica,Persona,Sí
2013,Walt Disney,Historia,Personajes históricos,Muy alta,Media,Histórica,Persona,Sí
2014,Steve Jobs,Historia,Personajes históricos,Muy alta,Media,Histórica,Persona,Sí
2015,Bill Gates,Historia,Personajes históricos,Muy alta,Media,Histórica,Persona,Sí
2016,El Bosco,Arte,Artistas y obras,Muy alta,Difícil,Histórica,Obra,Sí
2017,Rubens,Arte,Artistas y obras,Muy alta,Difícil,Histórica,Obra,Sí
2018,Gauguin,Arte,Artistas y obras,Muy alta,Difícil,Histórica,Obra,Sí
2019,Klimt,Arte,Artistas y obras,Muy alta,Difícil,Histórica,Obra,Sí
2020,Da Vinci,Arte,Artistas y obras,Muy alta,Difícil,Histórica,Obra,Sí
2021,Matisse,Arte,Artistas y obras,Muy alta,Difícil,Histórica,Obra,Sí
2022,Mondrian,Arte,Artistas y obras,Muy alta,Difícil,Histórica,Obra,Sí
2023,Pollock,Arte,Artistas y obras,Muy alta,Difícil,Histórica,Obra,Sí
2024,Basquiat,Arte,Artistas y obras,Muy alta,Difícil,Histórica,Obra,Sí
2025,Pablo Gargallo,Arte,Artistas y obras,Muy alta,Difícil,Histórica,Obra,Sí
2026,Eduardo Chillida,Arte,Artistas y obras,Muy alta,Difícil,Histórica,Obra,Sí
2027,Palma de Mallorca,Lugares,Ciudades,Muy alta,Fácil,Actual,Lugar,Sí
2028,Vigo,Lugares,Ciudades,Muy alta,Fácil,Actual,Lugar,Sí
2029,A Coruña,Lugares,Ciudades,Muy alta,Fácil,Actual,Lugar,Sí
2030,Oviedo,Lugares,Ciudades,Muy alta,Fácil,Actual,Lugar,Sí
2031,Gijón,Lugares,Ciudades,Muy alta,Fácil,Actual,Lugar,Sí
2032,Pamplona,Lugares,Ciudades,Muy alta,Fácil,Actual,Lugar,Sí
2033,Cádiz,Lugares,Ciudades,Muy alta,Fácil,Actual,Lugar,Sí
2034,Las Palmas,Lugares,Ciudades,Muy alta,Fácil,Actual,Lugar,Sí
2035,Copenhague,Lugares,Ciudades,Muy alta,Fácil,Actual,Lugar,Sí
2036,Estocolmo,Lugares,Ciudades,Muy alta,Fácil,Actual,Lugar,Sí
2037,Oslo,Lugares,Ciudades,Muy alta,Fácil,Actual,Lugar,Sí
2038,Helsinki,Lugares,Ciudades,Muy alta,Fácil,Actual,Lugar,Sí
2039,Montreal,Lugares,Ciudades,Muy alta,Fácil,Actual,Lugar,Sí
2040,São Paulo,Lugares,Ciudades,Muy alta,Fácil,Actual,Lugar,Sí
2041,Quito,Lugares,Ciudades,Muy alta,Fácil,Actual,Lugar,Sí
2042,La Paz,Lugares,Ciudades,Muy alta,Fácil,Actual,Lugar,Sí
2043,Montevideo,Lugares,Ciudades,Muy alta,Fácil,Actual,Lugar,Sí
2044,Punta Cana,Lugares,Ciudades,Muy alta,Fácil,Actual,Lugar,Sí
2045,Osaka,Lugares,Ciudades,Muy alta,Fácil,Actual,Lugar,Sí
2046,Hong Kong,Lugares,Ciudades,Muy alta,Fácil,Actual,Lugar,Sí
2047,Bombay,Lugares,Ciudades,Muy alta,Fácil,Actual,Lugar,Sí
2048,Marrakech,Lugares,Ciudades,Muy alta,Fácil,Actual,Lugar,Sí
2049,Nairobi,Lugares,Ciudades,Muy alta,Fácil,Actual,Lugar,Sí
2050,Johannesburgo,Lugares,Ciudades,Muy alta,Fácil,Actual,Lugar,Sí
2051,Fontana di Trevi,Lugares,Monumentos y lugares famosos,Muy alta,Fácil,Actual,Lugar,Sí
2052,Torre de Pisa,Lugares,Monumentos y lugares famosos,Muy alta,Fácil,Actual,Lugar,Sí
2053,Empire State Building,Lugares,Monumentos y lugares famosos,Muy alta,Fácil,Actual,Lugar,Sí
2054,Puente Golden Gate,Lugares,Monumentos y lugares famosos,Muy alta,Fácil,Actual,Lugar,Sí
2055,Pentágono,Lugares,Monumentos y lugares famosos,Muy alta,Fácil,Actual,Lugar,Sí
2056,Monte Rushmore,Lugares,Monumentos y lugares famosos,Muy alta,Fácil,Actual,Lugar,Sí
2057,Ciudad Prohibida,Lugares,Monumentos y lugares famosos,Muy alta,Fácil,Actual,Lugar,Sí
2058,Ópera de Sídney,Lugares,Monumentos y lugares famosos,Muy alta,Fácil,Actual,Lugar,Sí
2059,Burj Khalifa,Lugares,Monumentos y lugares famosos,Muy alta,Fácil,Actual,Lugar,Sí
2060,Petra,Lugares,Monumentos y lugares famosos,Muy alta,Fácil,Actual,Lugar,Sí
2061,Mar Muerto,Lugares,Monumentos y lugares famosos,Muy alta,Fácil,Actual,Lugar,Sí
2062,Islas Galápagos,Lugares,Monumentos y lugares famosos,Muy alta,Fácil,Actual,Lugar,Sí
2063,Versalles,Lugares,Monumentos y lugares famosos,Muy alta,Fácil,Actual,Lugar,Sí
2064,Notre Dame,Lugares,Monumentos y lugares famosos,Muy alta,Fácil,Actual,Lugar,Sí
2065,Louvre,Lugares,Monumentos y lugares famosos,Muy alta,Fácil,Actual,Lugar,Sí
2066,Museo Británico,Lugares,Monumentos y lugares famosos,Muy alta,Fácil,Actual,Lugar,Sí
2067,Disney World,Lugares,Monumentos y lugares famosos,Muy alta,Fácil,Actual,Lugar,Sí
2068,Silicon Valley,Lugares,Monumentos y lugares famosos,Muy alta,Fácil,Actual,Lugar,Sí
2069,Área 51,Lugares,Monumentos y lugares famosos,Muy alta,Fácil,Actual,Lugar,Sí
2070,Bermudas,Lugares,Monumentos y lugares famosos,Muy alta,Fácil,Actual,Lugar,Sí
2071,Cocido montañés,Gastronomía,Platos españoles,Muy alta,Media,Actual,Objeto,Sí
2072,Callos,Gastronomía,Platos españoles,Muy alta,Media,Actual,Objeto,Sí
2073,Jamón ibérico,Gastronomía,Platos españoles,Muy alta,Media,Actual,Objeto,Sí
2074,Torrijas,Gastronomía,Platos españoles,Muy alta,Media,Actual,Objeto,Sí
2075,Fideuá,Gastronomía,Platos españoles,Muy alta,Media,Actual,Objeto,Sí
2076,Calamares a la romana,Gastronomía,Platos españoles,Muy alta,Media,Actual,Objeto,Sí
2077,Bacalao al pil-pil,Gastronomía,Platos españoles,Muy alta,Media,Actual,Objeto,Sí
2078,Rabo de toro,Gastronomía,Platos españoles,Muy alta,Media,Actual,Objeto,Sí
2079,Escalivada,Gastronomía,Platos españoles,Muy alta,Media,Actual,Objeto,Sí
2080,Empanada gallega,Gastronomía,Platos españoles,Muy alta,Media,Actual,Objeto,Sí
2081,Pan con tomate,Gastronomía,Platos españoles,Muy alta,Media,Actual,Objeto,Sí
2082,Gambas al ajillo,Gastronomía,Platos españoles,Muy alta,Media,Actual,Objeto,Sí
2083,Polvorón,Gastronomía,Platos españoles,Muy alta,Media,Actual,Objeto,Sí
2084,Turrón,Gastronomía,Platos españoles,Muy alta,Media,Actual,Objeto,Sí
2085,Natillas,Gastronomía,Platos españoles,Muy alta,Media,Actual,Objeto,Sí
2086,Leche frita,Gastronomía,Platos españoles,Muy alta,Media,Actual,Objeto,Sí
2087,Buñuelos,Gastronomía,Platos españoles,Muy alta,Media,Actual,Objeto,Sí
2088,Pincho de tortilla,Gastronomía,Platos españoles,Muy alta,Media,Actual,Objeto,Sí
2089,Bocadillo de calamares,Gastronomía,Platos españoles,Muy alta,Media,Actual,Objeto,Sí
2090,Burrito,Gastronomía,Comida internacional,Muy alta,Media,Actual,Objeto,Sí
2091,Guacamole,Gastronomía,Comida internacional,Muy alta,Media,Actual,Objeto,Sí
2092,Pad Thai,Gastronomía,Comida internacional,Muy alta,Media,Actual,Objeto,Sí
2093,Cuscús,Gastronomía,Comida internacional,Muy alta,Media,Actual,Objeto,Sí
2094,Falafel,Gastronomía,Comida internacional,Muy alta,Media,Actual,Objeto,Sí
2095,Hummus,Gastronomía,Comida internacional,Muy alta,Media,Actual,Objeto,Sí
2096,Lasagna,Gastronomía,Comida internacional,Muy alta,Media,Actual,Objeto,Sí
2097,Espaguetis,Gastronomía,Comida internacional,Muy alta,Media,Actual,Objeto,Sí
2098,Risotto,Gastronomía,Comida internacional,Muy alta,Media,Actual,Objeto,Sí
2099,Ravioli,Gastronomía,Comida internacional,Muy alta,Media,Actual,Objeto,Sí
2100,Carbonara,Gastronomía,Comida internacional,Muy alta,Media,Actual,Objeto,Sí
2101,Croissant,Gastronomía,Comida internacional,Muy alta,Media,Actual,Objeto,Sí
2102,Crepe,Gastronomía,Comida internacional,Muy alta,Media,Actual,Objeto,Sí
2103,Quiche,Gastronomía,Comida internacional,Muy alta,Media,Actual,Objeto,Sí
2104,Fondue,Gastronomía,Comida internacional,Muy alta,Media,Actual,Objeto,Sí
2105,Fish and chips,Gastronomía,Comida internacional,Muy alta,Media,Actual,Objeto,Sí
2106,Pancakes,Gastronomía,Comida internacional,Muy alta,Media,Actual,Objeto,Sí
2107,Brownie,Gastronomía,Comida internacional,Muy alta,Media,Actual,Objeto,Sí
2108,Cupcake,Gastronomía,Comida internacional,Muy alta,Media,Actual,Objeto,Sí
2109,Muffin,Gastronomía,Comida internacional,Muy alta,Media,Actual,Objeto,Sí
2110,Macaron,Gastronomía,Comida internacional,Muy alta,Media,Actual,Objeto,Sí
2111,Mermelada,Gastronomía,Comida internacional,Muy alta,Media,Actual,Objeto,Sí
2112,Wasabi,Gastronomía,Comida internacional,Muy alta,Media,Actual,Objeto,Sí
2113,Salsa de soja,Gastronomía,Comida internacional,Muy alta,Media,Actual,Objeto,Sí
2114,Cacao,Gastronomía,Comida internacional,Muy alta,Media,Actual,Objeto,Sí
2115,Orangután,Naturaleza,Animales,Muy alta,Media,Actual,Animal,Sí
2116,Lince,Naturaleza,Animales,Muy alta,Media,Actual,Animal,Sí
2117,Murciélago,Naturaleza,Animales,Muy alta,Media,Actual,Animal,Sí
2118,Calamar,Naturaleza,Animales,Muy alta,Media,Actual,Animal,Sí
2119,Halcón,Naturaleza,Animales,Muy alta,Media,Actual,Animal,Sí
2120,Caimán,Naturaleza,Animales,Muy alta,Media,Actual,Animal,Sí
2121,Avispa,Naturaleza,Animales,Muy alta,Media,Actual,Animal,Sí
2122,Saltamontes,Naturaleza,Animales,Muy alta,Media,Actual,Animal,Sí
2123,Gusano,Naturaleza,Animales,Muy alta,Media,Actual,Animal,Sí
2124,Margarita,Naturaleza,Plantas y paisajes,Muy alta,Media,Actual,Objeto,Sí
2125,Tulipán,Naturaleza,Plantas y paisajes,Muy alta,Media,Actual,Objeto,Sí
2126,Orquídea,Naturaleza,Plantas y paisajes,Muy alta,Media,Actual,Objeto,Sí
2127,Clavel,Naturaleza,Plantas y paisajes,Muy alta,Media,Actual,Objeto,Sí
2128,Lavanda,Naturaleza,Plantas y paisajes,Muy alta,Media,Actual,Objeto,Sí
2129,Romero,Naturaleza,Plantas y paisajes,Muy alta,Media,Actual,Objeto,Sí
2130,Tomillo,Naturaleza,Plantas y paisajes,Muy alta,Media,Actual,Objeto,Sí
2131,Albahaca,Naturaleza,Plantas y paisajes,Muy alta,Media,Actual,Objeto,Sí
2132,Menta,Naturaleza,Plantas y paisajes,Muy alta,Media,Actual,Objeto,Sí
2133,Palmera,Naturaleza,Plantas y paisajes,Muy alta,Media,Actual,Objeto,Sí
2134,Olivo,Naturaleza,Plantas y paisajes,Muy alta,Media,Actual,Objeto,Sí
2135,Roble,Naturaleza,Plantas y paisajes,Muy alta,Media,Actual,Objeto,Sí
2136,Pino,Naturaleza,Plantas y paisajes,Muy alta,Media,Actual,Objeto,Sí
2137,Abeto,Naturaleza,Plantas y paisajes,Muy alta,Media,Actual,Objeto,Sí
2138,Encina,Naturaleza,Plantas y paisajes,Muy alta,Media,Actual,Objeto,Sí
2139,Eucalipto,Naturaleza,Plantas y paisajes,Muy alta,Media,Actual,Objeto,Sí
2140,Baobab,Naturaleza,Plantas y paisajes,Muy alta,Media,Actual,Objeto,Sí
2141,Sequoia,Naturaleza,Plantas y paisajes,Muy alta,Media,Actual,Objeto,Sí
2142,Bonsái,Naturaleza,Plantas y paisajes,Muy alta,Media,Actual,Objeto,Sí
2143,Hiedra,Naturaleza,Plantas y paisajes,Muy alta,Media,Actual,Objeto,Sí
2144,Aloe vera,Naturaleza,Plantas y paisajes,Muy alta,Media,Actual,Objeto,Sí
2145,Trigo,Naturaleza,Plantas y paisajes,Muy alta,Media,Actual,Objeto,Sí
2146,Maíz,Naturaleza,Plantas y paisajes,Muy alta,Media,Actual,Objeto,Sí
2147,Arroz,Naturaleza,Plantas y paisajes,Muy alta,Media,Actual,Objeto,Sí
2148,Tomate,Naturaleza,Plantas y paisajes,Muy alta,Media,Actual,Objeto,Sí
2149,Patata,Naturaleza,Plantas y paisajes,Muy alta,Media,Actual,Objeto,Sí
2150,Zanahoria,Naturaleza,Plantas y paisajes,Muy alta,Media,Actual,Objeto,Sí
2151,Lechuga,Naturaleza,Plantas y paisajes,Muy alta,Media,Actual,Objeto,Sí
2152,Calabaza,Naturaleza,Plantas y paisajes,Muy alta,Media,Actual,Objeto,Sí
2153,Bosque,Naturaleza,Plantas y paisajes,Muy alta,Media,Actual,Objeto,Sí
2154,Selva,Naturaleza,Plantas y paisajes,Muy alta,Media,Actual,Objeto,Sí
2155,Desierto,Naturaleza,Plantas y paisajes,Muy alta,Media,Actual,Objeto,Sí
2156,Montaña,Naturaleza,Plantas y paisajes,Muy alta,Media,Actual,Objeto,Sí
2157,Valle,Naturaleza,Plantas y paisajes,Muy alta,Media,Actual,Objeto,Sí
2158,Isla,Naturaleza,Plantas y paisajes,Muy alta,Media,Actual,Objeto,Sí
2159,Cueva,Naturaleza,Plantas y paisajes,Muy alta,Media,Actual,Objeto,Sí
2160,Cascada,Naturaleza,Plantas y paisajes,Muy alta,Media,Actual,Objeto,Sí
2161,Lago,Naturaleza,Plantas y paisajes,Muy alta,Media,Actual,Objeto,Sí
2162,Arrecife de coral,Naturaleza,Plantas y paisajes,Muy alta,Media,Actual,Objeto,Sí
2163,Sabana,Naturaleza,Plantas y paisajes,Muy alta,Media,Actual,Objeto,Sí
2164,Acantilado,Naturaleza,Plantas y paisajes,Muy alta,Media,Actual,Objeto,Sí
2165,Aldi,Marcas,Marcas populares,Muy alta,Fácil,Actual,Marca,Sí
2166,Renfe,Marcas,Marcas populares,Muy alta,Fácil,Actual,Marca,Sí
2167,Jeep,Marcas,Marcas populares,Muy alta,Fácil,Actual,Marca,Sí
2168,Volvo,Marcas,Marcas populares,Muy alta,Fácil,Actual,Marca,Sí
2169,Hyundai,Marcas,Marcas populares,Muy alta,Fácil,Actual,Marca,Sí
2170,Kia,Marcas,Marcas populares,Muy alta,Fácil,Actual,Marca,Sí
2171,Nissan,Marcas,Marcas populares,Muy alta,Fácil,Actual,Marca,Sí
2172,Doritos,Marcas,Marcas populares,Muy alta,Fácil,Actual,Marca,Sí
2173,Haribo,Marcas,Marcas populares,Muy alta,Fácil,Actual,Marca,Sí
2174,Roblox,Videojuegos y juegos,Videojuegos,Muy alta,Media,Actual,Juego,Sí
2175,Doom,Videojuegos y juegos,Videojuegos,Muy alta,Media,Actual,Juego,Sí
2176,Minecraft Dungeons,Videojuegos y juegos,Videojuegos,Muy alta,Media,Actual,Juego,Sí
2177,Plants vs. Zombies,Videojuegos y juegos,Videojuegos,Muy alta,Media,Actual,Juego,Sí
2178,Metroid,Videojuegos y juegos,Videojuegos,Muy alta,Media,Actual,Juego,Sí
2179,Luigi’s Mansion,Videojuegos y juegos,Videojuegos,Muy alta,Media,Actual,Juego,Sí
2180,Wario,Videojuegos y juegos,Videojuegos,Muy alta,Media,Actual,Juego,Sí
2181,Yoshi,Videojuegos y juegos,Videojuegos,Muy alta,Media,Actual,Juego,Sí
2182,Mega Man,Videojuegos y juegos,Videojuegos,Muy alta,Media,Actual,Juego,Sí
2183,Sonic the Hedgehog,Videojuegos y juegos,Videojuegos,Muy alta,Media,Actual,Juego,Sí
2184,SimCity,Videojuegos y juegos,Videojuegos,Muy alta,Media,Actual,Juego,Sí
2185,StarCraft,Videojuegos y juegos,Videojuegos,Muy alta,Media,Actual,Juego,Sí
2186,Warcraft,Videojuegos y juegos,Videojuegos,Muy alta,Media,Actual,Juego,Sí
2187,Dota 2,Videojuegos y juegos,Videojuegos,Muy alta,Media,Actual,Juego,Sí
2188,PUBG,Videojuegos y juegos,Videojuegos,Muy alta,Media,Actual,Juego,Sí
2189,Apex Legends,Videojuegos y juegos,Videojuegos,Muy alta,Media,Actual,Juego,Sí
2190,Valorant,Videojuegos y juegos,Videojuegos,Muy alta,Media,Actual,Juego,Sí
2191,Brawl Stars,Videojuegos y juegos,Videojuegos,Muy alta,Media,Actual,Juego,Sí
2192,Parcheesi,Videojuegos y juegos,Juegos de mesa y cartas,Muy alta,Media,Actual,Juego,Sí
2193,La oca,Videojuegos y juegos,Juegos de mesa y cartas,Muy alta,Media,Actual,Juego,Sí
2194,Backgammon,Videojuegos y juegos,Juegos de mesa y cartas,Muy alta,Media,Actual,Juego,Sí
2195,Cartas,Videojuegos y juegos,Juegos de mesa y cartas,Muy alta,Media,Actual,Juego,Sí
2196,Blackjack,Videojuegos y juegos,Juegos de mesa y cartas,Muy alta,Media,Actual,Juego,Sí
2197,Mus,Videojuegos y juegos,Juegos de mesa y cartas,Muy alta,Media,Actual,Juego,Sí
2198,Brisca,Videojuegos y juegos,Juegos de mesa y cartas,Muy alta,Media,Actual,Juego,Sí
2199,Tute,Videojuegos y juegos,Juegos de mesa y cartas,Muy alta,Media,Actual,Juego,Sí
2200,Solitario,Videojuegos y juegos,Juegos de mesa y cartas,Muy alta,Media,Actual,Juego,Sí
2201,Mikado,Videojuegos y juegos,Juegos de mesa y cartas,Muy alta,Media,Actual,Juego,Sí
2202,Tangram,Videojuegos y juegos,Juegos de mesa y cartas,Muy alta,Media,Actual,Juego,Sí
2203,Rubik,Videojuegos y juegos,Juegos de mesa y cartas,Muy alta,Media,Actual,Juego,Sí
2204,Boggle,Videojuegos y juegos,Juegos de mesa y cartas,Muy alta,Media,Actual,Juego,Sí
2205,Mastermind,Videojuegos y juegos,Juegos de mesa y cartas,Muy alta,Media,Actual,Juego,Sí
2206,Party & Co,Videojuegos y juegos,Juegos de mesa y cartas,Muy alta,Media,Actual,Juego,Sí
2207,Cranium,Videojuegos y juegos,Juegos de mesa y cartas,Muy alta,Media,Actual,Juego,Sí
2208,Tabú,Videojuegos y juegos,Juegos de mesa y cartas,Muy alta,Media,Actual,Juego,Sí
2209,Time’s Up,Videojuegos y juegos,Juegos de mesa y cartas,Muy alta,Media,Actual,Juego,Sí
2210,Scattergories,Videojuegos y juegos,Juegos de mesa y cartas,Muy alta,Media,Actual,Juego,Sí
2211,Catan,Videojuegos y juegos,Juegos de mesa y cartas,Muy alta,Media,Actual,Juego,Sí
2212,Carcassonne,Videojuegos y juegos,Juegos de mesa y cartas,Muy alta,Media,Actual,Juego,Sí
2213,Dixit,Videojuegos y juegos,Juegos de mesa y cartas,Muy alta,Media,Actual,Juego,Sí
2214,Ticket to Ride,Videojuegos y juegos,Juegos de mesa y cartas,Muy alta,Media,Actual,Juego,Sí
2215,Dobble,Videojuegos y juegos,Juegos de mesa y cartas,Muy alta,Media,Actual,Juego,Sí
2216,Exploding Kittens,Videojuegos y juegos,Juegos de mesa y cartas,Muy alta,Media,Actual,Juego,Sí
2217,Azul,Videojuegos y juegos,Juegos de mesa y cartas,Muy alta,Media,Actual,Juego,Sí
2218,Pandemic,Videojuegos y juegos,Juegos de mesa y cartas,Muy alta,Media,Actual,Juego,Sí
2219,Cluedo Junior,Videojuegos y juegos,Juegos de mesa y cartas,Muy alta,Media,Actual,Juego,Sí
2220,Monopoly Junior,Videojuegos y juegos,Juegos de mesa y cartas,Muy alta,Media,Actual,Juego,Sí
2221,Dioniso,Mitología,Dioses y criaturas,Muy alta,Fácil,Histórica,Personaje,Sí
2222,Heracles,Mitología,Dioses y criaturas,Muy alta,Fácil,Histórica,Personaje,Sí
2223,Cíclope,Mitología,Dioses y criaturas,Muy alta,Fácil,Histórica,Personaje,Sí
2224,Quimera,Mitología,Dioses y criaturas,Muy alta,Fácil,Histórica,Personaje,Sí
2225,Baldur,Mitología,Dioses y criaturas,Muy alta,Fácil,Histórica,Personaje,Sí
2226,Horus,Mitología,Dioses y criaturas,Muy alta,Fácil,Histórica,Personaje,Sí
2227,Seth,Mitología,Dioses y criaturas,Muy alta,Fácil,Histórica,Personaje,Sí
2228,Gilgamesh,Mitología,Dioses y criaturas,Muy alta,Fácil,Histórica,Personaje,Sí
2229,Marduk,Mitología,Dioses y criaturas,Muy alta,Fácil,Histórica,Personaje,Sí
2230,Huitzilopochtli,Mitología,Dioses y criaturas,Muy alta,Fácil,Histórica,Personaje,Sí
2231,Tlaloc,Mitología,Dioses y criaturas,Muy alta,Fácil,Histórica,Personaje,Sí
2232,Inti,Mitología,Dioses y criaturas,Muy alta,Fácil,Histórica,Personaje,Sí
2233,Real Sociedad,Deportes,Equipos y clubes,Muy alta,Fácil,Actual,Equipo,Sí
2234,Tottenham,Deportes,Equipos y clubes,Muy alta,Fácil,Actual,Equipo,Sí
2235,Benfica,Deportes,Equipos y clubes,Muy alta,Fácil,Actual,Equipo,Sí
2236,Porto,Deportes,Equipos y clubes,Muy alta,Fácil,Actual,Equipo,Sí
2237,Los Angeles Lakers,Deportes,Equipos y clubes,Muy alta,Fácil,Actual,Equipo,Sí
2238,Boston Celtics,Deportes,Equipos y clubes,Muy alta,Fácil,Actual,Equipo,Sí
2239,Chicago Bulls,Deportes,Equipos y clubes,Muy alta,Fácil,Actual,Equipo,Sí
2240,Golden State Warriors,Deportes,Equipos y clubes,Muy alta,Fácil,Actual,Equipo,Sí
2241,Miami Heat,Deportes,Equipos y clubes,Muy alta,Fácil,Actual,Equipo,Sí
2242,New York Yankees,Deportes,Equipos y clubes,Muy alta,Fácil,Actual,Equipo,Sí
2243,Los Angeles Dodgers,Deportes,Equipos y clubes,Muy alta,Fácil,Actual,Equipo,Sí
2244,Chicago Cubs,Deportes,Equipos y clubes,Muy alta,Fácil,Actual,Equipo,Sí
2245,New England Patriots,Deportes,Equipos y clubes,Muy alta,Fácil,Actual,Equipo,Sí
2246,Dallas Cowboys,Deportes,Equipos y clubes,Muy alta,Fácil,Actual,Equipo,Sí
2247,Green Bay Packers,Deportes,Equipos y clubes,Muy alta,Fácil,Actual,Equipo,Sí
2248,Portugal,Lugares,Países,Muy alta,Fácil,Actual,Lugar,Sí
2249,Reino Unido,Lugares,Países,Muy alta,Fácil,Actual,Lugar,Sí
2250,Irlanda,Lugares,Países,Muy alta,Fácil,Actual,Lugar,Sí
2251,Islandia,Lugares,Países,Muy alta,Fácil,Actual,Lugar,Sí
2252,Noruega,Lugares,Países,Muy alta,Fácil,Actual,Lugar,Sí
2253,Suecia,Lugares,Países,Muy alta,Fácil,Actual,Lugar,Sí
2254,Finlandia,Lugares,Países,Muy alta,Fácil,Actual,Lugar,Sí
2255,Dinamarca,Lugares,Países,Muy alta,Fácil,Actual,Lugar,Sí
2256,Países Bajos,Lugares,Países,Muy alta,Fácil,Actual,Lugar,Sí
2257,Bélgica,Lugares,Países,Muy alta,Fácil,Actual,Lugar,Sí
2258,Suiza,Lugares,Países,Muy alta,Fácil,Actual,Lugar,Sí
2259,Austria,Lugares,Países,Muy alta,Fácil,Actual,Lugar,Sí
2260,Polonia,Lugares,Países,Muy alta,Fácil,Actual,Lugar,Sí
2261,Chequia,Lugares,Países,Muy alta,Fácil,Actual,Lugar,Sí
2262,Grecia,Lugares,Países,Muy alta,Fácil,Actual,Lugar,Sí
2263,Croacia,Lugares,Países,Muy alta,Fácil,Actual,Lugar,Sí
2264,Rumanía,Lugares,Países,Muy alta,Fácil,Actual,Lugar,Sí
2265,Bulgaria,Lugares,Países,Muy alta,Fácil,Actual,Lugar,Sí
2266,Hungría,Lugares,Países,Muy alta,Fácil,Actual,Lugar,Sí
2267,Ucrania,Lugares,Países,Muy alta,Fácil,Actual,Lugar,Sí
2268,Rusia,Lugares,Países,Muy alta,Fácil,Actual,Lugar,Sí
2269,Turquía,Lugares,Países,Muy alta,Fácil,Actual,Lugar,Sí
2270,Estados Unidos,Lugares,Países,Muy alta,Fácil,Actual,Lugar,Sí
2271,Canadá,Lugares,Países,Muy alta,Fácil,Actual,Lugar,Sí
2272,México,Lugares,Países,Muy alta,Fácil,Actual,Lugar,Sí
2273,Cuba,Lugares,Países,Muy alta,Fácil,Actual,Lugar,Sí
2274,República Dominicana,Lugares,Países,Muy alta,Fácil,Actual,Lugar,Sí
2275,Chile,Lugares,Países,Muy alta,Fácil,Actual,Lugar,Sí
2276,Perú,Lugares,Países,Muy alta,Fácil,Actual,Lugar,Sí
2277,Colombia,Lugares,Países,Muy alta,Fácil,Actual,Lugar,Sí
2278,Venezuela,Lugares,Países,Muy alta,Fácil,Actual,Lugar,Sí
2279,Ecuador,Lugares,Países,Muy alta,Fácil,Actual,Lugar,Sí
2280,Bolivia,Lugares,Países,Muy alta,Fácil,Actual,Lugar,Sí
2281,Uruguay,Lugares,Países,Muy alta,Fácil,Actual,Lugar,Sí
2282,Paraguay,Lugares,Países,Muy alta,Fácil,Actual,Lugar,Sí
2283,Australia,Lugares,Países,Muy alta,Fácil,Actual,Lugar,Sí
2284,Japón,Lugares,Países,Muy alta,Fácil,Actual,Lugar,Sí
2285,China,Lugares,Países,Muy alta,Fácil,Actual,Lugar,Sí
2286,Corea del Sur,Lugares,Países,Muy alta,Fácil,Actual,Lugar,Sí
2287,India,Lugares,Países,Muy alta,Fácil,Actual,Lugar,Sí
2288,Tailandia,Lugares,Países,Muy alta,Fácil,Actual,Lugar,Sí
2289,Vietnam,Lugares,Países,Muy alta,Fácil,Actual,Lugar,Sí
2290,Indonesia,Lugares,Países,Muy alta,Fácil,Actual,Lugar,Sí
2291,Filipinas,Lugares,Países,Muy alta,Fácil,Actual,Lugar,Sí
2292,Marruecos,Lugares,Países,Muy alta,Fácil,Actual,Lugar,Sí
2293,Argelia,Lugares,Países,Muy alta,Fácil,Actual,Lugar,Sí
2294,Túnez,Lugares,Países,Muy alta,Fácil,Actual,Lugar,Sí
2295,Sudáfrica,Lugares,Países,Muy alta,Fácil,Actual,Lugar,Sí
2296,Kenia,Lugares,Países,Muy alta,Fácil,Actual,Lugar,Sí
2297,Nigeria,Lugares,Países,Muy alta,Fácil,Actual,Lugar,Sí
2298,Etiopía,Lugares,Países,Muy alta,Fácil,Actual,Lugar,Sí
2299,Israel,Lugares,Países,Muy alta,Fácil,Actual,Lugar,Sí
2300,Arabia Saudí,Lugares,Países,Muy alta,Fácil,Actual,Lugar,Sí
2301,Emiratos Árabes Unidos,Lugares,Países,Muy alta,Fácil,Actual,Lugar,Sí
2302,Rafael Benítez,Deportes,Entrenadores,Muy alta,Fácil,Actual,Persona,Sí
2303,Unai Emery,Deportes,Entrenadores,Muy alta,Fácil,Actual,Persona,Sí
2304,Sergio Scariolo,Deportes,Baloncesto,Muy alta,Fácil,Actual,Persona,Sí
2305,Mireia Belmonte,Deportes,Natación,Muy alta,Fácil,Actual,Persona,Sí
2306,Alberto Ginés,Deportes,Escalada,Muy alta,Fácil,Actual,Persona,Sí
2307,Teresa Perales,Deportes,Natación,Muy alta,Fácil,Actual,Persona,Sí
2308,Sergio Canales,Deportes,Fútbol,Muy alta,Fácil,Actual,Persona,Sí
2309,Marvin Gaye,Música,Cantantes internacionales,Muy alta,Fácil,Actual,Persona,Sí
2310,Rage Against the Machine,Música,Grupos y bandas,Muy alta,Difícil,Actual,Grupo,Sí
2311,The Offspring,Música,Grupos y bandas,Muy alta,Difícil,Actual,Grupo,Sí
2312,Blink-182,Música,Grupos y bandas,Muy alta,Difícil,Actual,Grupo,Sí
2313,Alicia Vikander,Cine,Actores y actrices,Muy alta,Fácil,Actual,Persona,Sí
2314,Viola Davis,Cine,Actores y actrices,Muy alta,Fácil,Actual,Persona,Sí
2315,Dustin Hoffman,Cine,Actores y actrices,Muy alta,Fácil,Actual,Persona,Sí
2316,Gene Kelly,Cine,Actores y actrices,Muy alta,Fácil,Actual,Persona,Sí
2317,Jackie Chan,Cine,Actores y actrices,Muy alta,Fácil,Actual,Persona,Sí
2318,Bruce Lee,Cine,Actores y actrices,Muy alta,Fácil,Actual,Persona,Sí
2319,Jet Li,Cine,Actores y actrices,Muy alta,Fácil,Actual,Persona,Sí
2320,Mel Gibson,Cine,Actores y actrices,Muy alta,Fácil,Actual,Persona,Sí
2321,Michelle Yeoh,Cine,Actores y actrices,Muy alta,Fácil,Actual,Persona,Sí
2322,Christopher Walken,Cine,Actores y actrices,Muy alta,Fácil,Actual,Persona,Sí
2323,Macaulay Culkin,Cine,Actores y actrices,Muy alta,Fácil,Actual,Persona,Sí
2324,Wes Anderson,Cine,Directores,Muy alta,Media,Actual,Persona,Sí
2325,Steven Spielberg,Cine,Directores,Muy alta,Media,Actual,Persona,Sí
2326,Martin Scorsese,Cine,Directores,Muy alta,Media,Actual,Persona,Sí
2327,Quentin Tarantino,Cine,Directores,Muy alta,Media,Actual,Persona,Sí
2328,Christopher Nolan,Cine,Directores,Muy alta,Media,Actual,Persona,Sí
2329,Tim Burton,Cine,Directores,Muy alta,Media,Actual,Persona,Sí
2330,Hayao Miyazaki,Cine,Directores,Muy alta,Media,Actual,Persona,Sí
2331,Guillermo del Toro,Cine,Directores,Muy alta,Media,Actual,Persona,Sí
2332,James Cameron,Cine,Directores,Muy alta,Media,Actual,Persona,Sí
2333,Ridley Scott,Cine,Directores,Muy alta,Media,Actual,Persona,Sí
2334,George Lucas,Cine,Directores,Muy alta,Media,Actual,Persona,Sí
2335,Francis Ford Coppola,Cine,Directores,Muy alta,Media,Actual,Persona,Sí
2336,Albert Einstein,Ciencia,Físico,Muy alta,Muy difícil,Histórica,Concepto,Sí
2337,Isaac Newton,Ciencia,Físico,Muy alta,Muy difícil,Histórica,Concepto,Sí
2338,Marie Curie,Ciencia,Científica,Muy alta,Difícil,Histórica,Concepto,Sí
2339,Charles Darwin,Ciencia,Naturalista,Muy alta,Difícil,Histórica,Concepto,Sí
2340,Aristóteles,Historia y pensamiento,Filósofo,Muy alta,Difícil,Histórica,Concepto,Sí
2341,Cleopatra,Historia y pensamiento,Personaje histórico,Muy alta,Difícil,Histórica,Concepto,Sí
2342,Napoleón Bonaparte,Historia y pensamiento,Personaje histórico,Muy alta,Difícil,Histórica,Concepto,Sí
2343,El Principito,Literatura,Libro,Muy alta,Difícil,Histórica,Libro,Sí
2344,El código Da Vinci,Literatura,Novela,Muy alta,Difícil,Actual,Libro,Sí
2345,La gravedad,Ciencia,Física,Muy alta,Difícil,Histórica,Concepto,Sí
2346,El sistema solar,Ciencia,Astronomía,Muy alta,Difícil,Histórica,Concepto,Sí
2347,El agujero negro,Ciencia,Astronomía,Muy alta,Difícil,Histórica,Concepto,Sí
2348,La Vía Láctea,Ciencia,Astronomía,Muy alta,Difícil,Histórica,Concepto,Sí
2349,El Big Bang,Ciencia,Astronomía,Muy alta,Difícil,Histórica,Concepto,Sí
2350,El microscopio,Ciencia,Invento,Muy alta,Difícil,Histórica,Objeto,Sí
2351,El telescopio,Ciencia,Invento,Muy alta,Difícil,Histórica,Objeto,Sí
2352,La bombilla,Ciencia,Invento,Muy alta,Difícil,Histórica,Objeto,Sí
2353,La electricidad,Ciencia,Física,Muy alta,Difícil,Histórica,Concepto,Sí
2354,El teléfono,Ciencia,Invento,Muy alta,Difícil,Histórica,Objeto,Sí
2355,La Luna,Ciencia,Astronomía,Muy alta,Difícil,Histórica,Objeto,Sí
2356,El Sol,Ciencia,Astronomía,Muy alta,Difícil,Histórica,Objeto,Sí
2357,El avión,Ciencia,Inventos,Muy alta,Difícil,Histórica,Objeto,Sí
2358,La imprenta,Ciencia,Inventos,Muy alta,Difícil,Histórica,Objeto,Sí
2359,La rueda,Ciencia,Inventos,Muy alta,Difícil,Histórica,Objeto,Sí
2360,Platero y Tú,Cultura,Cultura popular,Muy alta,Difícil,Actual,Concepto,Sí
2361,Alaska,Cultura,Cultura popular,Muy alta,Difícil,Actual,Concepto,Sí
2362,Fangoria,Cultura,Cultura popular,Muy alta,Difícil,Actual,Concepto,Sí
2363,Marc Anthony,Cultura,Cultura popular,Muy alta,Difícil,Actual,Concepto,Sí
2364,Juan Luis Guerra,Cultura,Cultura popular,Muy alta,Difícil,Actual,Concepto,Sí
2365,Selena,Cultura,Cultura popular,Muy alta,Difícil,Actual,Concepto,Sí
2366,Wisin & Yandel,Cultura,Cultura popular,Muy alta,Difícil,Actual,Concepto,Sí
2367,Jay-Z,Cultura,Cultura popular,Muy alta,Difícil,Actual,Concepto,Sí
2368,Kanye West,Cultura,Cultura popular,Muy alta,Difícil,Actual,Concepto,Sí
2369,Olivia Rodrigo,Cultura,Cultura popular,Muy alta,Difícil,Actual,Concepto,Sí
2370,Demi Lovato,Cultura,Cultura popular,Muy alta,Difícil,Actual,Concepto,Sí
2371,No Doubt,Cultura,Cultura popular,Muy alta,Difícil,Actual,Concepto,Sí
2372,Black Sabbath,Cultura,Cultura popular,Muy alta,Difícil,Actual,Concepto,Sí
2373,Europe,Cultura,Cultura popular,Muy alta,Difícil,Actual,Concepto,Sí
2374,Pink Floyd,Cultura,Cultura popular,Muy alta,Difícil,Actual,Concepto,Sí
2375,Imagine,Cultura,Cultura popular,Muy alta,Difícil,Actual,Concepto,Sí
2376,Yesterday,Cultura,Cultura popular,Muy alta,Difícil,Actual,Concepto,Sí
2377,Let It Be,Cultura,Cultura popular,Muy alta,Difícil,Actual,Concepto,Sí
2378,Thriller,Cultura,Cultura popular,Muy alta,Difícil,Actual,Concepto,Sí
2379,Like a Virgin,Cultura,Cultura popular,Muy alta,Difícil,Actual,Concepto,Sí
2380,Material Girl,Cultura,Cultura popular,Muy alta,Difícil,Actual,Concepto,Sí
2381,We Are the Champions,Cultura,Cultura popular,Muy alta,Difícil,Actual,Concepto,Sí
2382,We Will Rock You,Cultura,Cultura popular,Muy alta,Difícil,Actual,Concepto,Sí
2383,Stairway to Heaven,Cultura,Cultura popular,Muy alta,Difícil,Actual,Concepto,Sí
2384,Smells Like Teen Spirit,Cultura,Cultura popular,Muy alta,Difícil,Actual,Concepto,Sí
2385,Viva la Vida,Cultura,Cultura popular,Muy alta,Difícil,Actual,Concepto,Sí
2386,Despacito,Cultura,Cultura popular,Muy alta,Difícil,Actual,Concepto,Sí
2387,La Macarena,Cultura,Cultura popular,Muy alta,Difícil,Actual,Concepto,Sí
2388,Aserejé,Cultura,Cultura popular,Muy alta,Difícil,Actual,Concepto,Sí
2389,19 días y 500 noches,Cultura,Cultura popular,Muy alta,Difícil,Actual,Concepto,Sí
2390,Corazón partío,Cultura,Cultura popular,Muy alta,Difícil,Actual,Concepto,Sí
2391,Ave María,Cultura,Cultura popular,Muy alta,Difícil,Actual,Concepto,Sí
2392,La chica de ayer,Cultura,Cultura popular,Muy alta,Difícil,Actual,Concepto,Sí
2393,Devuélveme a mi chica,Cultura,Cultura popular,Muy alta,Difícil,Actual,Concepto,Sí
2394,Bienvenidos,Cultura,Cultura popular,Muy alta,Difícil,Actual,Concepto,Sí
2395,Resistiré,Cultura,Cultura popular,Muy alta,Difícil,Actual,Concepto,Sí
2396,Un beso y una flor,Cultura,Cultura popular,Muy alta,Difícil,Actual,Concepto,Sí
2397,Soldadito marinero,Cultura,Cultura popular,Muy alta,Difícil,Actual,Concepto,Sí
2398,Por la boca vive el pez,Cultura,Cultura popular,Muy alta,Difícil,Actual,Concepto,Sí
2399,Rafael Nadal,Cultura,Cultura popular,Muy alta,Difícil,Actual,Concepto,Sí
2400,Sergio Llull,Cultura,Cultura popular,Muy alta,Difícil,Actual,Concepto,Sí
2401,Luis Aragonés,Cultura,Cultura popular,Muy alta,Difícil,Actual,Concepto,Sí
2402,Jürgen Klopp,Cultura,Cultura popular,Muy alta,Difícil,Actual,Concepto,Sí
2403,Shaquille O'Neal,Cultura,Cultura popular,Muy alta,Difícil,Actual,Concepto,Sí
2404,Stephen Curry,Cultura,Cultura popular,Muy alta,Difícil,Actual,Concepto,Sí
2405,Steffi Graf,Cultura,Cultura popular,Muy alta,Difícil,Actual,Concepto,Sí
2406,Martina Navratilova,Cultura,Cultura popular,Muy alta,Difícil,Actual,Concepto,Sí
2407,Conor McGregor,Cultura,Cultura popular,Muy alta,Difícil,Actual,Concepto,Sí
2408,Sebastian Vettel,Cultura,Cultura popular,Muy alta,Difícil,Actual,Concepto,Sí
2409,Óscar Freire,Cultura,Cultura popular,Muy alta,Difícil,Actual,Concepto,Sí
2410,Alberto Tomba,Cultura,Cultura popular,Muy alta,Difícil,Actual,Concepto,Sí
2411,Pelota de tenis,Cultura,Cultura popular,Muy alta,Difícil,Actual,Concepto,Sí
2412,Canasta,Cultura,Cultura popular,Muy alta,Difícil,Actual,Concepto,Sí
2413,Raqueta,Cultura,Cultura popular,Muy alta,Difícil,Actual,Concepto,Sí
2414,Casco,Cultura,Cultura popular,Muy alta,Difícil,Actual,Concepto,Sí
2415,Medalla de oro,Cultura,Cultura popular,Muy alta,Difícil,Actual,Concepto,Sí
2416,Árbitro,Cultura,Cultura popular,Muy alta,Difícil,Actual,Concepto,Sí
2417,Entrenador,Cultura,Cultura popular,Muy alta,Difícil,Actual,Concepto,Sí
2418,Piscina olímpica,Cultura,Cultura popular,Muy alta,Difícil,Actual,Concepto,Sí
2419,Mortadelo y Filemón,Cultura,Cultura popular,Muy alta,Difícil,Actual,Concepto,Sí
2420,Tormenta,Cultura,Cultura popular,Muy alta,Difícil,Actual,Concepto,Sí
2421,Nube,Cultura,Cultura popular,Muy alta,Difícil,Actual,Concepto,Sí
2422,Nieve,Cultura,Cultura popular,Muy alta,Difícil,Actual,Concepto,Sí
2423,Océano,Cultura,Cultura popular,Muy alta,Difícil,Actual,Concepto,Sí
2424,Arroz con leche,Cultura,Cultura popular,Muy alta,Difícil,Actual,Concepto,Sí
2425,Silla,Cultura,Cultura popular,Muy alta,Difícil,Actual,Concepto,Sí
2426,Mesa,Cultura,Cultura popular,Muy alta,Difícil,Actual,Concepto,Sí
2427,Sofá,Cultura,Cultura popular,Muy alta,Difícil,Actual,Concepto,Sí
2428,Armario,Cultura,Cultura popular,Muy alta,Difícil,Actual,Concepto,Sí
2429,Reloj,Cultura,Cultura popular,Muy alta,Difícil,Actual,Concepto,Sí
2430,Paraguas,Cultura,Cultura popular,Muy alta,Difícil,Actual,Concepto,Sí
2431,Maleta,Cultura,Cultura popular,Muy alta,Difícil,Actual,Concepto,Sí
2432,Llave,Cultura,Cultura popular,Muy alta,Difícil,Actual,Concepto,Sí
2433,Ventana,Cultura,Cultura popular,Muy alta,Difícil,Actual,Concepto,Sí
2434,Escalera,Cultura,Cultura popular,Muy alta,Difícil,Actual,Concepto,Sí
2435,Bañera,Cultura,Cultura popular,Muy alta,Difícil,Actual,Concepto,Sí
2436,Ducha,Cultura,Cultura popular,Muy alta,Difícil,Actual,Concepto,Sí
2437,Peine,Cultura,Cultura popular,Muy alta,Difícil,Actual,Concepto,Sí
2438,Secador,Cultura,Cultura popular,Muy alta,Difícil,Actual,Concepto,Sí
2439,Lavadora,Cultura,Cultura popular,Muy alta,Difícil,Actual,Concepto,Sí
2440,Lavavajillas,Cultura,Cultura popular,Muy alta,Difícil,Actual,Concepto,Sí
2441,Horno,Cultura,Cultura popular,Muy alta,Difícil,Actual,Concepto,Sí
2442,Microondas,Cultura,Cultura popular,Muy alta,Difícil,Actual,Concepto,Sí
2443,Batidora,Cultura,Cultura popular,Muy alta,Difícil,Actual,Concepto,Sí
2444,Martillo,Cultura,Cultura popular,Muy alta,Difícil,Actual,Concepto,Sí
2445,Tijeras,Cultura,Cultura popular,Muy alta,Difícil,Actual,Concepto,Sí
2446,Cinta adhesiva,Cultura,Cultura popular,Muy alta,Difícil,Actual,Concepto,Sí
2447,Linterna,Cultura,Cultura popular,Muy alta,Difícil,Actual,Concepto,Sí
2448,Vela,Cultura,Cultura popular,Muy alta,Difícil,Actual,Concepto,Sí
2449,Gafas de sol,Cultura,Cultura popular,Muy alta,Difícil,Actual,Concepto,Sí
2450,Sombrero,Cultura,Cultura popular,Muy alta,Difícil,Actual,Concepto,Sí
2451,Zapatos,Cultura,Cultura popular,Muy alta,Difícil,Actual,Concepto,Sí
2452,Pijama,Cultura,Cultura popular,Muy alta,Difícil,Actual,Concepto,Sí
2453,Máscara,Cultura,Cultura popular,Muy alta,Difícil,Actual,Concepto,Sí
2454,Peluca,Cultura,Cultura popular,Muy alta,Difícil,Actual,Concepto,Sí
2455,Guitarra,Cultura,Cultura popular,Muy alta,Difícil,Actual,Concepto,Sí
2456,Piano,Cultura,Cultura popular,Muy alta,Difícil,Actual,Concepto,Sí
2457,Violín,Cultura,Cultura popular,Muy alta,Difícil,Actual,Concepto,Sí
2458,Trompeta,Cultura,Cultura popular,Muy alta,Difícil,Actual,Concepto,Sí
2459,Tambor,Cultura,Cultura popular,Muy alta,Difícil,Actual,Concepto,Sí
2460,Acordeón,Cultura,Cultura popular,Muy alta,Difícil,Actual,Concepto,Sí
2461,Megáfono,Cultura,Cultura popular,Muy alta,Difícil,Actual,Concepto,Sí
2462,Silbato,Cultura,Cultura popular,Muy alta,Difícil,Actual,Concepto,Sí
2463,Mapa,Cultura,Cultura popular,Muy alta,Difícil,Actual,Concepto,Sí
2464,Globo terráqueo,Cultura,Cultura popular,Muy alta,Difícil,Actual,Concepto,Sí
2465,Periódico,Cultura,Cultura popular,Muy alta,Difícil,Actual,Concepto,Sí
2466,Revista,Cultura,Cultura popular,Muy alta,Difícil,Actual,Concepto,Sí
2467,Sobre,Cultura,Cultura popular,Muy alta,Difícil,Actual,Concepto,Sí
2468,Bolígrafo,Cultura,Cultura popular,Muy alta,Difícil,Actual,Concepto,Sí
2469,Goma de borrar,Cultura,Cultura popular,Muy alta,Difícil,Actual,Concepto,Sí
2470,Sacapuntas,Cultura,Cultura popular,Muy alta,Difícil,Actual,Concepto,Sí
2471,Pizarra,Cultura,Cultura popular,Muy alta,Difícil,Actual,Concepto,Sí
2472,Benny Hill,Cultura,Cultura popular,Muy alta,Difícil,Actual,Concepto,Sí
2473,Harpo Marx,Cultura,Cultura popular,Muy alta,Difícil,Actual,Concepto,Sí
2474,Groucho Marx,Cultura,Cultura popular,Muy alta,Difícil,Actual,Concepto,Sí
2475,Audrey Hepburn,Cultura,Cultura popular,Muy alta,Difícil,Actual,Concepto,Sí
2476,James Dean,Cultura,Cultura popular,Muy alta,Difícil,Actual,Concepto,Sí
2477,Robert De Niro,Cultura,Cultura popular,Muy alta,Difícil,Actual,Concepto,Sí
2478,Jack Nicholson,Cultura,Cultura popular,Muy alta,Difícil,Actual,Concepto,Sí
2479,Robin Williams,Cultura,Cultura popular,Muy alta,Difícil,Actual,Concepto,Sí
2480,Eddie Murphy,Cultura,Cultura popular,Muy alta,Difícil,Actual,Concepto,Sí
2481,Silvester Stallone,Cultura,Cultura popular,Muy alta,Difícil,Actual,Concepto,Sí
2482,Bruce Willis,Cultura,Cultura popular,Muy alta,Difícil,Actual,Concepto,Sí
2483,Brad Pitt,Cultura,Cultura popular,Muy alta,Difícil,Actual,Concepto,Sí
2484,George Clooney,Cultura,Cultura popular,Muy alta,Difícil,Actual,Concepto,Sí
2485,Denzel Washington,Cultura,Cultura popular,Muy alta,Difícil,Actual,Concepto,Sí
2486,Morgan Freeman,Cultura,Cultura popular,Muy alta,Difícil,Actual,Concepto,Sí
2487,Jodie Foster,Cultura,Cultura popular,Muy alta,Difícil,Actual,Concepto,Sí
2488,Julia Roberts,Cultura,Cultura popular,Muy alta,Difícil,Actual,Concepto,Sí
2489,Nicole Kidman,Cultura,Cultura popular,Muy alta,Difícil,Actual,Concepto,Sí
2490,Angelina Jolie,Cultura,Cultura popular,Muy alta,Difícil,Actual,Concepto,Sí
2491,Emma Stone,Cultura,Cultura popular,Muy alta,Difícil,Actual,Concepto,Sí
2492,Emma Watson,Cultura,Cultura popular,Muy alta,Difícil,Actual,Concepto,Sí
2493,Hugh Jackman,Cultura,Cultura popular,Muy alta,Difícil,Actual,Concepto,Sí
2494,Ryan Reynolds,Cultura,Cultura popular,Muy alta,Difícil,Actual,Concepto,Sí
2495,Chris Evans,Cultura,Cultura popular,Muy alta,Difícil,Actual,Concepto,Sí
2496,Dwayne Johnson,Cultura,Cultura popular,Muy alta,Difícil,Actual,Concepto,Sí
2497,Javier Cámara,Cultura,Cultura popular,Muy alta,Difícil,Actual,Concepto,Sí
2498,Antonio Resines,Cultura,Cultura popular,Muy alta,Difícil,Actual,Concepto,Sí
2499,Santiago Segura,Cultura,Cultura popular,Muy alta,Difícil,Actual,Concepto,Sí
2500,Paco Martínez Soria,Cultura,Cultura popular,Muy alta,Difícil,Actual,Concepto,Sí
2501,Martes y Trece,Cultura,Cultura popular,Muy alta,Difícil,Actual,Concepto,Sí
2502,Cruz y Raya,Cultura,Cultura popular,Muy alta,Difícil,Actual,Concepto,Sí
2503,El Gran Wyoming,Cultura,Cultura popular,Muy alta,Difícil,Actual,Concepto,Sí
2504,Andreu Buenafuente,Cultura,Cultura popular,Muy alta,Difícil,Actual,Concepto,Sí
2505,Pablo Motos,Cultura,Cultura popular,Muy alta,Difícil,Actual,Concepto,Sí
2506,Jordi Évole,Cultura,Cultura popular,Muy alta,Difícil,Actual,Concepto,Sí
2507,Jesús Calleja,Cultura,Cultura popular,Muy alta,Difícil,Actual,Concepto,Sí
2508,Karlos Arguiñano,Cultura,Cultura popular,Muy alta,Difícil,Actual,Concepto,Sí
2509,Jorge Javier Vázquez,Cultura,Cultura popular,Muy alta,Difícil,Actual,Concepto,Sí
2510,Anne Igartiburu,Cultura,Cultura popular,Muy alta,Difícil,Actual,Concepto,Sí
2511,Lara Álvarez,Cultura,Cultura popular,Muy alta,Difícil,Actual,Concepto,Sí
2512,David Broncano,Cultura,Cultura popular,Muy alta,Difícil,Actual,Concepto,Sí
2513,Berto Romero,Cultura,Cultura popular,Muy alta,Difícil,Actual,Concepto,Sí
2514,Dani Rovira,Cultura,Cultura popular,Muy alta,Difícil,Actual,Concepto,Sí
2515,José Luis Torrente,Cultura,Cultura popular,Muy alta,Difícil,Actual,Concepto,Sí
2516,Rocío Dúrcal,Cultura,Cultura popular,Muy alta,Difícil,Actual,Concepto,Sí
2517,Joselito,Cultura,Cultura popular,Muy alta,Difícil,Actual,Concepto,Sí
2518,Lina Morgan,Cultura,Cultura popular,Muy alta,Difícil,Actual,Concepto,Sí
2519,Navidad,Cultura,Cultura popular,Muy alta,Difícil,Actual,Concepto,Sí
2520,Papá Noel,Cultura,Cultura popular,Muy alta,Difícil,Actual,Concepto,Sí
2521,Nochevieja,Cultura,Cultura popular,Muy alta,Difícil,Actual,Concepto,Sí
2522,Campanadas,Cultura,Cultura popular,Muy alta,Difícil,Actual,Concepto,Sí
2523,Feria de Abril,Cultura,Cultura popular,Muy alta,Difícil,Actual,Concepto,Sí
2524,San Fermín,Cultura,Cultura popular,Muy alta,Difícil,Actual,Concepto,Sí
2525,Carnaval,Cultura,Cultura popular,Muy alta,Difícil,Actual,Concepto,Sí
2526,Halloween,Cultura,Cultura popular,Muy alta,Difícil,Actual,Concepto,Sí
2527,Día de Reyes,Cultura,Cultura popular,Muy alta,Difícil,Actual,Concepto,Sí
2528,Noche de San Juan,Cultura,Cultura popular,Muy alta,Difícil,Actual,Concepto,Sí
2529,Oscar,Cultura,Cultura popular,Muy alta,Difícil,Actual,Concepto,Sí
2530,Grammy,Cultura,Cultura popular,Muy alta,Difícil,Actual,Concepto,Sí
2531,Globo de Oro,Cultura,Cultura popular,Muy alta,Difícil,Actual,Concepto,Sí
2532,Festival de Cannes,Cultura,Cultura popular,Muy alta,Difícil,Actual,Concepto,Sí
2533,Operación Triunfo,Cultura,Cultura popular,Muy alta,Difícil,Actual,Concepto,Sí
2534,Gran Hermano,Cultura,Cultura popular,Muy alta,Difícil,Actual,Concepto,Sí
2535,MasterChef,Cultura,Cultura popular,Muy alta,Difícil,Actual,Concepto,Sí
2536,Pasapalabra,Cultura,Cultura popular,Muy alta,Difícil,Actual,Concepto,Sí
2537,El Hormiguero,Cultura,Cultura popular,Muy alta,Difícil,Actual,Concepto,Sí
2538,First Dates,Cultura,Cultura popular,Muy alta,Difícil,Actual,Concepto,Sí
2539,Tu cara me suena,Cultura,Cultura popular,Muy alta,Difícil,Actual,Concepto,Sí
2540,Quién quiere ser millonario,Cultura,Cultura popular,Muy alta,Difícil,Actual,Concepto,Sí
2541,Ahora caigo,Cultura,Cultura popular,Muy alta,Difícil,Actual,Concepto,Sí
2542,Atrapa un millón,Cultura,Cultura popular,Muy alta,Difícil,Actual,Concepto,Sí
2543,"Un, dos, tres",Cultura,Cultura popular,Muy alta,Difícil,Actual,Concepto,Sí
2544,Waku Waku,Cultura,Cultura popular,Muy alta,Difícil,Actual,Concepto,Sí
2545,Pavo,Cultura,Cultura popular,Muy alta,Difícil,Actual,Concepto,Sí
2546,Semáforo,Cultura,Cultura popular,Muy alta,Difícil,Actual,Concepto,Sí
2547,Rotonda,Cultura,Cultura popular,Muy alta,Difícil,Actual,Concepto,Sí
2548,Autobús,Cultura,Cultura popular,Muy alta,Difícil,Actual,Concepto,Sí
2549,Taxi,Cultura,Cultura popular,Muy alta,Difícil,Actual,Concepto,Sí
2550,Ambulancia,Cultura,Cultura popular,Muy alta,Difícil,Actual,Concepto,Sí
2551,Policía,Cultura,Cultura popular,Muy alta,Difícil,Actual,Concepto,Sí
2552,Hospital,Cultura,Cultura popular,Muy alta,Difícil,Actual,Concepto,Sí
2553,Universidad,Cultura,Cultura popular,Muy alta,Difícil,Actual,Concepto,Sí
2554,Biblioteca,Cultura,Cultura popular,Muy alta,Difícil,Actual,Concepto,Sí
2555,Cine,Cultura,Cultura popular,Muy alta,Difícil,Actual,Concepto,Sí
2556,Teatro,Cultura,Cultura popular,Muy alta,Difícil,Actual,Concepto,Sí
2557,Supermercado,Cultura,Cultura popular,Muy alta,Difícil,Actual,Concepto,Sí
2558,Farmacia,Cultura,Cultura popular,Muy alta,Difícil,Actual,Concepto,Sí
2559,Bar,Cultura,Cultura popular,Muy alta,Difícil,Actual,Concepto,Sí
2560,Discoteca,Cultura,Cultura popular,Muy alta,Difícil,Actual,Concepto,Sí
2561,Playa,Cultura,Cultura popular,Muy alta,Difícil,Actual,Concepto,Sí
2562,Piscina,Cultura,Cultura popular,Muy alta,Difícil,Actual,Concepto,Sí
2563,Estación,Cultura,Cultura popular,Muy alta,Difícil,Actual,Concepto,Sí
2564,Aeropuerto,Cultura,Cultura popular,Muy alta,Difícil,Actual,Concepto,Sí
2565,Hotel,Cultura,Cultura popular,Muy alta,Difícil,Actual,Concepto,Sí
2566,Camping,Cultura,Cultura popular,Muy alta,Difícil,Actual,Concepto,Sí
2567,Autopista,Cultura,Cultura popular,Muy alta,Difícil,Actual,Concepto,Sí
2568,Gasolinera,Cultura,Cultura popular,Muy alta,Difícil,Actual,Concepto,Sí
2569,Correos,Cultura,Cultura popular,Muy alta,Difícil,Actual,Concepto,Sí
2570,Oficina,Cultura,Cultura popular,Muy alta,Difícil,Actual,Concepto,Sí
2571,Iglesia,Cultura,Cultura popular,Muy alta,Difícil,Actual,Concepto,Sí
2572,Cementerio,Cultura,Cultura popular,Muy alta,Difícil,Actual,Concepto,Sí
2573,Palacio,Cultura,Cultura popular,Muy alta,Difícil,Actual,Concepto,Sí
2574,Castillo,Cultura,Cultura popular,Muy alta,Difícil,Actual,Concepto,Sí
2575,Puente,Cultura,Cultura popular,Muy alta,Difícil,Actual,Concepto,Sí
2576,Túnel,Cultura,Cultura popular,Muy alta,Difícil,Actual,Concepto,Sí
2577,Monumento,Cultura,Cultura popular,Muy alta,Difícil,Actual,Concepto,Sí
2578,Estatua,Cultura,Cultura popular,Muy alta,Difícil,Actual,Concepto,Sí
2579,Escalera mecánica,Cultura,Cultura popular,Muy alta,Difícil,Actual,Concepto,Sí
2580,Patinete,Cultura,Cultura popular,Muy alta,Difícil,Actual,Concepto,Sí
2581,Bicicleta eléctrica,Cultura,Cultura popular,Muy alta,Difícil,Actual,Concepto,Sí
2582,Coche de policía,Cultura,Cultura popular,Muy alta,Difícil,Actual,Concepto,Sí
2583,Tractor,Cultura,Cultura popular,Muy alta,Difícil,Actual,Concepto,Sí
2584,Excavadora,Cultura,Cultura popular,Muy alta,Difícil,Actual,Concepto,Sí
2585,Caravana,Cultura,Cultura popular,Muy alta,Difícil,Actual,Concepto,Sí
2586,Velero,Cultura,Cultura popular,Muy alta,Difícil,Actual,Concepto,Sí
2587,Canoa,Cultura,Cultura popular,Muy alta,Difícil,Actual,Concepto,Sí
2588,Kayak,Cultura,Cultura popular,Muy alta,Difícil,Actual,Concepto,Sí
2589,Paracaídas,Cultura,Cultura popular,Muy alta,Difícil,Actual,Concepto,Sí
2590,Globo aerostático,Cultura,Cultura popular,Muy alta,Difícil,Actual,Concepto,Sí
2591,Tranvía,Cultura,Cultura popular,Muy alta,Difícil,Actual,Concepto,Sí
2592,Tren de alta velocidad,Cultura,Cultura popular,Muy alta,Difícil,Actual,Concepto,Sí
2593,Avión de papel,Cultura,Cultura popular,Muy alta,Difícil,Actual,Concepto,Sí
2594,Cometa de juguete,Cultura,Cultura popular,Muy alta,Difícil,Actual,Concepto,Sí
2595,Pelota,Cultura,Cultura popular,Muy alta,Difícil,Actual,Concepto,Sí
2596,Globo,Cultura,Cultura popular,Muy alta,Difícil,Actual,Concepto,Sí
2597,Parchís,Cultura,Cultura popular,Muy alta,Difícil,Actual,Concepto,Sí
2598,Oca,Cultura,Cultura popular,Muy alta,Difícil,Actual,Concepto,Sí
2599,Póker,Cultura,Cultura popular,Muy alta,Difícil,Actual,Concepto,Sí
2600,Ruleta,Cultura,Cultura popular,Muy alta,Difícil,Actual,Concepto,Sí
2601,Hubble,Ciencia,Espacio y astronomía,Muy alta,Difícil,Actual,Concepto,Sí
2602,Escoba,Cultura,Objetos y conceptos cotidianos,Muy alta,Difícil,Actual,Objeto,Sí
2603,La Ruleta de la Suerte,Cultura,Programas y personajes populares,Muy alta,Difícil,Actual,Concepto,Sí
2604,"Un, dos, tres... responda otra vez",Cultura,Programas y personajes populares,Muy alta,Difícil,Actual,Concepto,Sí
2605,Humor Amarillo,Cultura,Programas y personajes populares,Muy alta,Difícil,Actual,Concepto,Sí
2606,Barrio Sésamo,Cultura,Programas y personajes populares,Muy alta,Difícil,Actual,Concepto,Sí
2607,Sesame Street,Cultura,Programas y personajes populares,Muy alta,Difícil,Actual,Concepto,Sí
2608,Art Attack,Cultura,Programas y personajes populares,Muy alta,Difícil,Actual,Concepto,Sí
2609,Cocina con Arguiñano,Cultura,Programas y personajes populares,Muy alta,Difícil,Actual,Concepto,Sí
2610,Bricomanía,Cultura,Programas y personajes populares,Muy alta,Difícil,Actual,Concepto,Sí
2611,Caiga quien caiga,Cultura,Programas y personajes populares,Muy alta,Difícil,Actual,Concepto,Sí
2612,El Informal,Cultura,Programas y personajes populares,Muy alta,Difícil,Actual,Concepto,Sí
2613,Crónicas Marcianas,Cultura,Programas y personajes populares,Muy alta,Difícil,Actual,Concepto,Sí
2614,Buenafuente,Cultura,Programas y personajes populares,Muy alta,Difícil,Actual,Concepto,Sí
2615,Los Morancos,Cultura,Programas y personajes populares,Muy alta,Difícil,Actual,Concepto,Sí
2616,Faemino y Cansado,Cultura,Programas y personajes populares,Muy alta,Difícil,Actual,Concepto,Sí
2617,Monty Python,Cultura,Programas y personajes populares,Muy alta,Difícil,Actual,Concepto,Sí
2618,Top Gear,Cultura,Programas y personajes populares,Muy alta,Difícil,Actual,Concepto,Sí
2619,MasterChef España,Cultura,Programas y personajes populares,Muy alta,Difícil,Actual,Concepto,Sí
2620,Copa del Mundo,Cultura,Programas y personajes populares,Muy alta,Difícil,Actual,Concepto,Sí
2621,Teléfono móvil,Cultura,Objetos y conceptos cotidianos,Muy alta,Difícil,Actual,Objeto,Sí
2622,Ordenador portátil,Cultura,Objetos y conceptos cotidianos,Muy alta,Difícil,Actual,Objeto,Sí
2623,Auriculares,Cultura,Objetos y conceptos cotidianos,Muy alta,Difícil,Actual,Objeto,Sí
2624,Altavoz,Cultura,Objetos y conceptos cotidianos,Muy alta,Difícil,Actual,Objeto,Sí
2625,Consola,Cultura,Objetos y conceptos cotidianos,Muy alta,Difícil,Actual,Objeto,Sí
2626,Mando a distancia,Cultura,Objetos y conceptos cotidianos,Muy alta,Difícil,Actual,Objeto,Sí
2627,Coche,Cultura,Objetos y conceptos cotidianos,Muy alta,Difícil,Actual,Objeto,Sí
2628,Barco,Cultura,Objetos y conceptos cotidianos,Muy alta,Difícil,Actual,Objeto,Sí
2629,Zapato,Cultura,Objetos y conceptos cotidianos,Muy alta,Difícil,Actual,Objeto,Sí
2630,Zapatilla,Cultura,Objetos y conceptos cotidianos,Muy alta,Difícil,Actual,Objeto,Sí
2631,Pantalón vaquero,Cultura,Objetos y conceptos cotidianos,Muy alta,Difícil,Actual,Objeto,Sí
2632,Camiseta,Cultura,Objetos y conceptos cotidianos,Muy alta,Difícil,Actual,Objeto,Sí
2633,Vestido,Cultura,Objetos y conceptos cotidianos,Muy alta,Difícil,Actual,Objeto,Sí
2634,Bolso,Cultura,Objetos y conceptos cotidianos,Muy alta,Difícil,Actual,Objeto,Sí
2635,Candado,Cultura,Objetos y conceptos cotidianos,Muy alta,Difícil,Actual,Objeto,Sí
2636,Plancha,Cultura,Objetos y conceptos cotidianos,Muy alta,Difícil,Actual,Objeto,Sí
2637,Almohada,Cultura,Objetos y conceptos cotidianos,Muy alta,Difícil,Actual,Objeto,Sí
2638,Pasta de dientes,Cultura,Objetos y conceptos cotidianos,Muy alta,Difícil,Actual,Objeto,Sí
2639,Jabón,Cultura,Objetos y conceptos cotidianos,Muy alta,Difícil,Actual,Objeto,Sí
2640,Champú,Cultura,Objetos y conceptos cotidianos,Muy alta,Difícil,Actual,Objeto,Sí
2641,Perfume,Cultura,Objetos y conceptos cotidianos,Muy alta,Difícil,Actual,Objeto,Sí
2642,Pañuelo,Cultura,Objetos y conceptos cotidianos,Muy alta,Difícil,Actual,Objeto,Sí
2643,Regla,Cultura,Objetos y conceptos cotidianos,Muy alta,Difícil,Actual,Objeto,Sí
2644,Calendario,Cultura,Objetos y conceptos cotidianos,Muy alta,Difícil,Actual,Objeto,Sí
2645,Muñeca,Cultura,Objetos y conceptos cotidianos,Muy alta,Difícil,Actual,Objeto,Sí
2646,Europa,Ciencia,Espacio y astronomía,Muy alta,Difícil,Actual,Concepto,Sí
2647,Ganímedes,Ciencia,Espacio y astronomía,Muy alta,Difícil,Actual,Concepto,Sí
2648,Titán,Ciencia,Espacio y astronomía,Muy alta,Difícil,Actual,Concepto,Sí
2649,Marte rover,Ciencia,Espacio y astronomía,Muy alta,Difícil,Actual,Concepto,Sí
2650,James Webb,Ciencia,Espacio y astronomía,Muy alta,Difícil,Actual,Concepto,Sí
2651,Apolo 11,Ciencia,Espacio y astronomía,Muy alta,Difícil,Actual,Concepto,Sí
2652,Estación Espacial Internacional,Ciencia,Espacio y astronomía,Muy alta,Difícil,Actual,Concepto,Sí
2653,Sputnik,Ciencia,Espacio y astronomía,Muy alta,Difícil,Actual,Concepto,Sí
2654,SpaceX,Ciencia,Espacio y astronomía,Muy alta,Difícil,Actual,Concepto,Sí
2655,NASA,Ciencia,Espacio y astronomía,Muy alta,Difícil,Actual,Concepto,Sí
2656,ESA,Ciencia,Espacio y astronomía,Muy alta,Difícil,Actual,Concepto,Sí
2657,Volcán,Ciencia,Ciencia,Muy alta,Muy difícil,Histórica,Concepto,Sí
2658,Terremoto,Ciencia,Ciencia,Muy alta,Muy difícil,Histórica,Concepto,Sí
2659,Huracán,Ciencia,Ciencia,Muy alta,Muy difícil,Histórica,Concepto,Sí
2660,Arcoíris,Ciencia,Ciencia,Muy alta,Muy difícil,Histórica,Concepto,Sí
2661,Dinosaurio,Ciencia,Ciencia,Muy alta,Muy difícil,Histórica,Concepto,Sí
2662,Tiranosaurio Rex,Ciencia,Ciencia,Muy alta,Muy difícil,Histórica,Concepto,Sí
2663,Mamut,Ciencia,Ciencia,Muy alta,Muy difícil,Histórica,Concepto,Sí
2664,Tiburón blanco,Ciencia,Ciencia,Muy alta,Muy difícil,Histórica,Concepto,Sí
2665,Pingüino,Ciencia,Ciencia,Muy alta,Muy difícil,Histórica,Concepto,Sí
2666,Pulpo,Ciencia,Ciencia,Muy alta,Muy difícil,Histórica,Concepto,Sí
2667,Koala,Ciencia,Ciencia,Muy alta,Muy difícil,Histórica,Concepto,Sí
2668,Canguro,Ciencia,Ciencia,Muy alta,Muy difícil,Histórica,Concepto,Sí
2669,Jirafa,Ciencia,Ciencia,Muy alta,Muy difícil,Histórica,Concepto,Sí
2670,Camaleón,Ciencia,Ciencia,Muy alta,Muy difícil,Histórica,Concepto,Sí
2671,Oso polar,Ciencia,Ciencia,Muy alta,Muy difícil,Histórica,Concepto,Sí
2672,Panda,Ciencia,Ciencia,Muy alta,Muy difícil,Histórica,Concepto,Sí
2673,Gorila,Ciencia,Ciencia,Muy alta,Muy difícil,Histórica,Concepto,Sí
2674,Elefante,Ciencia,Ciencia,Muy alta,Muy difícil,Histórica,Concepto,Sí
2675,Cocodrilo,Ciencia,Ciencia,Muy alta,Muy difícil,Histórica,Concepto,Sí
2676,Ornitorrinco,Ciencia,Ciencia,Muy alta,Muy difícil,Histórica,Concepto,Sí
2677,Mariposa,Ciencia,Ciencia,Muy alta,Muy difícil,Histórica,Concepto,Sí
2678,Abeja,Ciencia,Ciencia,Muy alta,Muy difícil,Histórica,Concepto,Sí
2679,Araña,Ciencia,Ciencia,Muy alta,Muy difícil,Histórica,Concepto,Sí
2680,Delfín,Ciencia,Ciencia,Muy alta,Muy difícil,Histórica,Concepto,Sí
2681,Ballena,Ciencia,Ciencia,Muy alta,Muy difícil,Histórica,Concepto,Sí
2682,Águila,Ciencia,Ciencia,Muy alta,Muy difícil,Histórica,Concepto,Sí
2683,Búho,Ciencia,Ciencia,Muy alta,Muy difícil,Histórica,Concepto,Sí
2684,Serpiente,Ciencia,Ciencia,Muy alta,Muy difícil,Histórica,Concepto,Sí
2685,Rana,Ciencia,Ciencia,Muy alta,Muy difícil,Histórica,Concepto,Sí
2686,Cactus,Ciencia,Ciencia,Muy alta,Muy difícil,Histórica,Concepto,Sí
2687,Rosa,Ciencia,Ciencia,Muy alta,Muy difícil,Histórica,Concepto,Sí
2688,Girasol,Ciencia,Ciencia,Muy alta,Muy difícil,Histórica,Concepto,Sí
2689,Bambú,Ciencia,Ciencia,Muy alta,Muy difícil,Histórica,Concepto,Sí
2690,Venus,Ciencia,Ciencia,Muy alta,Muy difícil,Histórica,Concepto,Sí
2691,Marte,Ciencia,Ciencia,Muy alta,Muy difícil,Histórica,Concepto,Sí
2692,Júpiter,Ciencia,Ciencia,Muy alta,Muy difícil,Histórica,Concepto,Sí
2693,Saturno,Ciencia,Ciencia,Muy alta,Muy difícil,Histórica,Concepto,Sí
2694,Cometa,Ciencia,Ciencia,Muy alta,Muy difícil,Histórica,Concepto,Sí
2695,Eclipse,Ciencia,Ciencia,Muy alta,Muy difícil,Histórica,Concepto,Sí
2696,Estación espacial,Ciencia,Ciencia,Muy alta,Muy difícil,Histórica,Concepto,Sí
2697,Cohete,Ciencia,Ciencia,Muy alta,Muy difícil,Histórica,Concepto,Sí
2698,Astronauta,Ciencia,Ciencia,Muy alta,Muy difícil,Histórica,Concepto,Sí
2699,Robot,Ciencia,Ciencia,Muy alta,Muy difícil,Histórica,Concepto,Sí
2700,Imán,Ciencia,Ciencia,Muy alta,Muy difícil,Histórica,Concepto,Sí
2701,Brújula,Ciencia,Ciencia,Muy alta,Muy difícil,Histórica,Concepto,Sí
2702,Termómetro,Ciencia,Ciencia,Muy alta,Muy difícil,Histórica,Concepto,Sí
2703,Átomo,Ciencia,Ciencia,Muy alta,Muy difícil,Histórica,Concepto,Sí
2704,Molécula,Ciencia,Ciencia,Muy alta,Muy difícil,Histórica,Concepto,Sí
2705,Oxígeno,Ciencia,Ciencia,Muy alta,Muy difícil,Histórica,Concepto,Sí
2706,Agua,Ciencia,Ciencia,Muy alta,Muy difícil,Histórica,Concepto,Sí
2707,Hielo,Ciencia,Ciencia,Muy alta,Muy difícil,Histórica,Concepto,Sí
2708,Fuego,Ciencia,Ciencia,Muy alta,Muy difícil,Histórica,Concepto,Sí
2709,Luz,Ciencia,Ciencia,Muy alta,Muy difícil,Histórica,Concepto,Sí
2710,Sonido,Ciencia,Ciencia,Muy alta,Muy difícil,Histórica,Concepto,Sí
2711,Plasma,Ciencia,Ciencia,Muy alta,Muy difícil,Histórica,Concepto,Sí
2712,Cristal,Ciencia,Ciencia,Muy alta,Muy difícil,Histórica,Concepto,Sí
2713,Diamante,Ciencia,Ciencia,Muy alta,Muy difícil,Histórica,Concepto,Sí
2714,Energía solar,Ciencia,Ciencia,Muy alta,Muy difícil,Histórica,Concepto,Sí
2715,Panel solar,Ciencia,Ciencia,Muy alta,Muy difícil,Histórica,Concepto,Sí
2716,Meteorito,Ciencia,Ciencia,Muy alta,Muy difícil,Histórica,Concepto,Sí
2717,Constelación,Ciencia,Ciencia,Muy alta,Muy difícil,Histórica,Concepto,Sí
2718,Aurora boreal,Ciencia,Ciencia,Muy alta,Muy difícil,Histórica,Concepto,Sí
2719,Gravedad cero,Ciencia,Ciencia,Muy alta,Muy difícil,Histórica,Concepto,Sí
2720,Esqueleto,Ciencia,Ciencia,Muy alta,Muy difícil,Histórica,Concepto,Sí
2721,Cerebro,Ciencia,Ciencia,Muy alta,Muy difícil,Histórica,Concepto,Sí
2722,Corazón,Ciencia,Ciencia,Muy alta,Muy difícil,Histórica,Concepto,Sí
2723,Pulmón,Ciencia,Ciencia,Muy alta,Muy difícil,Histórica,Concepto,Sí
2724,Esqueleto humano,Ciencia,Ciencia,Muy alta,Muy difícil,Histórica,Concepto,Sí
2725,Volcán submarino,Ciencia,Ciencia,Muy alta,Muy difícil,Histórica,Concepto,Sí
2726,Fósil,Ciencia,Ciencia,Muy alta,Muy difícil,Histórica,Concepto,Sí
2727,Paleontólogo,Ciencia,Ciencia,Muy alta,Muy difícil,Histórica,Concepto,Sí
2728,Astrónomo,Ciencia,Ciencia,Muy alta,Muy difícil,Histórica,Concepto,Sí
2729,Biólogo,Ciencia,Ciencia,Muy alta,Muy difícil,Histórica,Concepto,Sí
2730,Químico,Ciencia,Ciencia,Muy alta,Muy difícil,Histórica,Concepto,Sí
2731,Física,Ciencia,Ciencia,Muy alta,Muy difícil,Histórica,Concepto,Sí
2732,Química,Ciencia,Ciencia,Muy alta,Muy difícil,Histórica,Concepto,Sí
2733,Biología,Ciencia,Ciencia,Muy alta,Muy difícil,Histórica,Concepto,Sí
2734,Geología,Ciencia,Ciencia,Muy alta,Muy difícil,Histórica,Concepto,Sí
2735,Meteorología,Ciencia,Ciencia,Muy alta,Muy difícil,Histórica,Concepto,Sí
2736,Evolución,Ciencia,Ciencia,Muy alta,Muy difícil,Histórica,Concepto,Sí
2737,Clon,Ciencia,Ciencia,Muy alta,Muy difícil,Histórica,Concepto,Sí
2738,Célula,Ciencia,Ciencia,Muy alta,Muy difícil,Histórica,Concepto,Sí
2739,Bacteria,Ciencia,Ciencia,Muy alta,Muy difícil,Histórica,Concepto,Sí
2740,Virus,Ciencia,Ciencia,Muy alta,Muy difícil,Histórica,Concepto,Sí
2741,Vacuna,Ciencia,Ciencia,Muy alta,Muy difícil,Histórica,Concepto,Sí
2742,Antibiótico,Ciencia,Ciencia,Muy alta,Muy difícil,Histórica,Concepto,Sí
2743,Hongo,Ciencia,Ciencia,Muy alta,Muy difícil,Histórica,Concepto,Sí
2744,Huella dactilar,Ciencia,Ciencia,Muy alta,Muy difícil,Histórica,Concepto,Sí
2745,Gravedad,Ciencia,Ciencia y tecnología,Muy alta,Muy difícil,Actual,Concepto,Sí
2746,Sistema Solar,Ciencia,Ciencia y tecnología,Muy alta,Muy difícil,Actual,Concepto,Sí
2747,Luna,Ciencia,Ciencia y tecnología,Muy alta,Muy difícil,Actual,Concepto,Sí
2748,Tierra,Ciencia,Ciencia y tecnología,Muy alta,Muy difícil,Actual,Concepto,Sí
2749,Neptuno,Ciencia,Ciencia y tecnología,Muy alta,Muy difícil,Actual,Concepto,Sí
2750,Plutón,Ciencia,Ciencia y tecnología,Muy alta,Muy difícil,Actual,Concepto,Sí
2751,Estrella,Ciencia,Ciencia y tecnología,Muy alta,Muy difícil,Actual,Concepto,Sí
2752,Galaxia,Ciencia,Ciencia y tecnología,Muy alta,Muy difícil,Actual,Concepto,Sí
2753,Agujero negro,Ciencia,Ciencia y tecnología,Muy alta,Muy difícil,Actual,Concepto,Sí
2754,Asteroide,Ciencia,Ciencia y tecnología,Muy alta,Muy difícil,Actual,Concepto,Sí
2755,Tiranosaurio,Ciencia,Ciencia y tecnología,Muy alta,Muy difícil,Actual,Concepto,Sí
2756,Triceratops,Ciencia,Ciencia y tecnología,Muy alta,Muy difícil,Actual,Concepto,Sí
2757,Mamuts,Ciencia,Ciencia y tecnología,Muy alta,Muy difícil,Actual,Concepto,Sí
2758,Microbio,Ciencia,Ciencia y tecnología,Muy alta,Muy difícil,Actual,Concepto,Sí
2759,Telescopio,Ciencia,Ciencia y tecnología,Muy alta,Muy difícil,Actual,Concepto,Sí
2760,Satélite,Ciencia,Ciencia y tecnología,Muy alta,Muy difícil,Actual,Concepto,Sí
2761,Ordenador,Ciencia,Ciencia y tecnología,Muy alta,Muy difícil,Actual,Concepto,Sí
2762,Internet,Ciencia,Ciencia y tecnología,Muy alta,Muy difícil,Actual,Concepto,Sí
2763,Bluetooth,Ciencia,Ciencia y tecnología,Muy alta,Muy difícil,Actual,Concepto,Sí
2764,GPS,Ciencia,Ciencia y tecnología,Muy alta,Muy difícil,Actual,Concepto,Sí
2765,Smartphone,Ciencia,Ciencia y tecnología,Muy alta,Muy difícil,Actual,Concepto,Sí
2766,Tableta,Ciencia,Ciencia y tecnología,Muy alta,Muy difícil,Actual,Concepto,Sí
2767,Cámara,Ciencia,Ciencia y tecnología,Muy alta,Muy difícil,Actual,Concepto,Sí
2768,Televisión,Ciencia,Ciencia y tecnología,Muy alta,Muy difícil,Actual,Concepto,Sí
2769,Teléfono,Ciencia,Ciencia y tecnología,Muy alta,Muy difícil,Actual,Concepto,Sí
2770,Bombilla,Ciencia,Ciencia y tecnología,Muy alta,Muy difícil,Actual,Concepto,Sí
2771,Motor,Ciencia,Ciencia y tecnología,Muy alta,Muy difícil,Actual,Concepto,Sí
2772,Avión,Ciencia,Ciencia y tecnología,Muy alta,Muy difícil,Actual,Concepto,Sí
2773,Submarino,Ciencia,Ciencia y tecnología,Muy alta,Muy difícil,Actual,Concepto,Sí
2774,Tren,Ciencia,Ciencia y tecnología,Muy alta,Muy difícil,Actual,Concepto,Sí
2775,Automóvil,Ciencia,Ciencia y tecnología,Muy alta,Muy difícil,Actual,Concepto,Sí
2776,Moto,Ciencia,Ciencia y tecnología,Muy alta,Muy difícil,Actual,Concepto,Sí
2777,Robot aspirador,Ciencia,Ciencia y tecnología,Muy alta,Muy difícil,Actual,Concepto,Sí
2778,Dron,Ciencia,Ciencia y tecnología,Muy alta,Muy difícil,Actual,Concepto,Sí
2779,Realidad virtual,Ciencia,Ciencia y tecnología,Muy alta,Muy difícil,Actual,Concepto,Sí
2780,Código QR,Ciencia,Ciencia y tecnología,Muy alta,Muy difícil,Actual,Concepto,Sí
2781,Nube informática,Ciencia,Ciencia y tecnología,Muy alta,Muy difícil,Actual,Concepto,Sí
2782,Tortilla de patatas,Gastronomía,Comida,Alta,Difícil,Actual,Objeto,Sí
2783,Jamón serrano,Gastronomía,Comida,Alta,Difícil,Actual,Objeto,Sí
2784,Tapas,Gastronomía,Comida,Alta,Difícil,Actual,Objeto,Sí
2785,Cocido madrileño,Gastronomía,Comida,Alta,Difícil,Actual,Objeto,Sí
2786,Gambas,Gastronomía,Comida,Alta,Difícil,Actual,Objeto,Sí
2787,Pan,Gastronomía,Comida,Alta,Difícil,Actual,Objeto,Sí
2788,Pasta,Gastronomía,Comida,Alta,Difícil,Actual,Objeto,Sí
2789,Nachos,Gastronomía,Comida,Alta,Difícil,Actual,Objeto,Sí
2790,Curry,Gastronomía,Comida,Alta,Difícil,Actual,Objeto,Sí
2791,Crema catalana,Gastronomía,Comida,Alta,Difícil,Actual,Objeto,Sí
2792,Tiramisú,Gastronomía,Comida,Alta,Difícil,Actual,Objeto,Sí
2793,Donut,Gastronomía,Comida,Alta,Difícil,Actual,Objeto,Sí
2794,Migas,Gastronomía,Comida,Alta,Difícil,Actual,Objeto,Sí
2795,Morcilla,Gastronomía,Comida,Alta,Difícil,Actual,Objeto,Sí
2796,Ensaladilla rusa,Gastronomía,Comida,Alta,Difícil,Actual,Objeto,Sí
2797,Fabada asturiana,Gastronomía,Comida,Alta,Difícil,Actual,Objeto,Sí
2798,Café,Gastronomía,Comida,Alta,Difícil,Actual,Objeto,Sí
2799,Vino,Gastronomía,Comida,Alta,Difícil,Actual,Objeto,Sí
2800,Naranja,Gastronomía,Comida,Alta,Difícil,Actual,Objeto,Sí
2801,Fresa,Gastronomía,Comida,Alta,Difícil,Actual,Objeto,Sí
2802,Uva,Gastronomía,Comida,Alta,Difícil,Actual,Objeto,Sí
2803,Chocolate negro,Gastronomía,Comida,Alta,Difícil,Actual,Objeto,Sí
2804,Canela,Gastronomía,Comida,Alta,Difícil,Actual,Objeto,Sí
2805,Mayonesa,Gastronomía,Comida,Alta,Difícil,Actual,Objeto,Sí
2806,Pipas,Gastronomía,Comida,Alta,Difícil,Actual,Objeto,Sí
2807,Gominolas,Gastronomía,Comida,Alta,Difícil,Actual,Objeto,Sí
2808,Perro,Naturaleza,Animal,Alta,Difícil,Actual,Concepto,Sí
2809,Tigre,Naturaleza,Animal,Alta,Difícil,Actual,Concepto,Sí
2810,Oso,Naturaleza,Animal,Alta,Difícil,Actual,Concepto,Sí
2811,Hipopótamo,Naturaleza,Animal,Alta,Difícil,Actual,Concepto,Sí
2812,Loro,Naturaleza,Animal,Alta,Difícil,Actual,Concepto,Sí
2813,Pavo real,Naturaleza,Animal,Alta,Difícil,Actual,Concepto,Sí
2814,Vaca,Naturaleza,Animal,Alta,Difícil,Actual,Concepto,Sí
2815,Oveja,Naturaleza,Animal,Alta,Difícil,Actual,Concepto,Sí
2816,Lobo,Naturaleza,Animal,Alta,Difícil,Actual,Concepto,Sí
2817,Ardilla,Naturaleza,Animal,Alta,Difícil,Actual,Concepto,Sí
2818,Rata,Naturaleza,Animal,Alta,Difícil,Actual,Concepto,Sí
2819,Hormiga,Naturaleza,Animal,Alta,Difícil,Actual,Concepto,Sí
2820,Mosca,Naturaleza,Animal,Alta,Difícil,Actual,Concepto,Sí
2821,Cangrejo,Naturaleza,Animal,Alta,Difícil,Actual,Concepto,Sí
2822,Caballito de mar,Naturaleza,Animal,Alta,Difícil,Actual,Concepto,Sí
2823,Búho real,Naturaleza,Animal,Alta,Difícil,Actual,Concepto,Sí
2824,Elefante africano,Naturaleza,Animal,Alta,Difícil,Actual,Concepto,Sí
2825,Hiena,Naturaleza,Animal,Alta,Difícil,Actual,Concepto,Sí
2826,Armadillo,Naturaleza,Animal,Alta,Difícil,Actual,Concepto,Sí
2827,Cobra,Naturaleza,Animal,Alta,Difícil,Actual,Concepto,Sí
2828,Cachalote,Naturaleza,Animal,Alta,Difícil,Actual,Concepto,Sí
2829,Morsa,Naturaleza,Animal,Alta,Difícil,Actual,Concepto,Sí
2830,Avestruz,Naturaleza,Animal,Alta,Difícil,Actual,Concepto,Sí
2831,Pez payaso,Naturaleza,Animal,Alta,Difícil,Actual,Concepto,Sí
2832,Salmón,Naturaleza,Animal,Alta,Difícil,Actual,Concepto,Sí
2833,Carolina Marín,Deportes,Bádminton,Alta,Difícil,Actual,Persona,Sí
2834,Mala Rodríguez,Música,Rap,Alta,Difícil,Actual,Persona,Sí
2835,C. Tangana,Música,Cantante,Alta,Difícil,Actual,Persona,Sí
2836,Patricio Estrella,Personajes,Animación,Alta,Difícil,Actual,Personaje,Sí
2837,Popeye,Personajes,Animación,Alta,Difícil,Histórica,Personaje,Sí
2838,Sancho Panza,Personajes,Literatura,Alta,Difícil,Histórica,Personaje,Sí
2839,Peter Griffin,Personajes,Animación,Alta,Difícil,Actual,Personaje,Sí
2840,Stewie Griffin,Personajes,Animación,Alta,Difícil,Actual,Personaje,Sí
2841,Sailor Moon,Personajes,Anime,Alta,Difícil,Histórica,Personaje,Sí
2842,Farmacia de Guardia,Series,Comedia,Alta,Difícil,Histórica,Serie,Sí
2843,Cuéntame cómo pasó,Series,Drama,Alta,Difícil,Clásica,Serie,Sí
2844,Verano Azul,Series,Drama,Alta,Difícil,Clásica,Serie,Sí
2845,Los Serrano,Series,Comedia,Alta,Difícil,Histórica,Serie,Sí
2846,7 vidas,Series,Comedia,Alta,Difícil,Clásica,Serie,Sí
2847,La Casa de las Flores,Series,Comedia,Alta,Difícil,Actual,Serie,Sí
2848,Seinfeld,Series,Comedia,Alta,Difícil,Clásica,Serie,Sí
2849,Merlí,Series,Drama,Alta,Difícil,Histórica,Serie,Sí
2850,Paquita Salas,Series,Comedia,Alta,Difícil,Actual,Serie,Sí
2851,El Ministerio del Tiempo,Series,Ciencia ficción,Alta,Difícil,Histórica,Serie,Sí
2852,Los hombres de Paco,Series,Comedia,Alta,Difícil,Histórica,Serie,Sí
2853,Médico de familia,Series,Comedia,Alta,Difícil,Histórica,Serie,Sí
2854,Un paso adelante,Series,Drama,Alta,Difícil,Histórica,Serie,Sí
2855,Compañeros,Series,Drama,Alta,Difícil,Histórica,Serie,Sí
2856,Los Protegidos,Series,Fantasía,Alta,Difícil,Histórica,Serie,Sí
2857,Los Goonies,Películas,Aventuras,Alta,Difícil,Histórica,Película,Sí
2858,Depredador,Películas,Acción,Alta,Difícil,Histórica,Película,Sí
2859,Rafa Benítez,Deportes,Fútbol,Alta,Difícil,Histórica,Persona,Sí
2860,1984,Literatura,Libro,Alta,Muy difícil,Histórica,Libro,No
2861,La Odisea,Literatura,Obra clásica,Alta,Muy difícil,Histórica,Libro,No
2862,La Divina Comedia,Literatura,Obra clásica,Alta,Muy difícil,Histórica,Libro,No
2863,Alexander Fleming,Ciencia,Científico,Alta,Muy difícil,Histórica,Persona,Sí
2864,Juana de Arco,Historia,Personaje histórico,Alta,Muy difícil,Histórica,Persona,No
2865,Gaston Lagaffe,Personajes,Cómic,Alta,Difícil,Histórica,Personaje,Sí
2866,Zipi,Personajes,Cómic,Alta,Difícil,Histórica,Personaje,Sí
2867,Zape,Personajes,Cómic,Alta,Difícil,Histórica,Personaje,Sí
2868,Superlópez,Personajes,Cómic,Alta,Difícil,Histórica,Personaje,Sí
2869,Calimero,Personajes,Animación,Alta,Difícil,Histórica,Personaje,Sí
2870,Tigger,Personajes,Animación,Alta,Difícil,Histórica,Personaje,Sí
2871,Po,Personajes,Animación,Alta,Difícil,Actual,Personaje,Sí
2872,Luffy,Personajes,Anime,Alta,Difícil,Actual,Personaje,Sí
2873,Expediente X,Series,Ciencia ficción,Alta,Difícil,Clásica,Serie,Sí
2874,Dallas,Series,Drama,Alta,Difícil,Histórica,Serie,Sí
2875,Dinastía,Series,Drama,Alta,Difícil,Histórica,Serie,Sí
2876,Cheers,Series,Comedia,Alta,Difícil,Histórica,Serie,Sí
2877,Embrujada,Series,Comedia,Alta,Difícil,Histórica,Serie,Sí
2878,Los Roper,Series,Comedia,Alta,Difícil,Histórica,Serie,Sí
2879,Scrubs,Series,Comedia,Alta,Difícil,Histórica,Serie,Sí
2880,Hijos de la Anarquía,Series,Drama,Alta,Difícil,Histórica,Serie,Sí
2881,Dark,Series,Ciencia ficción,Alta,Difícil,Actual,Serie,Sí
2882,Ozark,Series,Drama,Alta,Difícil,Actual,Serie,Sí
2883,The Bear,Series,Drama,Alta,Difícil,Actual,Serie,Sí
2884,Succession,Series,Drama,Alta,Difícil,Actual,Serie,Sí
2885,Yellowstone,Series,Drama,Alta,Difícil,Actual,Serie,Sí
2886,The Good Doctor,Series,Drama,Alta,Difícil,Actual,Serie,Sí
2887,La Unidad,Series,Policiaca,Alta,Difícil,Actual,Serie,Sí
2888,30 monedas,Series,Terror,Alta,Difícil,Actual,Serie,Sí
2889,Antidisturbios,Series,Drama,Alta,Difícil,Actual,Serie,Sí
2890,La Mesías,Series,Drama,Alta,Difícil,Actual,Serie,Sí
2891,Aquí no hay quien viva: Desengaño 21,Series,Comedia,Alta,Difícil,Clásica,Serie,Sí
2892,Los Aurones,Series,Infantil,Alta,Difícil,Histórica,Serie,Sí
2893,Lawrence de Arabia,Películas,Aventuras,Alta,Difícil,Histórica,Película,Sí
2894,Doctor Zhivago,Películas,Drama,Alta,Difícil,Histórica,Película,Sí
2895,El apartamento,Películas,Comedia,Alta,Difícil,Histórica,Película,Sí
2896,Flashdance,Películas,Musical,Alta,Difícil,Histórica,Película,Sí
2897,Fama,Películas,Musical,Alta,Difícil,Histórica,Película,Sí
2898,Creed,Películas,Deportes,Alta,Difícil,Actual,Película,Sí
2899,Tron,Películas,Ciencia ficción,Alta,Difícil,Histórica,Película,Sí
2900,Sting,Música,Cantante,Alta,Difícil,Histórica,Persona,Sí
2901,Diana Ross,Música,Cantante,Alta,Difícil,Histórica,Persona,Sí
2902,Janis Joplin,Música,Cantante,Alta,Difícil,Histórica,Persona,Sí
2903,Louis Armstrong,Música,Cantante,Alta,Difícil,Histórica,Persona,Sí
2904,James Brown,Música,Cantante,Alta,Difícil,Histórica,Persona,Sí
2905,Shania Twain,Música,Cantante,Alta,Difícil,Histórica,Persona,Sí
2906,Foo Fighters,Música,Grupo musical,Alta,Difícil,Actual,Grupo,Sí
2907,Duran Duran,Música,Grupo musical,Alta,Difícil,Histórica,Grupo,Sí
2908,Radiohead,Música,Grupo musical,Alta,Difícil,Histórica,Grupo,Sí
2909,Los Secretos,Música,Grupo musical,Alta,Difícil,Histórica,Grupo,Sí
2910,Fito Cabrales,Música,Cantante,Alta,Difícil,Actual,Persona,Sí
2911,Nathy Peluso,Música,Cantante,Alta,Difícil,Actual,Persona,Sí
2912,Duki,Música,Rap,Alta,Difícil,Actual,Persona,Sí
2913,Ronald Koeman,Deportes,Futbolista,Alta,Difícil,Histórica,Persona,Sí
2914,Álex Crivillé,Deportes,Motociclismo,Alta,Difícil,Histórica,Persona,Sí
2915,Garbiñe Muguruza,Deportes,Tenis,Alta,Difícil,Histórica,Persona,Sí
2916,Arantxa Sánchez Vicario,Deportes,Tenis,Alta,Difícil,Histórica,Persona,Sí
2917,Conchita Martínez,Deportes,Tenis,Alta,Difícil,Histórica,Persona,Sí
2918,El Greco,Arte,Pintor,Alta,Difícil,Histórica,Persona,No
2919,Marco Polo,Historia,Explorador,Alta,Muy difícil,Histórica,Persona,No
2920,Amelia Earhart,Historia,Aviadora,Alta,Difícil,Histórica,Persona,No
2921,Miguel de Unamuno,Literatura,Escritor,Alta,Muy difícil,Histórica,Persona,No
2922,Lope de Vega,Literatura,Escritor,Alta,Muy difícil,Histórica,Persona,No
2923,Mark Twain,Literatura,Escritor,Alta,Muy difícil,Histórica,Persona,No
2924,Odín,Mitología,Mitología nórdica,Alta,Difícil,Histórica,Personaje,No
2925,Shazam!,Películas,Superhéroes,Alta,Difícil,Actual,Película,Sí
2926,Black Adam,Películas,Superhéroes,Alta,Difícil,Actual,Película,Sí
2927,Rocketman,Películas,Musical,Alta,Difícil,Actual,Película,Sí
2928,La mala educación,Películas,Drama español,Alta,Difícil,Actual,Película,Sí
2929,Mientras dure la guerra,Películas,Drama histórico español,Alta,Difícil,Actual,Película,Sí
2930,El reino,Películas,Thriller español,Alta,Difícil,Actual,Película,Sí
2931,"Kiki, el amor se hace",Películas,Comedia española,Alta,Difícil,Actual,Película,Sí
2932,Pagafantas,Películas,Comedia española,Alta,Difícil,Histórica,Película,Sí
2933,Villaviciosa de al lado,Películas,Comedia española,Alta,Difícil,Actual,Película,Sí
2934,Secretos del corazón,Películas,Drama español,Alta,Difícil,Histórica,Película,Sí
2935,El bola,Películas,Drama español,Alta,Difícil,Histórica,Película,Sí
2936,Hannibal,Series,Thriller,Alta,Difícil,Histórica,Serie,Sí
2937,Los Tudor,Series,Histórica,Alta,Difícil,Histórica,Serie,Sí
2938,Mad Men,Series,Drama,Alta,Difícil,Histórica,Serie,Sí
2939,Andor,Series,Ciencia ficción,Alta,Difícil,Actual,Serie,Sí
2940,Falcon y el Soldado de Invierno,Series,Superhéroes,Alta,Difícil,Actual,Serie,Sí
2941,Jessica Jones,Series,Superhéroes,Alta,Difícil,Histórica,Serie,Sí
2942,Agentes de SHIELD,Series,Superhéroes,Alta,Difícil,Histórica,Serie,Sí
2943,Los informáticos,Series,Comedia,Alta,Difícil,Histórica,Serie,Sí
2944,Frasier,Series,Comedia,Alta,Difícil,Histórica,Serie,Sí
2945,Will y Grace,Series,Comedia,Alta,Difícil,Histórica,Serie,Sí
2946,Acacias 38,Series,Drama español,Alta,Difícil,Actual,Serie,Sí
2947,Gran Reserva,Series,Drama español,Alta,Difícil,Actual,Serie,Sí
2948,Los pacientes del doctor García,Series,Drama histórico español,Alta,Difícil,Actual,Serie,Sí
2949,"Señor, dame paciencia",Series,Comedia española,Alta,Difícil,Actual,Serie,Sí
2950,Iznogoud,Personajes,Cómic,Alta,Difícil,Histórica,Personaje,Sí
2951,Calvin,Personajes,Cómic,Alta,Difícil,Histórica,Personaje,Sí
2952,Hobbes,Personajes,Cómic,Alta,Difícil,Histórica,Personaje,Sí
2953,Atlantis: El imperio perdido,Películas,Animación,Alta,Difícil,Histórica,Película,Sí
2954,El planeta del tesoro,Películas,Animación,Alta,Difícil,Histórica,Película,Sí
2955,Yu-Gi-Oh!,Series,Animación,Alta,Difícil,Histórica,Serie,Sí
2956,Érase una vez... el hombre,Series,Animación educativa,Alta,Difícil,Histórica,Serie,Sí
2957,Periodistas,Series,Drama español,Alta,Difícil,Histórica,Serie,Sí
2958,Arde Madrid,Series,Comedia española,Alta,Difícil,Actual,Serie,Sí
2959,Hierro,Series,Thriller español,Alta,Difícil,Actual,Serie,Sí
2960,Patria,Series,Drama español,Alta,Difícil,Actual,Serie,Sí
2961,La novia gitana,Series,Thriller español,Alta,Difícil,Actual,Serie,Sí
2962,Reina Roja,Series,Thriller español,Alta,Difícil,Actual,Serie,Sí
2963,El cuerpo en llamas,Series,Thriller español,Alta,Difícil,Actual,Serie,Sí
2964,Corto Maltés,Personajes,Cómic,Alta,Difícil,Histórica,Personaje,Sí
2965,Kratos,Personajes,Videojuegos,Alta,Difícil,Actual,Personaje,Sí
2966,Master Chief,Personajes,Videojuegos,Alta,Difícil,Actual,Personaje,Sí
2967,Marco Antonio,Historia,Político romano,Alta,Muy difícil,Histórica,Persona,No
2968,Nueva Delhi,Lugares,Ciudad,Alta,Difícil,Actual,Lugar,Sí
2969,Odiseo,Mitología,Héroe griego,Alta,Difícil,Histórica,Personaje,No
2970,Reservoir Dogs,Películas,Thriller,Alta,Difícil,Histórica,Película,Sí
2971,La huérfana,Películas,Terror,Alta,Difícil,Actual,Película,Sí
2972,Maze Runner,Películas,Ciencia ficción,Alta,Difícil,Actual,Película,Sí
2973,El corredor del laberinto,Películas,Ciencia ficción,Alta,Difícil,Actual,Película,Sí
2974,Río,Películas,Animación,Alta,Difícil,Actual,Película,Sí
2975,La princesa Mononoke,Películas,Animación,Alta,Difícil,Histórica,Película,Sí
2976,El gigante de hierro,Películas,Animación,Alta,Difícil,Histórica,Película,Sí
2977,Oliver y su pandilla,Películas,Animación,Alta,Difícil,Histórica,Película,Sí
2978,El emperador y sus locuras,Películas,Animación,Alta,Difícil,Actual,Película,Sí
2979,Bolt,Películas,Animación,Alta,Difícil,Actual,Película,Sí
2980,El buen dinosaurio,Películas,Animación,Alta,Difícil,Actual,Película,Sí
2981,Monstruos contra alienígenas,Películas,Animación,Alta,Difícil,Actual,Película,Sí
2982,Megamind,Películas,Animación,Alta,Difícil,Actual,Película,Sí
2983,Rango,Películas,Animación,Alta,Difícil,Actual,Película,Sí
2984,Los Mitchell contra las máquinas,Películas,Animación,Alta,Difícil,Actual,Película,Sí
2985,Cazafantasmas,Cine,Película,Alta,Difícil,Actual,Película,Sí
2986,Transformers,Cine,Película,Alta,Difícil,Actual,Película,Sí
2987,Minions,Cine,Película,Alta,Difícil,Actual,Película,Sí
2988,Mrs. Doubtfire,Cine,Película,Alta,Difícil,Actual,Película,Sí
2989,Desayuno con diamantes,Cine,Película,Alta,Difícil,Actual,Película,Sí
2990,Wonka,Cine,Película,Alta,Difícil,Actual,Película,Sí
2991,Cruella,Cine,Película,Alta,Difícil,Actual,Película,Sí
2992,Eragon,Cine,Película,Alta,Difícil,Actual,Película,Sí
2993,Zodiac,Cine,Película,Alta,Difícil,Actual,Película,Sí
2994,La naranja mecánica,Cine,Película,Alta,Difícil,Actual,Película,Sí
2995,1917,Cine,Película,Alta,Difícil,Actual,Película,Sí
2996,Speed,Cine,Película,Alta,Difícil,Actual,Película,Sí
2997,Zootrópolis,Cine,Película,Alta,Difícil,Actual,Película,Sí
2998,Your Name,Cine,Película,Alta,Difícil,Actual,Película,Sí
2999,Dragon Ball,Cine y TV,Serie,Alta,Difícil,Actual,Serie,Sí
3000,Looney Tunes,Cine y TV,Serie,Alta,Difícil,Actual,Serie,Sí
3001,Kim Possible,Cine y TV,Serie,Alta,Difícil,Actual,Serie,Sí
3002,Rick y Morty,Cine y TV,Serie,Alta,Difícil,Actual,Serie,Sí
3003,La Casa del Dragón,Cine y TV,Serie,Alta,Difícil,Actual,Serie,Sí
3004,Cuéntame,Cultura,Cultura popular,Alta,Muy difícil,Actual,Concepto,Sí
3005,The Fresh Prince of Bel-Air,Música,Música,Alta,Difícil,Actual,Grupo,Sí
3006,Fringe,Cine y TV,Serie,Alta,Difícil,Clásica,Serie,Sí
3007,The Simpsons,Cultura,Cultura popular,Alta,Muy difícil,Actual,Concepto,Sí
3008,Euphoria,Cine y TV,Serie,Alta,Difícil,Actual,Serie,Sí
3009,Orange Is the New Black,Cine y TV,Serie,Alta,Difícil,Actual,Serie,Sí
3010,La ruta,Cine y TV,Serie,Alta,Difícil,Actual,Serie,Sí
3011,George Harrison,Música,Música,Alta,Difícil,Actual,Persona,Sí
3012,Rod Stewart,Música,Música,Alta,Difícil,Actual,Persona,Sí
3013,Jimi Hendrix,Música,Música,Alta,Difícil,Actual,Persona,Sí
3014,Manolo Escobar,Música,Música,Alta,Difícil,Actual,Persona,Sí
3015,Radio Futura,Cultura,Cultura popular,Alta,Muy difícil,Actual,Concepto,Sí
3016,Gloria Estefan,Cultura,Cultura popular,Alta,Muy difícil,Actual,Concepto,Sí
3017,Vicente Fernández,Cultura,Cultura popular,Alta,Muy difícil,Actual,Concepto,Sí
3018,Pitbull,Cultura,Cultura popular,Alta,Muy difícil,Actual,Concepto,Sí
3019,Lana Del Rey,Cultura,Cultura popular,Alta,Muy difícil,Actual,Concepto,Sí
3020,Gwen Stefani,Cultura,Cultura popular,Alta,Muy difícil,Actual,Concepto,Sí
3021,Scorpions,Cultura,Cultura popular,Alta,Muy difícil,Actual,Concepto,Sí
3022,Genesis,Cultura,Cultura popular,Alta,Muy difícil,Actual,Concepto,Sí
3023,Hey Jude,Cultura,Cultura popular,Alta,Muy difícil,Actual,Concepto,Sí
3024,Billie Jean,Cultura,Cultura popular,Alta,Muy difícil,Actual,Concepto,Sí
3025,Purple Rain,Cultura,Cultura popular,Alta,Muy difícil,Actual,Concepto,Sí
3026,Hotel California,Cultura,Cultura popular,Alta,Muy difícil,Actual,Concepto,Sí
3027,Wonderwall,Cultura,Cultura popular,Alta,Muy difícil,Actual,Concepto,Sí
3028,Bailando,Cultura,Cultura popular,Alta,Muy difícil,Actual,Concepto,Sí
3029,Eres tú,Cultura,Cultura popular,Alta,Muy difícil,Actual,Concepto,Sí
3030,Entre dos tierras,Cultura,Cultura popular,Alta,Muy difícil,Actual,Concepto,Sí
3031,Mi gran noche,Cultura,Cultura popular,Alta,Muy difícil,Actual,Concepto,Sí
3032,Cadillac solitario,Cultura,Cultura popular,Alta,Muy difícil,Actual,Concepto,Sí
3033,Libre,Cultura,Cultura popular,Alta,Muy difícil,Actual,Concepto,Sí
3034,Zapatillas,Cultura,Cultura popular,Alta,Muy difícil,Actual,Concepto,Sí
3035,Colgando en tus manos,Cultura,Cultura popular,Alta,Muy difícil,Actual,Concepto,Sí
3036,David Silva,Cultura,Cultura popular,Alta,Muy difícil,Actual,Concepto,Sí
3037,Carlo Ancelotti,Cultura,Cultura popular,Alta,Muy difícil,Actual,Concepto,Sí
3038,Venus Williams,Cultura,Cultura popular,Alta,Muy difícil,Actual,Concepto,Sí
3039,Manny Pacquiao,Cultura,Cultura popular,Alta,Muy difícil,Actual,Concepto,Sí
3040,Mika Häkkinen,Cultura,Cultura popular,Alta,Muy difícil,Actual,Concepto,Sí
3041,Eddy Merckx,Cultura,Cultura popular,Alta,Muy difícil,Actual,Concepto,Sí
3042,Valencia CF,Deportes,Deporte,Alta,Difícil,Actual,Evento,Sí
3043,Villarreal CF,Deportes,Deporte,Alta,Difícil,Actual,Evento,Sí
3044,Manchester City,Deportes,Deporte,Alta,Difícil,Actual,Evento,Sí
3045,Bayern de Múnich,Deportes,Deporte,Alta,Difícil,Actual,Evento,Sí
3046,AC Milan,Deportes,Deporte,Alta,Difícil,Actual,Evento,Sí
3047,Ajax,Deportes,Deporte,Alta,Difícil,Actual,Evento,Sí
3048,Brasil,Deportes,Deporte,Alta,Difícil,Actual,Evento,Sí
3049,Francia,Deportes,Deporte,Alta,Difícil,Actual,Evento,Sí
3050,Inglaterra,Deportes,Deporte,Alta,Difícil,Actual,Evento,Sí
3051,Copa del Rey,Deportes,Deporte,Alta,Difícil,Actual,Evento,Sí
3052,NBA,Deportes,Deporte,Alta,Difícil,Actual,Evento,Sí
3053,Roland Garros,Deportes,Deporte,Alta,Difícil,Actual,Evento,Sí
3054,Fórmula 1,Deportes,Deporte,Alta,Difícil,Actual,Evento,Sí
3055,Maratón,Deportes,Deporte,Alta,Difícil,Actual,Evento,Sí
3056,Bota de Oro,Deportes,Deporte,Alta,Difícil,Actual,Evento,Sí
3057,Balón de fútbol,Cultura,Cultura popular,Alta,Muy difícil,Actual,Concepto,Sí
3058,Podio,Cultura,Cultura popular,Alta,Muy difícil,Actual,Concepto,Sí
3059,Estadio,Cultura,Cultura popular,Alta,Muy difícil,Actual,Concepto,Sí
3060,Capitán Trueno,Personajes,Personaje,Alta,Difícil,Actual,Personaje,Sí
3061,Donald,Personajes,Personaje,Alta,Media,Actual,Personaje,Sí
3062,Silvestre,Personajes,Personaje,Alta,Difícil,Actual,Personaje,Sí
3063,Kirby,Videojuegos,Videojuego,Alta,Difícil,Actual,Juego,Sí
3064,Bilbo Bolsón,Personajes,Personaje,Alta,Difícil,Actual,Personaje,Sí
3065,Dumbledore,Personajes,Personaje,Alta,Difícil,Actual,Personaje,Sí
3066,Robin,Personajes,Personaje,Alta,Difícil,Actual,Personaje,Sí
3067,Rayo McQueen,Música,Música,Alta,Difícil,Actual,Persona,Sí
3068,Remy,Personajes,Personaje,Alta,Difícil,Actual,Personaje,Sí
3069,Olaf,Personajes,Personaje,Alta,Difícil,Actual,Personaje,Sí
3070,Bella,Personajes,Personaje,Alta,Difícil,Actual,Personaje,Sí
3071,Harry el Sucio,Personajes,Personaje,Alta,Difícil,Actual,Personaje,Sí
3072,Walter White,Personajes,Personaje,Alta,Difícil,Actual,Personaje,Sí
3073,Jon Snow,Personajes,Personaje,Alta,Difícil,Actual,Personaje,Sí
3074,Wednesday Addams,Personajes,Personaje,Alta,Difícil,Actual,Personaje,Sí
3075,Groot,Personajes,Personaje,Alta,Difícil,Actual,Personaje,Sí
3076,Macbeth,Literatura,Literatura,Alta,Muy difícil,Actual,Obra,No
3077,El conde de Montecristo,Literatura,Literatura,Alta,Muy difícil,Actual,Obra,No
3078,Rapunzel,Literatura,Literatura,Alta,Muy difícil,Actual,Obra,No
3079,El flautista de Hamelín,Literatura,Literatura,Alta,Muy difícil,Actual,Obra,No
3080,Tom Sawyer,Literatura,Literatura,Alta,Muy difícil,Actual,Obra,No
3081,Dr. Jekyll y Mr. Hyde,Literatura,Literatura,Alta,Muy difícil,Actual,Obra,No
3082,Manolito Gafotas,Literatura,Literatura,Alta,Muy difícil,Actual,Obra,No
3083,Los Pitufos,Literatura,Literatura,Alta,Muy difícil,Actual,Obra,No
3084,Rafael,Arte,Arte,Alta,Difícil,Actual,Persona,No
3085,Murillo,Arte,Arte,Alta,Difícil,Actual,Persona,No
3086,Sorolla,Arte,Arte,Alta,Difícil,Actual,Persona,No
3087,Monet,Arte,Arte,Alta,Difícil,Actual,Persona,No
3088,Degas,Arte,Arte,Alta,Difícil,Actual,Persona,No
3089,Kandinsky,Arte,Arte,Alta,Difícil,Actual,Persona,No
3090,Magritte,Arte,Arte,Alta,Difícil,Actual,Persona,No
3091,La joven de la perla,Arte,Arte,Alta,Muy difícil,Actual,Obra,No
3092,Saturno devorando a su hijo,Arte,Arte,Alta,Difícil,Actual,Persona,No
3093,El caballero de la mano en el pecho,Arte,Arte,Alta,Muy difícil,Actual,Obra,No
3094,El beso de Rodin,Arte,Arte,Alta,Muy difícil,Actual,Obra,No
3095,Alfonso X,Historia,Personaje histórico,Alta,Muy difícil,Histórica,Persona,No
3096,John F. Kennedy,Historia,Personaje histórico,Alta,Muy difícil,Histórica,Persona,No
3097,Donald Trump,Historia,Personaje histórico,Alta,Muy difícil,Histórica,Persona,No
3098,Adolf Hitler,Historia,Personaje histórico,Alta,Muy difícil,Histórica,Persona,No
3099,Hipatia,Historia,Personaje histórico,Alta,Muy difícil,Histórica,Persona,No
3100,Américo Vespucio,Historia,Personaje histórico,Alta,Muy difícil,Histórica,Persona,No
3101,Revolución Industrial,Historia,Historia,Alta,Difícil,Histórica,Evento,No
3102,Guerra Civil Española,Historia,Historia,Alta,Difícil,Histórica,Evento,No
3103,Descubrimiento de América,Historia,Historia,Alta,Difícil,Histórica,Evento,No
3104,Edad Media,Historia,Historia,Alta,Difícil,Actual,Lugar,No
3105,Imperio Griego,Historia,Historia,Alta,Difícil,Actual,Lugar,No
3106,Cruzadas,Historia,Historia,Alta,Difícil,Actual,Lugar,No
3107,Tratado de Versalles,Historia,Historia,Alta,Difícil,Actual,Lugar,No
3108,Batalla de Lepanto,Historia,Historia,Alta,Difícil,Histórica,Evento,No
3109,Pompeya,Historia,Historia,Alta,Difícil,Actual,Lugar,No
3110,Coliseo,Historia,Historia,Alta,Difícil,Histórica,Lugar,No
3111,Puerta de Brandeburgo,Historia,Historia,Alta,Difícil,Actual,Lugar,No
3112,Castillo de Neuschwanstein,Historia,Historia,Alta,Difícil,Actual,Lugar,No
3113,Teatro Romano de Mérida,Historia,Historia,Alta,Difícil,Actual,Lugar,No
3114,Córdoba,Lugares,Lugar,Alta,Difícil,Actual,Lugar,Sí
3115,San Sebastián,Lugares,Lugar,Alta,Difícil,Actual,Lugar,Sí
3116,Murcia,Lugares,Lugar,Alta,Difícil,Actual,Lugar,Sí
3117,Lanzarote,Lugares,Lugar,Alta,Difícil,Actual,Lugar,Sí
3118,Asturias,Lugares,Lugar,Alta,Difícil,Actual,Lugar,Sí
3119,Cataluña,Lugares,Lugar,Alta,Difícil,Actual,Lugar,Sí
3120,Castilla-La Mancha,Lugares,Lugar,Alta,Difícil,Actual,Lugar,Sí
3121,La Rioja,Lugares,Lugar,Alta,Difícil,Actual,Lugar,Sí
3122,Pirineos,Lugares,Lugar,Alta,Difícil,Actual,Lugar,Sí
3123,Atlántico,Lugares,Lugar,Alta,Difícil,Actual,Lugar,Sí
3124,Himalaya,Lugares,Lugar,Alta,Difícil,Actual,Lugar,Sí
3125,Niágara,Lugares,Lugar,Alta,Difícil,Actual,Lugar,Sí
3126,Polo Norte,Lugares,Lugar,Alta,Difícil,Actual,Lugar,Sí
3127,Washington,Lugares,Lugar,Alta,Difícil,Actual,Lugar,Sí
3128,Cancún,Lugares,Lugar,Alta,Difícil,Actual,Lugar,Sí
3129,Santiago de Chile,Lugares,Lugar,Alta,Difícil,Actual,Lugar,Sí
3130,Milán,Lugares,Lugar,Alta,Difícil,Actual,Lugar,Sí
3131,Moscú,Lugares,Lugar,Alta,Difícil,Actual,Lugar,Sí
3132,Melbourne,Lugares,Lugar,Alta,Difícil,Actual,Lugar,Sí
3133,Bali,Lugares,Lugar,Alta,Difícil,Actual,Lugar,Sí
3134,Hawái,Lugares,Lugar,Alta,Difícil,Actual,Lugar,Sí
3135,Universal Studios,Lugares,Lugar,Alta,Difícil,Actual,Lugar,Sí
3136,Lluvia,Cultura,Cultura popular,Alta,Muy difícil,Actual,Concepto,Sí
3137,Glaciar,Cultura,Cultura popular,Alta,Muy difícil,Actual,Concepto,Sí
3138,Nocilla,Marcas,Marca,Alta,Difícil,Actual,Marca,Sí
3139,Campofrío,Marcas,Marca,Alta,Difícil,Actual,Marca,Sí
3140,New Balance,Marcas,Marca,Alta,Difícil,Actual,Marca,Sí
3141,Marvel,Marcas,Marca,Alta,Difícil,Actual,Marca,Sí
3142,Atari,Marcas,Marca,Alta,Difícil,Actual,Marca,Sí
3143,Nokia,Marcas,Marca,Alta,Difícil,Actual,Marca,Sí
3144,Lamborghini,Marcas,Marca,Alta,Difícil,Actual,Marca,Sí
3145,Fiat,Marcas,Marca,Alta,Difícil,Actual,Marca,Sí
3146,Vespa,Marcas,Marca,Alta,Difícil,Actual,Marca,Sí
3147,Lidl,Marcas,Marca,Alta,Difícil,Actual,Marca,Sí
3148,X,Marcas,Marca,Alta,Difícil,Actual,Marca,Sí
3149,Super Mario,Videojuegos,Videojuego,Alta,Difícil,Actual,Juego,Sí
3150,Clash of Clans,Videojuegos,Videojuego,Alta,Difícil,Actual,Juego,Sí
3151,Rayman,Videojuegos,Videojuego,Alta,Difícil,Actual,Juego,Sí
3152,Far Cry,Videojuegos,Videojuego,Alta,Difícil,Actual,Juego,Sí
3153,Need for Speed,Videojuegos,Videojuego,Alta,Difícil,Actual,Juego,Sí
3154,Metal Gear Solid,Videojuegos,Videojuego,Alta,Difícil,Actual,Juego,Sí
3155,Diablo,Videojuegos,Videojuego,Alta,Difícil,Actual,Juego,Sí
3156,Fallout,Videojuegos,Videojuego,Alta,Difícil,Actual,Juego,Sí
3157,Super Smash Bros.,Videojuegos,Videojuego,Alta,Difícil,Actual,Juego,Sí
3158,Arkanoid,Videojuegos,Videojuego,Alta,Difícil,Actual,Juego,Sí
3159,Worms,Videojuegos,Videojuego,Alta,Difícil,Actual,Juego,Sí
3160,Perseo,Mitología,Mitología,Alta,Difícil,Actual,Personaje,No
3161,Vampiro,Mitología,Mitología,Alta,Difícil,Actual,Personaje,No
3162,Hada,Mitología,Mitología,Alta,Difícil,Actual,Personaje,No
3163,Elfo,Mitología,Mitología,Alta,Difícil,Actual,Personaje,No
3164,Orco,Mitología,Mitología,Alta,Difícil,Actual,Personaje,No
3165,Merlín,Mitología,Mitología,Alta,Difícil,Actual,Personaje,No
3166,Valquiria,Mitología,Mitología,Alta,Difícil,Actual,Personaje,No
3167,Viracocha,Mitología,Mitología,Alta,Difícil,Actual,Personaje,No
3168,Cama,Cultura,Cultura popular,Alta,Muy difícil,Actual,Concepto,Sí
3169,Espejo,Cultura,Cultura popular,Alta,Muy difícil,Actual,Concepto,Sí
3170,Mochila,Cultura,Cultura popular,Alta,Muy difícil,Actual,Concepto,Sí
3171,Puerta,Cultura,Cultura popular,Alta,Muy difícil,Actual,Concepto,Sí
3172,Ascensor,Cultura,Cultura popular,Alta,Muy difícil,Actual,Concepto,Sí
3173,Cepillo de dientes,Cultura,Cultura popular,Alta,Muy difícil,Actual,Concepto,Sí
3174,Aspiradora,Cultura,Cultura popular,Alta,Muy difícil,Actual,Concepto,Sí
3175,Nevera,Cultura,Cultura popular,Alta,Muy difícil,Actual,Concepto,Sí
3176,Tostadora,Cultura,Cultura popular,Alta,Muy difícil,Actual,Concepto,Sí
3177,Destornillador,Cultura,Cultura popular,Alta,Muy difícil,Actual,Concepto,Sí
3178,Pegamento,Cultura,Cultura popular,Alta,Muy difícil,Actual,Concepto,Sí
3179,Mechero,Cultura,Cultura popular,Alta,Muy difícil,Actual,Concepto,Sí
3180,Corbata,Cultura,Cultura popular,Alta,Muy difícil,Actual,Concepto,Sí
3181,Disfraz,Cultura,Cultura popular,Alta,Muy difícil,Actual,Concepto,Sí
3182,Micrófono,Cultura,Cultura popular,Alta,Muy difícil,Actual,Concepto,Sí
3183,Batería,Cultura,Cultura popular,Alta,Muy difícil,Actual,Concepto,Sí
3184,Saxofón,Cultura,Cultura popular,Alta,Muy difícil,Actual,Concepto,Sí
3185,Maracas,Cultura,Cultura popular,Alta,Muy difícil,Actual,Concepto,Sí
3186,Cámara de fotos,Cultura,Cultura popular,Alta,Muy difícil,Actual,Concepto,Sí
3187,Libro,Cultura,Cultura popular,Alta,Muy difícil,Actual,Concepto,Sí
3188,Carta,Cultura,Cultura popular,Alta,Muy difícil,Actual,Concepto,Sí
3189,Lápiz,Cultura,Cultura popular,Alta,Muy difícil,Actual,Concepto,Sí
3190,Cuaderno,Cultura,Cultura popular,Alta,Muy difícil,Actual,Concepto,Sí
3191,Charlie Chaplin,Cultura,Cultura popular,Alta,Muy difícil,Actual,Concepto,Sí
3192,Los Hermanos Marx,Cultura,Cultura popular,Alta,Muy difícil,Actual,Concepto,Sí
3193,Marlon Brando,Cultura,Cultura popular,Alta,Muy difícil,Actual,Concepto,Sí
3194,Jim Carrey,Cultura,Cultura popular,Alta,Muy difícil,Actual,Concepto,Sí
3195,Arnold Schwarzenegger,Cultura,Cultura popular,Alta,Muy difícil,Actual,Concepto,Sí
3196,Keanu Reeves,Cultura,Cultura popular,Alta,Muy difícil,Actual,Concepto,Sí
3197,Tom Cruise,Cultura,Cultura popular,Alta,Muy difícil,Actual,Concepto,Sí
3198,Samuel L. Jackson,Cultura,Cultura popular,Alta,Muy difícil,Actual,Concepto,Sí
3199,Sandra Bullock,Cultura,Cultura popular,Alta,Muy difícil,Actual,Concepto,Sí
3200,Scarlett Johansson,Cultura,Cultura popular,Alta,Muy difícil,Actual,Concepto,Sí
3201,Daniel Radcliffe,Cultura,Cultura popular,Alta,Muy difícil,Actual,Concepto,Sí
3202,Chris Hemsworth,Cultura,Cultura popular,Alta,Muy difícil,Actual,Concepto,Sí
3203,Pedro Pascal,Cultura,Cultura popular,Alta,Muy difícil,Actual,Concepto,Sí
3204,José Coronado,Cultura,Cultura popular,Alta,Muy difícil,Actual,Concepto,Sí
3205,Chiquito de la Calzada,Cultura,Cultura popular,Alta,Muy difícil,Actual,Concepto,Sí
3206,José Mota,Cultura,Cultura popular,Alta,Muy difícil,Actual,Concepto,Sí
3207,Arturo Valls,Cultura,Cultura popular,Alta,Muy difícil,Actual,Concepto,Sí
3208,Carlos Sobera,Cultura,Cultura popular,Alta,Muy difícil,Actual,Concepto,Sí
3209,Joaquín Prat,Cultura,Cultura popular,Alta,Muy difícil,Actual,Concepto,Sí
3210,Mercedes Milá,Cultura,Cultura popular,Alta,Muy difícil,Actual,Concepto,Sí
3211,Eva Soriano,Cultura,Cultura popular,Alta,Muy difícil,Actual,Concepto,Sí
3212,Leo Harlem,Cultura,Cultura popular,Alta,Muy difícil,Actual,Concepto,Sí
3213,Marisol,Cultura,Cultura popular,Alta,Muy difícil,Actual,Concepto,Sí
3214,Concha Velasco,Cultura,Cultura popular,Alta,Muy difícil,Actual,Concepto,Sí
3215,Reyes Magos,Cultura,Cultura popular,Alta,Muy difícil,Actual,Concepto,Sí
3216,Semana Santa,Cultura,Cultura popular,Alta,Muy difícil,Actual,Concepto,Sí
3217,Las Fallas,Cultura,Cultura popular,Alta,Muy difícil,Actual,Concepto,Sí
3218,San Valentín,Cultura,Cultura popular,Alta,Muy difícil,Actual,Concepto,Sí
3219,Eurovisión,Cultura,Cultura popular,Alta,Muy difícil,Actual,Concepto,Sí
3220,Emmy,Cultura,Cultura popular,Alta,Muy difícil,Actual,Concepto,Sí
3221,Benidorm Fest,Cultura,Cultura popular,Alta,Muy difícil,Actual,Concepto,Sí
3222,Supervivientes,Cultura,Cultura popular,Alta,Muy difícil,Actual,Concepto,Sí
3223,Saber y ganar,Cultura,Cultura popular,Alta,Muy difícil,Actual,Concepto,Sí
3224,La Voz,Cultura,Cultura popular,Alta,Muy difícil,Actual,Concepto,Sí
3225,Boom,Cultura,Cultura popular,Alta,Muy difícil,Actual,Concepto,Sí
3226,Cifras y letras,Cultura,Cultura popular,Alta,Muy difícil,Actual,Concepto,Sí
3227,Paso de cebra,Cultura,Cultura popular,Alta,Muy difícil,Actual,Concepto,Sí
3228,Metro,Cultura,Cultura popular,Alta,Muy difícil,Actual,Concepto,Sí
3229,Bomberos,Cultura,Cultura popular,Alta,Muy difícil,Actual,Concepto,Sí
3230,Colegio,Cultura,Cultura popular,Alta,Muy difícil,Actual,Concepto,Sí
3231,Museo,Música,Música,Alta,Difícil,Actual,Grupo,Sí
3232,Restaurante,Cultura,Cultura popular,Alta,Muy difícil,Actual,Concepto,Sí
3233,Panadería,Cultura,Cultura popular,Alta,Muy difícil,Actual,Concepto,Sí
3234,Parque,Cultura,Cultura popular,Alta,Muy difícil,Actual,Concepto,Sí
3235,Gimnasio,Cultura,Cultura popular,Alta,Muy difícil,Actual,Concepto,Sí
3236,Puerto,Cultura,Cultura popular,Alta,Muy difícil,Actual,Concepto,Sí
3237,Carretera,Cultura,Cultura popular,Alta,Muy difícil,Actual,Concepto,Sí
3238,Banco,Cultura,Cultura popular,Alta,Muy difícil,Actual,Concepto,Sí
3239,Fábrica,Cultura,Cultura popular,Alta,Muy difícil,Actual,Concepto,Sí
3240,Ayuntamiento,Cultura,Cultura popular,Alta,Muy difícil,Actual,Concepto,Sí
3241,Faro,Cultura,Cultura popular,Alta,Muy difícil,Actual,Concepto,Sí
3242,Fuente,Cultura,Cultura popular,Alta,Muy difícil,Actual,Concepto,Sí
3243,Grafiti,Cultura,Cultura popular,Alta,Muy difícil,Actual,Concepto,Sí
3244,Patinete eléctrico,Cultura,Cultura popular,Alta,Muy difícil,Actual,Concepto,Sí
3245,Camión de bomberos,Cultura,Cultura popular,Alta,Muy difícil,Actual,Concepto,Sí
3246,Grúa,Cultura,Cultura popular,Alta,Muy difícil,Actual,Concepto,Sí
3247,Yate,Cultura,Cultura popular,Alta,Muy difícil,Actual,Concepto,Sí
3248,Tabla de surf,Cultura,Cultura popular,Alta,Muy difícil,Actual,Concepto,Sí
3249,Teleférico,Cultura,Cultura popular,Alta,Muy difícil,Actual,Concepto,Sí
3250,AVE,Cultura,Cultura popular,Alta,Muy difícil,Actual,Concepto,Sí
3251,Hula hoop,Cultura,Cultura popular,Alta,Muy difícil,Actual,Concepto,Sí
3252,Puzzle,Cultura,Cultura popular,Alta,Muy difícil,Actual,Concepto,Sí
3253,Baraja española,Cultura,Cultura popular,Alta,Muy difícil,Actual,Concepto,Sí
3254,Dados,Cultura,Cultura popular,Alta,Muy difícil,Actual,Concepto,Sí
3255,Grecia Antigua,Historia,Civilizaciones y acontecimientos,Alta,Difícil,Histórica,Evento,No
3256,Imperio Bizantino,Historia,Civilizaciones y acontecimientos,Alta,Difícil,Histórica,Evento,No
3257,Imperio Otomano,Historia,Civilizaciones y acontecimientos,Alta,Difícil,Histórica,Evento,No
3258,Imperio Mongol,Historia,Civilizaciones y acontecimientos,Alta,Difícil,Histórica,Evento,No
3259,Civilización Maya,Historia,Civilizaciones y acontecimientos,Alta,Difícil,Histórica,Evento,No
3260,Día D,Historia,Civilizaciones y acontecimientos,Alta,Difícil,Histórica,Evento,No
3261,Caída del Muro de Berlín,Historia,Civilizaciones y acontecimientos,Alta,Difícil,Histórica,Evento,No
3262,Hundimiento del Titanic,Historia,Civilizaciones y acontecimientos,Alta,Difícil,Histórica,Evento,No
3263,Peste Negra,Historia,Civilizaciones y acontecimientos,Alta,Difícil,Histórica,Evento,No
3264,Esparta,Historia,Civilizaciones y acontecimientos,Alta,Difícil,Histórica,Evento,No
3265,Woodstock,Historia,Civilizaciones y acontecimientos,Alta,Difícil,Histórica,Evento,No
3266,Big Bang,Ciencia,Conceptos y objetos concretos,Alta,Muy difícil,Actual,Concepto,Sí
3267,Universo,Ciencia,Conceptos y objetos concretos,Alta,Muy difícil,Actual,Concepto,Sí
3268,Planeta,Ciencia,Conceptos y objetos concretos,Alta,Muy difícil,Actual,Concepto,Sí
3269,Trueno,Ciencia,Conceptos y objetos concretos,Alta,Muy difícil,Actual,Concepto,Sí
3270,Relámpago,Ciencia,Conceptos y objetos concretos,Alta,Muy difícil,Actual,Concepto,Sí
3271,Máquina de vapor,Ciencia,Conceptos y objetos concretos,Alta,Muy difícil,Actual,Concepto,Sí
3272,Fotosíntesis,Ciencia,Conceptos y objetos concretos,Alta,Muy difícil,Actual,Concepto,Sí
3273,Calor,Ciencia,Conceptos y objetos concretos,Alta,Muy difícil,Actual,Concepto,Sí
3274,Frío,Ciencia,Conceptos y objetos concretos,Alta,Muy difícil,Actual,Concepto,Sí
3275,Carbono,Ciencia,Conceptos y objetos concretos,Alta,Muy difícil,Actual,Concepto,Sí
3276,Oro,Ciencia,Conceptos y objetos concretos,Alta,Muy difícil,Actual,Concepto,Sí
3277,Plutonio,Ciencia,Conceptos y objetos concretos,Alta,Muy difícil,Actual,Concepto,Sí
3278,Salvador Allende,Historia,Personajes históricos,Alta,Difícil,Histórica,Persona,No
3279,Ramsés III,Historia,Personajes históricos,Alta,Difícil,Histórica,Persona,No
3280,Constantino,Historia,Personajes históricos,Alta,Difícil,Histórica,Persona,No
3281,Carlomagno,Historia,Personajes históricos,Alta,Difícil,Histórica,Persona,No
3282,Marco Aurelio,Historia,Personajes históricos,Alta,Difícil,Histórica,Persona,No
3283,Aníbal Barca,Historia,Personajes históricos,Alta,Difícil,Histórica,Persona,No
3284,Miyamoto Musashi,Historia,Personajes históricos,Alta,Difícil,Histórica,Persona,No
3285,Sun Tzu,Historia,Personajes históricos,Alta,Difícil,Histórica,Persona,No
3286,Nostradamus,Historia,Personajes históricos,Alta,Difícil,Histórica,Persona,No
3287,Florence Nightingale,Historia,Personajes históricos,Alta,Difícil,Histórica,Persona,No
3288,Hedy Lamarr,Ciencia,Científicos e inventores,Alta,Muy difícil,Actual,Persona,Sí
3289,Katherine Johnson,Ciencia,Científicos e inventores,Alta,Muy difícil,Actual,Persona,Sí
3290,Tim Berners-Lee,Ciencia,Científicos e inventores,Alta,Muy difícil,Actual,Persona,Sí
3291,Steve Wozniak,Ciencia,Tecnología,Alta,Muy difícil,Actual,Persona,Sí
3292,Elon Musk,Ciencia,Tecnología,Alta,Muy difícil,Actual,Persona,Sí
3293,Mark Zuckerberg,Ciencia,Tecnología,Alta,Muy difícil,Actual,Persona,Sí
3294,Jeff Bezos,Ciencia,Tecnología,Alta,Muy difícil,Actual,Persona,Sí
3295,Bicicleta,Ciencia,Ciencia y tecnología,Alta,Muy difícil,Actual,Concepto,Sí
3296,Sol,Ciencia,Ciencia y tecnología,Alta,Muy difícil,Actual,Concepto,Sí
3297,Urano,Ciencia,Ciencia y tecnología,Alta,Muy difícil,Actual,Concepto,Sí
3298,Mercurio,Ciencia,Ciencia y tecnología,Alta,Muy difícil,Actual,Concepto,Sí
3299,Vía Láctea,Ciencia,Ciencia y tecnología,Alta,Muy difícil,Actual,Concepto,Sí
3300,Tsunami,Ciencia,Ciencia y tecnología,Alta,Muy difícil,Actual,Concepto,Sí
3301,Velociraptor,Ciencia,Ciencia y tecnología,Alta,Muy difícil,Actual,Concepto,Sí
3302,Microscopio,Ciencia,Ciencia y tecnología,Alta,Muy difícil,Actual,Concepto,Sí
3303,Inteligencia artificial,Ciencia,Ciencia y tecnología,Alta,Muy difícil,Actual,Concepto,Sí
3304,Wi-Fi,Ciencia,Ciencia y tecnología,Alta,Muy difícil,Actual,Concepto,Sí
3305,Móvil,Ciencia,Ciencia y tecnología,Alta,Muy difícil,Actual,Concepto,Sí
3306,Impresora,Ciencia,Ciencia y tecnología,Alta,Muy difícil,Actual,Concepto,Sí
3307,Radio,Ciencia,Ciencia y tecnología,Alta,Muy difícil,Actual,Concepto,Sí
3308,Electricidad,Ciencia,Ciencia y tecnología,Alta,Muy difícil,Actual,Concepto,Sí
3309,Helicóptero,Ciencia,Ciencia y tecnología,Alta,Muy difícil,Actual,Concepto,Sí
3310,Locomotora,Ciencia,Ciencia y tecnología,Alta,Muy difícil,Actual,Concepto,Sí
3311,Máquina del tiempo,Ciencia,Ciencia y tecnología,Alta,Muy difícil,Actual,Concepto,Sí
3312,Videojuego,Ciencia,Ciencia y tecnología,Alta,Muy difícil,Actual,Concepto,Sí
3313,USB,Ciencia,Ciencia y tecnología,Alta,Muy difícil,Actual,Concepto,Sí
3314,Jane Goodall,Ciencia,Personas y descubrimientos,Alta,Muy difícil,Histórica,Persona,Sí
3315,Carl Sagan,Ciencia,Personas y descubrimientos,Alta,Muy difícil,Histórica,Persona,Sí
3316,Richard Feynman,Ciencia,Personas y descubrimientos,Alta,Muy difícil,Histórica,Persona,Sí
3317,Gregor Mendel,Ciencia,Personas y descubrimientos,Alta,Muy difícil,Histórica,Persona,Sí
3318,Rosalind Franklin,Ciencia,Personas y descubrimientos,Alta,Muy difícil,Histórica,Persona,Sí
3319,Dmitri Mendeléyev,Ciencia,Personas y descubrimientos,Alta,Muy difícil,Histórica,Persona,Sí
3320,Niels Bohr,Ciencia,Personas y descubrimientos,Alta,Muy difícil,Histórica,Persona,Sí
3321,Erwin Schrödinger,Ciencia,Personas y descubrimientos,Alta,Muy difícil,Histórica,Persona,Sí
3322,Werner Heisenberg,Ciencia,Personas y descubrimientos,Alta,Muy difícil,Histórica,Persona,Sí
3323,James Clerk Maxwell,Ciencia,Personas y descubrimientos,Alta,Muy difícil,Histórica,Persona,Sí
3324,Michael Faraday,Ciencia,Personas y descubrimientos,Alta,Muy difícil,Histórica,Persona,Sí
3325,Robert Hooke,Ciencia,Personas y descubrimientos,Alta,Muy difícil,Histórica,Persona,Sí
3326,Antoine Lavoisier,Ciencia,Personas y descubrimientos,Alta,Muy difícil,Histórica,Persona,Sí
3327,Archimedes,Ciencia,Personas y descubrimientos,Alta,Muy difícil,Histórica,Persona,Sí
3328,Santiago Ramón y Cajal,Ciencia,Personas y descubrimientos,Alta,Muy difícil,Histórica,Persona,Sí
3329,Severo Ochoa,Ciencia,Personas y descubrimientos,Alta,Muy difícil,Histórica,Persona,Sí
3330,Fleming,Ciencia,Personas y descubrimientos,Alta,Muy difícil,Histórica,Persona,Sí
3331,Copérnico,Ciencia,Personas y descubrimientos,Alta,Muy difícil,Histórica,Persona,Sí
3332,Kepler,Ciencia,Personas y descubrimientos,Alta,Muy difícil,Histórica,Persona,Sí
3333,Motivos personales,Series,Drama,Media,Muy difícil,Histórica,Serie,No
3334,Bobobo,Personajes,Anime,Media,Difícil,Histórica,Personaje,No
3335,Aruba,Lugares,Países,Media,Difícil,Actual,Lugar,No
3336,Afghanistan,Lugares,Países,Media,Difícil,Actual,Lugar,No
3337,Angola,Lugares,Países,Media,Difícil,Actual,Lugar,No
3338,Anguilla,Lugares,Países,Media,Difícil,Actual,Lugar,No
3339,Åland Islands,Lugares,Países,Media,Difícil,Actual,Lugar,No
3340,Albania,Lugares,Países,Media,Difícil,Actual,Lugar,No
3341,Andorra,Lugares,Países,Media,Difícil,Actual,Lugar,No
3342,United Arab Emirates,Lugares,Países,Media,Difícil,Actual,Lugar,No
3343,Armenia,Lugares,Países,Media,Difícil,Actual,Lugar,No
3344,American Samoa,Lugares,Países,Media,Difícil,Actual,Lugar,No
3345,Antarctica,Lugares,Países,Media,Difícil,Actual,Lugar,No
3346,French Southern Territories,Lugares,Países,Media,Difícil,Actual,Lugar,No
3347,Antigua and Barbuda,Lugares,Países,Media,Difícil,Actual,Lugar,No
3348,Azerbaijan,Lugares,Países,Media,Difícil,Actual,Lugar,No
3349,Burundi,Lugares,Países,Media,Difícil,Actual,Lugar,No
3350,Belgium,Lugares,Países,Media,Difícil,Actual,Lugar,No
3351,Benin,Lugares,Países,Media,Difícil,Actual,Lugar,No
3352,"Bonaire, Sint Eustatius and Saba",Lugares,Países,Media,Difícil,Actual,Lugar,No
3353,Burkina Faso,Lugares,Países,Media,Difícil,Actual,Lugar,No
3354,Bangladesh,Lugares,Países,Media,Difícil,Actual,Lugar,No
3355,Bahrain,Lugares,Países,Media,Difícil,Actual,Lugar,No
3356,Bahamas,Lugares,Países,Media,Difícil,Actual,Lugar,No
3357,Bosnia and Herzegovina,Lugares,Países,Media,Difícil,Actual,Lugar,No
3358,Saint Barthélemy,Lugares,Países,Media,Difícil,Actual,Lugar,No
3359,Belarus,Lugares,Países,Media,Difícil,Actual,Lugar,No
3360,Belize,Lugares,Países,Media,Difícil,Actual,Lugar,No
3361,Bermuda,Lugares,Países,Media,Difícil,Actual,Lugar,No
3362,"Bolivia, Plurinational State of",Lugares,Países,Media,Difícil,Actual,Lugar,No
3363,Brazil,Lugares,Países,Media,Difícil,Actual,Lugar,No
3364,Barbados,Lugares,Países,Media,Difícil,Actual,Lugar,No
3365,Brunei Darussalam,Lugares,Países,Media,Difícil,Actual,Lugar,No
3366,Bhutan,Lugares,Países,Media,Difícil,Actual,Lugar,No
3367,Bouvet Island,Lugares,Países,Media,Difícil,Actual,Lugar,No
3368,Botswana,Lugares,Países,Media,Difícil,Actual,Lugar,No
3369,Central African Republic,Lugares,Países,Media,Difícil,Actual,Lugar,No
3370,Cocos (Keeling) Islands,Lugares,Países,Media,Difícil,Actual,Lugar,No
3371,Switzerland,Lugares,Países,Media,Difícil,Actual,Lugar,No
3372,Côte d'Ivoire,Lugares,Países,Media,Difícil,Actual,Lugar,No
3373,Cameroon,Lugares,Países,Media,Difícil,Actual,Lugar,No
3374,"Congo, The Democratic Republic of the",Lugares,Países,Media,Difícil,Actual,Lugar,No
3375,Congo,Lugares,Países,Media,Difícil,Actual,Lugar,No
3376,Cook Islands,Lugares,Países,Media,Difícil,Actual,Lugar,No
3377,Comoros,Lugares,Países,Media,Difícil,Actual,Lugar,No
3378,Cabo Verde,Lugares,Países,Media,Difícil,Actual,Lugar,No
3379,Costa Rica,Lugares,Países,Media,Difícil,Actual,Lugar,No
3380,Curaçao,Lugares,Países,Media,Difícil,Actual,Lugar,No
3381,Christmas Island,Lugares,Países,Media,Difícil,Actual,Lugar,No
3382,Cayman Islands,Lugares,Países,Media,Difícil,Actual,Lugar,No
3383,Cyprus,Lugares,Países,Media,Difícil,Actual,Lugar,No
3384,Czechia,Lugares,Países,Media,Difícil,Actual,Lugar,No
3385,Germany,Lugares,Países,Media,Difícil,Actual,Lugar,No
3386,Djibouti,Lugares,Países,Media,Difícil,Actual,Lugar,No
3387,Dominica,Lugares,Países,Media,Difícil,Actual,Lugar,No
3388,Denmark,Lugares,Países,Media,Difícil,Actual,Lugar,No
3389,Dominican Republic,Lugares,Países,Media,Difícil,Actual,Lugar,No
3390,Algeria,Lugares,Países,Media,Difícil,Actual,Lugar,No
3391,Egypt,Lugares,Países,Media,Difícil,Actual,Lugar,No
3392,Eritrea,Lugares,Países,Media,Difícil,Actual,Lugar,No
3393,Western Sahara,Lugares,Países,Media,Difícil,Actual,Lugar,No
3394,Spain,Lugares,Países,Media,Difícil,Actual,Lugar,No
3395,Estonia,Lugares,Países,Media,Difícil,Actual,Lugar,No
3396,Ethiopia,Lugares,Países,Media,Difícil,Actual,Lugar,No
3397,Finland,Lugares,Países,Media,Difícil,Actual,Lugar,No
3398,Fiji,Lugares,Países,Media,Difícil,Actual,Lugar,No
3399,Falkland Islands (Malvinas),Lugares,Países,Media,Difícil,Actual,Lugar,No
3400,France,Lugares,Países,Media,Difícil,Actual,Lugar,No
3401,Faroe Islands,Lugares,Países,Media,Difícil,Actual,Lugar,No
3402,"Micronesia, Federated States of",Lugares,Países,Media,Difícil,Actual,Lugar,No
3403,Gabon,Lugares,Países,Media,Difícil,Actual,Lugar,No
3404,United Kingdom,Lugares,Países,Media,Difícil,Actual,Lugar,No
3405,Georgia,Lugares,Países,Media,Difícil,Actual,Lugar,No
3406,Guernsey,Lugares,Países,Media,Difícil,Actual,Lugar,No
3407,Ghana,Lugares,Países,Media,Difícil,Actual,Lugar,No
3408,Gibraltar,Lugares,Países,Media,Difícil,Actual,Lugar,No
3409,Guinea,Lugares,Países,Media,Difícil,Actual,Lugar,No
3410,Guadeloupe,Lugares,Países,Media,Difícil,Actual,Lugar,No
3411,Gambia,Lugares,Países,Media,Difícil,Actual,Lugar,No
3412,Guinea-Bissau,Lugares,Países,Media,Difícil,Actual,Lugar,No
3413,Equatorial Guinea,Lugares,Países,Media,Difícil,Actual,Lugar,No
3414,Greece,Lugares,Países,Media,Difícil,Actual,Lugar,No
3415,Grenada,Lugares,Países,Media,Difícil,Actual,Lugar,No
3416,Greenland,Lugares,Países,Media,Difícil,Actual,Lugar,No
3417,Guatemala,Lugares,Países,Media,Difícil,Actual,Lugar,No
3418,French Guiana,Lugares,Países,Media,Difícil,Actual,Lugar,No
3419,Guam,Lugares,Países,Media,Difícil,Actual,Lugar,No
3420,Guyana,Lugares,Países,Media,Difícil,Actual,Lugar,No
3421,Heard Island and McDonald Islands,Lugares,Países,Media,Difícil,Actual,Lugar,No
3422,Honduras,Lugares,Países,Media,Difícil,Actual,Lugar,No
3423,Croatia,Lugares,Países,Media,Difícil,Actual,Lugar,No
3424,Haiti,Lugares,Países,Media,Difícil,Actual,Lugar,No
3425,Hungary,Lugares,Países,Media,Difícil,Actual,Lugar,No
3426,Isle of Man,Lugares,Países,Media,Difícil,Actual,Lugar,No
3427,British Indian Ocean Territory,Lugares,Países,Media,Difícil,Actual,Lugar,No
3428,Ireland,Lugares,Países,Media,Difícil,Actual,Lugar,No
3429,"Iran, Islamic Republic of",Lugares,Países,Media,Difícil,Actual,Lugar,No
3430,Iraq,Lugares,Países,Media,Difícil,Actual,Lugar,No
3431,Iceland,Lugares,Países,Media,Difícil,Actual,Lugar,No
3432,Italy,Lugares,Países,Media,Difícil,Actual,Lugar,No
3433,Jamaica,Lugares,Países,Media,Difícil,Actual,Lugar,No
3434,Jersey,Lugares,Países,Media,Difícil,Actual,Lugar,No
3435,Jordan,Lugares,Países,Media,Difícil,Actual,Lugar,No
3436,Japan,Lugares,Países,Media,Difícil,Actual,Lugar,No
3437,Kazakhstan,Lugares,Países,Media,Difícil,Actual,Lugar,No
3438,Kenya,Lugares,Países,Media,Difícil,Actual,Lugar,No
3439,Kyrgyzstan,Lugares,Países,Media,Difícil,Actual,Lugar,No
3440,Cambodia,Lugares,Países,Media,Difícil,Actual,Lugar,No
3441,Kiribati,Lugares,Países,Media,Difícil,Actual,Lugar,No
3442,Saint Kitts and Nevis,Lugares,Países,Media,Difícil,Actual,Lugar,No
3443,"Korea, Republic of",Lugares,Países,Media,Difícil,Actual,Lugar,No
3444,Kuwait,Lugares,Países,Media,Difícil,Actual,Lugar,No
3445,Lao People's Democratic Republic,Lugares,Países,Media,Difícil,Actual,Lugar,No
3446,Lebanon,Lugares,Países,Media,Difícil,Actual,Lugar,No
3447,Liberia,Lugares,Países,Media,Difícil,Actual,Lugar,No
3448,Libya,Lugares,Países,Media,Difícil,Actual,Lugar,No
3449,Saint Lucia,Lugares,Países,Media,Difícil,Actual,Lugar,No
3450,Liechtenstein,Lugares,Países,Media,Difícil,Actual,Lugar,No
3451,Sri Lanka,Lugares,Países,Media,Difícil,Actual,Lugar,No
3452,Lesotho,Lugares,Países,Media,Difícil,Actual,Lugar,No
3453,Lithuania,Lugares,Países,Media,Difícil,Actual,Lugar,No
3454,Luxembourg,Lugares,Países,Media,Difícil,Actual,Lugar,No
3455,Latvia,Lugares,Países,Media,Difícil,Actual,Lugar,No
3456,Macao,Lugares,Países,Media,Difícil,Actual,Lugar,No
3457,Saint Martin (French part),Lugares,Países,Media,Difícil,Actual,Lugar,No
3458,Morocco,Lugares,Países,Media,Difícil,Actual,Lugar,No
3459,"Moldova, Republic of",Lugares,Países,Media,Difícil,Actual,Lugar,No
3460,Maldives,Lugares,Países,Media,Difícil,Actual,Lugar,No
3461,Marshall Islands,Lugares,Países,Media,Difícil,Actual,Lugar,No
3462,North Macedonia,Lugares,Países,Media,Difícil,Actual,Lugar,No
3463,Mali,Lugares,Países,Media,Difícil,Actual,Lugar,No
3464,Myanmar,Lugares,Países,Media,Difícil,Actual,Lugar,No
3465,Montenegro,Lugares,Países,Media,Difícil,Actual,Lugar,No
3466,Mongolia,Lugares,Países,Media,Difícil,Actual,Lugar,No
3467,Northern Mariana Islands,Lugares,Países,Media,Difícil,Actual,Lugar,No
3468,Mozambique,Lugares,Países,Media,Difícil,Actual,Lugar,No
3469,Mauritania,Lugares,Países,Media,Difícil,Actual,Lugar,No
3470,Montserrat,Lugares,Países,Media,Difícil,Actual,Lugar,No
3471,Martinique,Lugares,Países,Media,Difícil,Actual,Lugar,No
3472,Mauritius,Lugares,Países,Media,Difícil,Actual,Lugar,No
3473,Malawi,Lugares,Países,Media,Difícil,Actual,Lugar,No
3474,Malaysia,Lugares,Países,Media,Difícil,Actual,Lugar,No
3475,Mayotte,Lugares,Países,Media,Difícil,Actual,Lugar,No
3476,Namibia,Lugares,Países,Media,Difícil,Actual,Lugar,No
3477,New Caledonia,Lugares,Países,Media,Difícil,Actual,Lugar,No
3478,Niger,Lugares,Países,Media,Difícil,Actual,Lugar,No
3479,Norfolk Island,Lugares,Países,Media,Difícil,Actual,Lugar,No
3480,Nicaragua,Lugares,Países,Media,Difícil,Actual,Lugar,No
3481,Niue,Lugares,Países,Media,Difícil,Actual,Lugar,No
3482,Netherlands,Lugares,Países,Media,Difícil,Actual,Lugar,No
3483,Norway,Lugares,Países,Media,Difícil,Actual,Lugar,No
3484,Nepal,Lugares,Países,Media,Difícil,Actual,Lugar,No
3485,Nauru,Lugares,Países,Media,Difícil,Actual,Lugar,No
3486,New Zealand,Lugares,Países,Media,Difícil,Actual,Lugar,No
3487,Oman,Lugares,Países,Media,Difícil,Actual,Lugar,No
3488,Pakistan,Lugares,Países,Media,Difícil,Actual,Lugar,No
3489,Panama,Lugares,Países,Media,Difícil,Actual,Lugar,No
3490,Pitcairn,Lugares,Países,Media,Difícil,Actual,Lugar,No
3491,Philippines,Lugares,Países,Media,Difícil,Actual,Lugar,No
3492,Palau,Lugares,Países,Media,Difícil,Actual,Lugar,No
3493,Papua New Guinea,Lugares,Países,Media,Difícil,Actual,Lugar,No
3494,Poland,Lugares,Países,Media,Difícil,Actual,Lugar,No
3495,Puerto Rico,Lugares,Países,Media,Difícil,Actual,Lugar,No
3496,"Korea, Democratic People's Republic of",Lugares,Países,Media,Difícil,Actual,Lugar,No
3497,"Palestine, State of",Lugares,Países,Media,Difícil,Actual,Lugar,No
3498,French Polynesia,Lugares,Países,Media,Difícil,Actual,Lugar,No
3499,Qatar,Lugares,Países,Media,Difícil,Actual,Lugar,No
3500,Réunion,Lugares,Países,Media,Difícil,Actual,Lugar,No
3501,Romania,Lugares,Países,Media,Difícil,Actual,Lugar,No
3502,Russian Federation,Lugares,Países,Media,Difícil,Actual,Lugar,No
3503,Rwanda,Lugares,Países,Media,Difícil,Actual,Lugar,No
3504,Saudi Arabia,Lugares,Países,Media,Difícil,Actual,Lugar,No
3505,Sudan,Lugares,Países,Media,Difícil,Actual,Lugar,No
3506,Senegal,Lugares,Países,Media,Difícil,Actual,Lugar,No
3507,Singapore,Lugares,Países,Media,Difícil,Actual,Lugar,No
3508,South Georgia and the South Sandwich Islands,Lugares,Países,Media,Difícil,Actual,Lugar,No
3509,"Saint Helena, Ascension and Tristan da Cunha",Lugares,Países,Media,Difícil,Actual,Lugar,No
3510,Svalbard and Jan Mayen,Lugares,Países,Media,Difícil,Actual,Lugar,No
3511,Solomon Islands,Lugares,Países,Media,Difícil,Actual,Lugar,No
3512,Sierra Leone,Lugares,Países,Media,Difícil,Actual,Lugar,No
3513,El Salvador,Lugares,Países,Media,Difícil,Actual,Lugar,No
3514,San Marino,Lugares,Países,Media,Difícil,Actual,Lugar,No
3515,Somalia,Lugares,Países,Media,Difícil,Actual,Lugar,No
3516,Saint Pierre and Miquelon,Lugares,Países,Media,Difícil,Actual,Lugar,No
3517,Serbia,Lugares,Países,Media,Difícil,Actual,Lugar,No
3518,South Sudan,Lugares,Países,Media,Difícil,Actual,Lugar,No
3519,Sao Tome and Principe,Lugares,Países,Media,Difícil,Actual,Lugar,No
3520,Suriname,Lugares,Países,Media,Difícil,Actual,Lugar,No
3521,Slovakia,Lugares,Países,Media,Difícil,Actual,Lugar,No
3522,Slovenia,Lugares,Países,Media,Difícil,Actual,Lugar,No
3523,Sweden,Lugares,Países,Media,Difícil,Actual,Lugar,No
3524,Eswatini,Lugares,Países,Media,Difícil,Actual,Lugar,No
3525,Sint Maarten (Dutch part),Lugares,Países,Media,Difícil,Actual,Lugar,No
3526,Seychelles,Lugares,Países,Media,Difícil,Actual,Lugar,No
3527,Syrian Arab Republic,Lugares,Países,Media,Difícil,Actual,Lugar,No
3528,Turks and Caicos Islands,Lugares,Países,Media,Difícil,Actual,Lugar,No
3529,Chad,Lugares,Países,Media,Difícil,Actual,Lugar,No
3530,Togo,Lugares,Países,Media,Difícil,Actual,Lugar,No
3531,Thailand,Lugares,Países,Media,Difícil,Actual,Lugar,No
3532,Tajikistan,Lugares,Países,Media,Difícil,Actual,Lugar,No
3533,Tokelau,Lugares,Países,Media,Difícil,Actual,Lugar,No
3534,Turkmenistan,Lugares,Países,Media,Difícil,Actual,Lugar,No
3535,Timor-Leste,Lugares,Países,Media,Difícil,Actual,Lugar,No
3536,Tonga,Lugares,Países,Media,Difícil,Actual,Lugar,No
3537,Trinidad and Tobago,Lugares,Países,Media,Difícil,Actual,Lugar,No
3538,Tunisia,Lugares,Países,Media,Difícil,Actual,Lugar,No
3539,Türkiye,Lugares,Países,Media,Difícil,Actual,Lugar,No
3540,Tuvalu,Lugares,Países,Media,Difícil,Actual,Lugar,No
3541,"Taiwan, Province of China",Lugares,Países,Media,Difícil,Actual,Lugar,No
3542,"Tanzania, United Republic of",Lugares,Países,Media,Difícil,Actual,Lugar,No
3543,Uganda,Lugares,Países,Media,Difícil,Actual,Lugar,No
3544,Ukraine,Lugares,Países,Media,Difícil,Actual,Lugar,No
3545,United States Minor Outlying Islands,Lugares,Países,Media,Difícil,Actual,Lugar,No
3546,United States,Lugares,Países,Media,Difícil,Actual,Lugar,No
3547,Uzbekistan,Lugares,Países,Media,Difícil,Actual,Lugar,No
3548,Holy See (Vatican City State),Lugares,Países,Media,Difícil,Actual,Lugar,No
3549,Saint Vincent and the Grenadines,Lugares,Países,Media,Difícil,Actual,Lugar,No
3550,"Venezuela, Bolivarian Republic of",Lugares,Países,Media,Difícil,Actual,Lugar,No
3551,"Virgin Islands, British",Lugares,Países,Media,Difícil,Actual,Lugar,No
3552,"Virgin Islands, U.S.",Lugares,Países,Media,Difícil,Actual,Lugar,No
3553,Vanuatu,Lugares,Países,Media,Difícil,Actual,Lugar,No
3554,Wallis and Futuna,Lugares,Países,Media,Difícil,Actual,Lugar,No
3555,Samoa,Lugares,Países,Media,Difícil,Actual,Lugar,No
3556,Yemen,Lugares,Países,Media,Difícil,Actual,Lugar,No
3557,South Africa,Lugares,Países,Media,Difícil,Actual,Lugar,No
3558,Zambia,Lugares,Países,Media,Difícil,Actual,Lugar,No
3559,Zimbabwe,Lugares,Países,Media,Difícil,Actual,Lugar,No
3560,Maradona,Deportes,Deportista,Muy alta,Fácil,Actual,Persona,Sí
3561,Jenni Hermoso,Deportes,Deportista,Alta,Media,Actual,Persona,Sí
3562,Naomi Osaka,Deportes,Deportista,Alta,Media,Actual,Persona,Sí
3563,Juan Carlos Navarro,Deportes,Deportista,Alta,Media,Actual,Persona,Sí
3564,Tom Brady,Deportes,Deportista,Alta,Media,Actual,Persona,Sí
3565,Patrick Mahomes,Deportes,Deportista,Alta,Media,Actual,Persona,Sí
3566,Wayne Gretzky,Deportes,Deportista,Alta,Media,Actual,Persona,Sí
3567,Jon Jones,Deportes,Deportista,Alta,Media,Actual,Persona,Sí
3568,Johan Neeskens,Deportes,Deportista,Alta,Media,Actual,Persona,Sí
3569,Bobby Charlton,Deportes,Deportista,Alta,Media,Actual,Persona,Sí
3570,Busquets,Deportes,Deportista,Alta,Media,Actual,Persona,Sí
3571,Thiago Alcántara,Deportes,Deportista,Alta,Media,Actual,Persona,Sí
3572,Ferran Torres,Deportes,Deportista,Alta,Media,Actual,Persona,Sí
3573,Mikel Oyarzabal,Deportes,Deportista,Alta,Media,Actual,Persona,Sí
3574,Unai Simón,Deportes,Deportista,Alta,Media,Actual,Persona,Sí
3575,Marc-André ter Stegen,Deportes,Deportista,Alta,Media,Actual,Persona,Sí
3576,Giorgio Chiellini,Deportes,Deportista,Alta,Media,Actual,Persona,Sí
3577,Gianfranco Zola,Deportes,Deportista,Alta,Media,Actual,Persona,Sí
3578,Roberto Baggio,Deportes,Deportista,Alta,Media,Actual,Persona,Sí
3579,Clarence Seedorf,Deportes,Deportista,Alta,Media,Actual,Persona,Sí
3580,Ruud Gullit,Deportes,Deportista,Alta,Media,Actual,Persona,Sí
3581,Dennis Bergkamp,Deportes,Deportista,Alta,Media,Actual,Persona,Sí
3582,Patrick Vieira,Deportes,Deportista,Alta,Media,Actual,Persona,Sí
3583,Samuel Eto'o,Deportes,Deportista,Alta,Media,Actual,Persona,Sí
3584,Yaya Touré,Deportes,Deportista,Alta,Media,Actual,Persona,Sí
3585,Sergio Agüero,Deportes,Deportista,Alta,Media,Actual,Persona,Sí
3586,Javier Zanetti,Deportes,Deportista,Alta,Media,Actual,Persona,Sí
3587,Diego Forlán,Deportes,Deportista,Alta,Media,Actual,Persona,Sí
3588,Edinson Cavani,Deportes,Deportista,Alta,Media,Actual,Persona,Sí
3589,James Rodríguez,Deportes,Deportista,Alta,Media,Actual,Persona,Sí
3590,Radamel Falcao,Deportes,Deportista,Alta,Media,Actual,Persona,Sí
3591,Keylor Navas,Deportes,Deportista,Alta,Media,Actual,Persona,Sí
3592,Rafael Márquez,Deportes,Deportista,Alta,Media,Actual,Persona,Sí
3593,Chicharito Hernández,Deportes,Deportista,Alta,Media,Actual,Persona,Sí
3594,Guillermo Ochoa,Deportes,Deportista,Alta,Media,Actual,Persona,Sí
3595,Marta Vieira,Deportes,Deportista,Alta,Media,Actual,Persona,Sí
3596,Alex Morgan,Deportes,Deportista,Alta,Media,Actual,Persona,Sí
3597,Megan Rapinoe,Deportes,Deportista,Alta,Media,Actual,Persona,Sí
3598,Allyson Felix,Deportes,Deportista,Alta,Media,Actual,Persona,Sí
3599,Katie Ledecky,Deportes,Deportista,Alta,Media,Actual,Persona,Sí
3600,Eliud Kipchoge,Deportes,Deportista,Alta,Media,Actual,Persona,Sí
3601,Paula Radcliffe,Deportes,Deportista,Alta,Media,Actual,Persona,Sí
3602,Marit Bjørgen,Deportes,Deportista,Alta,Media,Actual,Persona,Sí
3603,Jonas Vingegaard,Deportes,Deportista,Alta,Media,Actual,Persona,Sí
3604,Mark Cavendish,Deportes,Deportista,Alta,Media,Actual,Persona,Sí
3605,Peter Sagan,Deportes,Deportista,Alta,Media,Actual,Persona,Sí
3606,Fabio Wibmer,Deportes,Deportista,Alta,Media,Actual,Persona,Sí
3607,Tony Parker,Deportes,Deportista,Alta,Media,Actual,Persona,Sí
3608,Manu Ginóbili,Deportes,Deportista,Alta,Media,Actual,Persona,Sí
3609,Kyrie Irving,Deportes,Deportista,Alta,Media,Actual,Persona,Sí
3610,Russell Westbrook,Deportes,Deportista,Alta,Media,Actual,Persona,Sí
3611,Vince Carter,Deportes,Deportista,Alta,Media,Actual,Persona,Sí
3612,Dwyane Wade,Deportes,Deportista,Alta,Media,Actual,Persona,Sí
3613,Celine Dion,Música,Música,Media,Difícil,Clásica,Persona,No
3614,Anuel AA,Música,Música,Media,Difícil,Clásica,Persona,No
3615,Pablo López,Música,Música,Media,Difícil,Clásica,Persona,No
3616,Massiel,Música,Música,Media,Difícil,Clásica,Persona,No
3617,Yandel,Música,Música,Media,Difícil,Clásica,Persona,No
3618,Celia Cruz,Música,Música,Media,Difícil,Clásica,Persona,No
3619,Rubén Blades,Música,Música,Media,Difícil,Clásica,Persona,No
3620,Molotov,Música,Música,Media,Difícil,Clásica,Persona,No
3621,Izal,Música,Música,Media,Difícil,Clásica,Persona,No
3622,Love of Lesbian,Música,Música,Media,Difícil,Clásica,Persona,No
3623,Viva Suecia,Música,Música,Media,Difícil,Clásica,Persona,No
3624,Pignoise,Música,Música,Media,Difícil,Clásica,Persona,No
3625,La Casa Azul,Música,Música,Media,Difícil,Clásica,Persona,No
3626,Camela,Música,Música,Media,Difícil,Clásica,Persona,No
3627,Los Ronaldos,Música,Música,Media,Difícil,Clásica,Persona,No
3628,Heroes del Silencio,Música,Música,Media,Difícil,Clásica,Persona,No
3629,A-ha,Música,Música,Media,Difícil,Clásica,Persona,No
3630,Wham!,Música,Música,Media,Difícil,Clásica,Persona,No
3631,Destiny's Child,Música,Música,Media,Difícil,Clásica,Persona,No
3632,Twenty One Pilots,Música,Música,Media,Difícil,Clásica,Persona,No
3633,Billie Joe Armstrong,Música,Música,Media,Difícil,Clásica,Persona,No
3634,Ozzy Osbourne,Música,Música,Media,Difícil,Clásica,Persona,No
3635,Mick Jagger,Música,Música,Media,Difícil,Clásica,Persona,No
3636,Keith Richards,Música,Música,Media,Difícil,Clásica,Persona,No
3637,Bonnie Tyler,Música,Música,Media,Difícil,Clásica,Persona,No
3638,Chappell Roan,Música,Música,Media,Difícil,Clásica,Persona,No
3639,Sabrina Carpenter,Música,Música,Media,Difícil,Clásica,Persona,No
3640,Doja Cat,Música,Música,Media,Difícil,Clásica,Persona,No
3641,Nicki Minaj,Música,Música,Media,Difícil,Clásica,Persona,No
3642,Cardi B,Música,Música,Media,Difícil,Clásica,Persona,No
3643,Travis Scott,Música,Música,Media,Difícil,Clásica,Persona,No
3644,Post Malone,Música,Música,Media,Difícil,Clásica,Persona,No
3645,Akon,Música,Música,Media,Difícil,Clásica,Persona,No
3646,Misión imposible,Cine y TV,Saga,Media,Difícil,Actual,Saga,No
3647,Aladdín,Cine y TV,Película,Media,Difícil,Clásica,Película,No
3648,Mulán,Cine y TV,Película,Media,Difícil,Clásica,Película,No
3649,Detective Pikachu,Cine y TV,Película,Media,Difícil,Clásica,Película,No
3650,Moulin Rouge,Cine y TV,Película,Media,Difícil,Clásica,Película,No
3651,Vengadores,Cine y TV,Saga,Media,Difícil,Actual,Saga,No
3652,Los 4 Fantásticos,Cine y TV,Película,Media,Difícil,Clásica,Película,No
3653,The Hunger Games,Cine y TV,Película,Media,Difícil,Clásica,Película,No
3654,La novia cadáver,Cine y TV,Película,Media,Difícil,Clásica,Película,No
3655,"El bueno, el feo y el malo",Cine y TV,Película,Media,Difícil,Clásica,Película,No
3656,Por un puñado de dólares,Cine y TV,Película,Media,Difícil,Clásica,Película,No
3657,Érase una vez en América,Cine y TV,Película,Media,Difícil,Clásica,Película,No
3658,Érase una vez en el Oeste,Cine y TV,Película,Media,Difícil,Clásica,Película,No
3659,Los Gremlins,Cine y TV,Película,Media,Difícil,Clásica,Película,No
3660,Stardust,Cine y TV,Película,Media,Difícil,Clásica,Película,No
3661,Drácula de Bram Stoker,Cine y TV,Película,Media,Difícil,Clásica,Película,No
3662,El fantasma de la ópera,Cine y TV,Película,Media,Difícil,Clásica,Película,No
3663,Patrulla Canina,Series,Serie,Media,Difícil,Actual,Serie,No
3664,Miraculous,Series,Serie,Media,Difícil,Actual,Serie,No
3665,Winx,Series,Serie,Media,Difícil,Actual,Serie,No
3666,Demon Slayer,Series,Serie,Media,Difícil,Actual,Serie,No
3667,My Hero Academia,Series,Serie,Media,Difícil,Actual,Serie,No
3668,Los Caballeros del Zodiaco,Series,Serie,Media,Difícil,Clásica,Serie,No
3669,La mesita del comedor,Series,Serie,Media,Difícil,Actual,Serie,No
3670,Parks and Recreation,Series,Serie,Media,Difícil,Actual,Serie,No
3671,Ahsoka,Series,Serie,Media,Difícil,Actual,Serie,No
3672,The Punisher,Series,Serie,Media,Difícil,Actual,Serie,No
3673,The Sopranos,Series,Serie,Media,Difícil,Actual,Serie,No
3674,Monk,Series,Serie,Media,Difícil,Actual,Serie,No
3675,Colombo,Series,Serie,Media,Difícil,Actual,Serie,No
3676,Xena,Series,Serie,Media,Difícil,Clásica,Serie,No
3677,El príncipe de Bel Air,Series,Serie,Media,Difícil,Actual,Serie,No
3678,Melrose Place,Series,Serie,Media,Difícil,Actual,Serie,No
3679,Gym Tony,Series,Serie,Media,Difícil,Actual,Serie,No
3680,La víctima número 8,Series,Serie,Media,Difícil,Actual,Serie,No
3681,Velma,Personajes,Personaje,Alta,Media,Actual,Personaje,Sí
3682,Daphne,Personajes,Personaje,Alta,Media,Actual,Personaje,Sí
3683,Fred,Personajes,Personaje,Alta,Media,Actual,Personaje,Sí
3684,Maggie Simpson,Personajes,Personaje,Alta,Media,Actual,Personaje,Sí
3685,Patricio,Personajes,Personaje,Alta,Media,Actual,Personaje,Sí
3686,Arenita,Personajes,Personaje,Alta,Media,Actual,Personaje,Sí
3687,Nobita,Personajes,Personaje,Alta,Media,Actual,Personaje,Sí
3688,Trunks,Personajes,Personaje,Alta,Media,Actual,Personaje,Sí
3689,Krillin,Personajes,Personaje,Alta,Media,Actual,Personaje,Sí
3690,Sasuke,Personajes,Personaje,Alta,Media,Actual,Personaje,Sí
3691,Zoro,Personajes,Personaje,Alta,Media,Actual,Personaje,Sí
3692,Nami,Personajes,Personaje,Alta,Media,Actual,Personaje,Sí
3693,Bowser,Personajes,Personaje,Alta,Media,Actual,Personaje,Sí
3694,Tails,Personajes,Personaje,Alta,Media,Actual,Personaje,Sí
3695,Minecraft Steve,Personajes,Personaje,Alta,Media,Actual,Personaje,Sí
3696,Leia Organa,Personajes,Personaje,Alta,Media,Actual,Personaje,Sí
3697,Wolverine,Personajes,Personaje,Alta,Media,Actual,Personaje,Sí
3698,Darth Maul,Personajes,Personaje,Alta,Media,Actual,Personaje,Sí
3699,Mandalorian,Personajes,Personaje,Alta,Media,Actual,Personaje,Sí
3700,Jessie,Personajes,Personaje,Alta,Media,Actual,Personaje,Sí
3701,Mr. Potato,Personajes,Personaje,Alta,Media,Actual,Personaje,Sí
3702,Fiona,Personajes,Personaje,Alta,Media,Actual,Personaje,Sí
3703,Gato con Botas,Personajes,Personaje,Alta,Media,Actual,Personaje,Sí
3704,Jafar,Personajes,Personaje,Alta,Media,Actual,Personaje,Sí
3705,Mushu,Personajes,Personaje,Alta,Media,Actual,Personaje,Sí
3706,He-Man,Personajes,Personaje,Alta,Media,Actual,Personaje,Sí
3707,Skeletor,Personajes,Personaje,Alta,Media,Actual,Personaje,Sí
3708,She-Ra,Personajes,Personaje,Alta,Media,Actual,Personaje,Sí
3709,Pitufo,Personajes,Personaje,Alta,Media,Actual,Personaje,Sí
3710,D'Artagnan,Personajes,Personaje,Alta,Media,Actual,Personaje,Sí
3711,Carmen Sandiego,Personajes,Personaje,Alta,Media,Actual,Personaje,Sí
3712,Barney Stinson,Personajes,Personaje,Alta,Media,Actual,Personaje,Sí
3713,Jesse Pinkman,Personajes,Personaje,Alta,Media,Actual,Personaje,Sí
3714,Michael Scott,Personajes,Personaje,Alta,Media,Actual,Personaje,Sí
3715,Dwight Schrute,Personajes,Personaje,Alta,Media,Actual,Personaje,Sí
3716,Sheldon Cooper,Personajes,Personaje,Alta,Media,Actual,Personaje,Sí
3717,Leonard Hofstadter,Personajes,Personaje,Alta,Media,Actual,Personaje,Sí
3718,Rachel Green,Personajes,Personaje,Alta,Media,Actual,Personaje,Sí
3719,Ross Geller,Personajes,Personaje,Alta,Media,Actual,Personaje,Sí
3720,Joey Tribbiani,Personajes,Personaje,Alta,Media,Actual,Personaje,Sí
3721,Chandler Bing,Personajes,Personaje,Alta,Media,Actual,Personaje,Sí
3722,Monica Geller,Personajes,Personaje,Alta,Media,Actual,Personaje,Sí
3723,Jon Nieve,Personajes,Personaje,Alta,Media,Actual,Personaje,Sí
3724,Cersei Lannister,Personajes,Personaje,Alta,Media,Actual,Personaje,Sí
3725,Vecna,Personajes,Personaje,Alta,Media,Actual,Personaje,Sí
3726,Joel Miller,Personajes,Personaje,Alta,Media,Actual,Personaje,Sí
3727,Ellie Williams,Personajes,Personaje,Alta,Media,Actual,Personaje,Sí
3728,Free Fire,Videojuegos,Videojuego,Alta,Media,Actual,Juego,Sí
3729,Bloodborne,Videojuegos,Videojuego,Alta,Media,Actual,Juego,Sí
3730,Sekiro,Videojuegos,Videojuego,Alta,Media,Actual,Juego,Sí
3731,Horizon,Videojuegos,Videojuego,Alta,Media,Actual,Juego,Sí
3732,Ghost of Tsushima,Videojuegos,Videojuego,Alta,Media,Actual,Juego,Sí
3733,RollerCoaster Tycoon,Videojuegos,Videojuego,Alta,Media,Actual,Juego,Sí
3734,Forza Horizon,Videojuegos,Videojuego,Alta,Media,Actual,Juego,Sí
3735,Wipeout,Videojuegos,Videojuego,Alta,Media,Actual,Juego,Sí
3736,Tony Hawk's Pro Skater,Videojuegos,Videojuego,Alta,Media,Actual,Juego,Sí
3737,Rock Band,Videojuegos,Videojuego,Alta,Media,Actual,Juego,Sí
3738,Subway Surfers,Videojuegos,Videojuego,Alta,Media,Actual,Juego,Sí
3739,Temple Run,Videojuegos,Videojuego,Alta,Media,Actual,Juego,Sí
3740,Duolingo,Videojuegos,Videojuego,Alta,Media,Actual,Juego,Sí
3741,Professor Layton,Videojuegos,Videojuego,Alta,Media,Actual,Juego,Sí
3742,Warner Bros.,Marcas,Marca,Alta,Media,Actual,Marca,Sí
3743,Universal,Marcas,Marca,Alta,Media,Actual,Marca,Sí
3744,Nescafé,Marcas,Marca,Alta,Media,Actual,Marca,Sí
3745,Bimbo,Marcas,Marca,Alta,Media,Actual,Marca,Sí
3746,Toblerone,Marcas,Marca,Alta,Media,Actual,Marca,Sí
3747,Gucci,Marcas,Marca,Alta,Media,Actual,Marca,Sí
3748,Prada,Marcas,Marca,Alta,Media,Actual,Marca,Sí
3749,Louis Vuitton,Marcas,Marca,Alta,Media,Actual,Marca,Sí
3750,Chanel,Marcas,Marca,Alta,Media,Actual,Marca,Sí
3751,Dior,Marcas,Marca,Alta,Media,Actual,Marca,Sí
3752,Versace,Marcas,Marca,Alta,Media,Actual,Marca,Sí
3753,Hugo Boss,Marcas,Marca,Alta,Media,Actual,Marca,Sí
3754,Air Jordan,Marcas,Marca,Alta,Media,Actual,Marca,Sí
3755,Twitch,Marcas,Marca,Alta,Media,Actual,Marca,Sí
3756,Guillermo el Conquistador,Historia,Historia y cultura,Media,Muy difícil,Histórica,Persona,No
3757,Leonor de Aquitania,Historia,Historia y cultura,Media,Muy difícil,Histórica,Persona,No
3758,Aníbal,Historia,Historia y cultura,Media,Muy difícil,Histórica,Persona,No
3759,Pitágoras,Historia,Historia y cultura,Media,Muy difícil,Histórica,Persona,No
3760,Rodin,Historia,Historia y cultura,Media,Muy difícil,Histórica,Persona,No
3761,Gaudí,Historia,Historia y cultura,Media,Muy difícil,Histórica,Persona,No
3762,Shakespeare,Historia,Historia y cultura,Media,Muy difícil,Histórica,Persona,No
3763,Cervantes,Historia,Historia y cultura,Media,Muy difícil,Histórica,Persona,No
3764,Dante,Historia,Historia y cultura,Media,Muy difícil,Histórica,Persona,No
3765,Goethe,Historia,Historia y cultura,Media,Muy difícil,Histórica,Persona,No
3766,Miguel Hernández,Historia,Historia y cultura,Media,Muy difícil,Histórica,Persona,No
3767,Magnetismo,Ciencia,Ciencia y naturaleza,Media,Muy difícil,Clásica,Concepto,No
3768,Mar Mediterráneo,Ciencia,Ciencia y naturaleza,Media,Muy difícil,Clásica,Concepto,No
3769,Coral,Ciencia,Ciencia y naturaleza,Media,Muy difícil,Clásica,Concepto,No
3770,Mamút,Ciencia,Ciencia y naturaleza,Media,Muy difícil,Clásica,Concepto,No
3771,Sable de dientes de sable,Ciencia,Ciencia y naturaleza,Media,Muy difícil,Clásica,Concepto,No
3772,ADN,Ciencia,Ciencia y naturaleza,Media,Muy difícil,Clásica,Concepto,No
3773,Músculo,Ciencia,Ciencia y naturaleza,Media,Muy difícil,Clásica,Concepto,No
3774,Sangre,Ciencia,Ciencia y naturaleza,Media,Muy difícil,Clásica,Concepto,No
3775,Neurona,Ciencia,Ciencia y naturaleza,Media,Muy difícil,Clásica,Concepto,No
3776,Hormona,Ciencia,Ciencia y naturaleza,Media,Muy difícil,Clásica,Concepto,No
3777,Digestión,Ciencia,Ciencia y naturaleza,Media,Muy difícil,Clásica,Concepto,No
3778,Respiración,Ciencia,Ciencia y naturaleza,Media,Muy difícil,Clásica,Concepto,No
3779,Temperatura,Ciencia,Ciencia y naturaleza,Media,Muy difícil,Clásica,Concepto,No
3780,Presión,Ciencia,Ciencia y naturaleza,Media,Muy difícil,Clásica,Concepto,No
3781,Velocidad,Ciencia,Ciencia y naturaleza,Media,Muy difícil,Clásica,Concepto,No
3782,Fuerza,Ciencia,Ciencia y naturaleza,Media,Muy difícil,Clásica,Concepto,No
3783,Energía,Ciencia,Ciencia y naturaleza,Media,Muy difícil,Clásica,Concepto,No
3784,Agujero de gusano,Ciencia,Ciencia y naturaleza,Media,Muy difícil,Clásica,Concepto,No
3785,Materia oscura,Ciencia,Ciencia y naturaleza,Media,Muy difícil,Clásica,Concepto,No
3786,Paleontología,Ciencia,Ciencia y naturaleza,Media,Muy difícil,Clásica,Concepto,No
3787,Arqueología,Ciencia,Ciencia y naturaleza,Media,Muy difícil,Clásica,Concepto,No
3788,Astronomía,Ciencia,Ciencia y naturaleza,Media,Muy difícil,Clásica,Concepto,No
3789,Ecología,Ciencia,Ciencia y naturaleza,Media,Muy difícil,Clásica,Concepto,No
3790,Panda rojo,Ciencia,Ciencia y naturaleza,Media,Muy difícil,Clásica,Concepto,No
3791,Libélula,Ciencia,Ciencia y naturaleza,Media,Muy difícil,Clásica,Concepto,No
3792,Jamón,Gastronomía,Gastronomía y vida cotidiana,Alta,Media,Clásica,Objeto,Sí
3793,Cocido,Gastronomía,Gastronomía y vida cotidiana,Alta,Media,Clásica,Objeto,Sí
3794,Bocadillo,Gastronomía,Gastronomía y vida cotidiana,Alta,Media,Clásica,Objeto,Sí
3795,Waffle,Gastronomía,Gastronomía y vida cotidiana,Alta,Media,Clásica,Objeto,Sí
3796,Tarta de queso,Gastronomía,Gastronomía y vida cotidiana,Alta,Media,Clásica,Objeto,Sí
3797,Galleta,Gastronomía,Gastronomía y vida cotidiana,Alta,Media,Clásica,Objeto,Sí
3798,Queso,Gastronomía,Gastronomía y vida cotidiana,Alta,Media,Clásica,Objeto,Sí
3799,Leche,Gastronomía,Gastronomía y vida cotidiana,Alta,Media,Clásica,Objeto,Sí
3800,Limonada,Gastronomía,Gastronomía y vida cotidiana,Alta,Media,Clásica,Objeto,Sí
3801,Zumo,Gastronomía,Gastronomía y vida cotidiana,Alta,Media,Clásica,Objeto,Sí
3802,Cuchara,Gastronomía,Gastronomía y vida cotidiana,Alta,Media,Clásica,Objeto,Sí
3803,Tenedor,Gastronomía,Gastronomía y vida cotidiana,Alta,Media,Clásica,Objeto,Sí
3804,Cuchillo,Gastronomía,Gastronomía y vida cotidiana,Alta,Media,Clásica,Objeto,Sí
3805,Plato,Gastronomía,Gastronomía y vida cotidiana,Alta,Media,Clásica,Objeto,Sí
3806,Vaso,Gastronomía,Gastronomía y vida cotidiana,Alta,Media,Clásica,Objeto,Sí
3807,Taza,Gastronomía,Gastronomía y vida cotidiana,Alta,Media,Clásica,Objeto,Sí
3808,Sartén,Gastronomía,Gastronomía y vida cotidiana,Alta,Media,Clásica,Objeto,Sí
3809,Olla,Gastronomía,Gastronomía y vida cotidiana,Alta,Media,Clásica,Objeto,Sí
3810,Portátil,Gastronomía,Gastronomía y vida cotidiana,Alta,Media,Clásica,Objeto,Sí
3811,Gafas,Gastronomía,Gastronomía y vida cotidiana,Alta,Media,Clásica,Objeto,Sí
3812,Goma,Gastronomía,Gastronomía y vida cotidiana,Alta,Media,Clásica,Objeto,Sí
3813,Lámpara,Gastronomía,Gastronomía y vida cotidiana,Alta,Media,Clásica,Objeto,Sí
3814,Toalla,Gastronomía,Gastronomía y vida cotidiana,Alta,Media,Clásica,Objeto,Sí
3815,Gorra,Gastronomía,Gastronomía y vida cotidiana,Alta,Media,Clásica,Objeto,Sí
3816,Chubasquero,Gastronomía,Gastronomía y vida cotidiana,Alta,Media,Clásica,Objeto,Sí
3817,Abrigo,Gastronomía,Gastronomía y vida cotidiana,Alta,Media,Clásica,Objeto,Sí
3818,Patines,Gastronomía,Gastronomía y vida cotidiana,Alta,Media,Clásica,Objeto,Sí
3819,Baraja,Gastronomía,Gastronomía y vida cotidiana,Alta,Media,Clásica,Objeto,Sí
3820,Benidorm,Lugares,Lugar,Alta,Media,Clásica,Lugar,Sí
3821,Marbella,Lugares,Lugar,Alta,Media,Clásica,Lugar,Sí
3822,Patagonia,Lugares,Lugar,Alta,Media,Clásica,Lugar,Sí
3823,Sáhara,Lugares,Lugar,Alta,Media,Clásica,Lugar,Sí
3824,Delhi,Lugares,Lugar,Alta,Media,Clásica,Lugar,Sí
3825,Meca,Lugares,Lugar,Alta,Media,Clásica,Lugar,Sí
3826,Museo del Louvre,Lugares,Lugar,Alta,Media,Clásica,Lugar,Sí
3827,Vaticano,Lugares,Lugar,Alta,Media,Clásica,Lugar,Sí
3828,Acrópolis,Lugares,Lugar,Alta,Media,Clásica,Lugar,Sí
3829,Casa Blanca,Lugares,Lugar,Alta,Media,Clásica,Lugar,Sí
3830,Wall Street,Lugares,Lugar,Alta,Media,Clásica,Lugar,Sí
3831,Downing Street,Lugares,Lugar,Alta,Media,Clásica,Lugar,Sí
3832,Buckingham Palace,Lugares,Lugar,Alta,Media,Clásica,Lugar,Sí
3833,Montecarlo,Lugares,Lugar,Alta,Media,Clásica,Lugar,Sí
3834,Cannes,Lugares,Lugar,Alta,Media,Clásica,Lugar,Sí
