id,palabra,categoria,subcategoria,popularidad,dificultad,epoca,alcance,tipo,infantil
1,Lionel Messi,Deportes,Futbolista,Muy alta,Fácil,Actual,Internacional,Persona,Sí
2,Cristiano Ronaldo,Deportes,Futbolista,Muy alta,Fácil,Actual,Internacional,Persona,Sí
3,Rafa Nadal,Deportes,Tenista,Muy alta,Fácil,Actual,Internacional,Persona,Sí
4,Fernando Alonso,Deportes,Automovilismo,Muy alta,Fácil,Actual,Internacional,Persona,Sí
5,Michael Jordan,Deportes,Baloncesto,Muy alta,Fácil,Histórica,Internacional,Persona,Sí
6,Serena Williams,Deportes,Tenis,Muy alta,Fácil,Actual,Internacional,Persona,Sí
7,Diego Maradona,Deportes,Futbolista,Muy alta,Fácil,Histórica,Internacional,Persona,Sí
8,Pelé,Deportes,Futbolista,Muy alta,Fácil,Histórica,Internacional,Persona,Sí
9,Iker Casillas,Deportes,Futbolista,Muy alta,Fácil,Histórica,Internacional,Persona,Sí
10,Rosalía,Música,Cantante,Muy alta,Fácil,Actual,Internacional,Persona,Sí
11,Shakira,Música,Cantante,Muy alta,Fácil,Actual,Internacional,Persona,Sí
12,Michael Jackson,Música,Cantante,Muy alta,Fácil,Histórica,Internacional,Persona,Sí
13,Freddie Mercury,Música,Cantante,Muy alta,Fácil,Histórica,Internacional,Persona,Sí
14,Madonna,Música,Cantante,Muy alta,Fácil,Histórica,Internacional,Persona,Sí
15,Bad Bunny,Música,Cantante,Muy alta,Fácil,Actual,Internacional,Persona,No
16,David Bowie,Música,Cantante,Alta,Media,Histórica,Internacional,Persona,No
17,Adele,Música,Cantante,Muy alta,Fácil,Actual,Internacional,Persona,Sí
18,Penélope Cruz,Cine y TV,Actor/Actriz,Muy alta,Fácil,Actual,Internacional,Persona,Sí
19,Antonio Banderas,Cine y TV,Actor/Actriz,Muy alta,Fácil,Actual,Internacional,Persona,Sí
20,Javier Bardem,Cine y TV,Actor/Actriz,Muy alta,Fácil,Actual,Internacional,Persona,Sí
21,Johnny Depp,Cine y TV,Actor/Actriz,Muy alta,Fácil,Actual,Internacional,Persona,Sí
22,Leonardo DiCaprio,Cine y TV,Actor/Actriz,Muy alta,Fácil,Actual,Internacional,Persona,Sí
23,Meryl Streep,Cine y TV,Actor/Actriz,Alta,Media,Histórica,Internacional,Persona,No
24,Marilyn Monroe,Cine y TV,Actor/Actriz,Muy alta,Fácil,Histórica,Internacional,Persona,No
25,Tom Hanks,Cine y TV,Actor/Actriz,Muy alta,Fácil,Histórica,Internacional,Persona,Sí
26,Pedro Almodóvar,Cine y TV,Director/a,Muy alta,Fácil,Actual,Internacional,Persona,Sí
27,Al Pacino,Cine y TV,Actor/Actriz,Alta,Media,Histórica,Internacional,Persona,No
28,Frida Kahlo,Arte,Pintora,Muy alta,Fácil,Histórica,Internacional,Persona,Sí
29,Pablo Picasso,Arte,Pintor,Muy alta,Fácil,Histórica,Internacional,Persona,Sí
30,Vincent van Gogh,Arte,Pintor,Muy alta,Fácil,Histórica,Internacional,Persona,Sí
31,Salvador Dalí,Arte,Pintor,Muy alta,Fácil,Histórica,Internacional,Persona,Sí
32,Leonardo da Vinci,Arte,Artista,Muy alta,Fácil,Histórica,Internacional,Persona,Sí
33,Miguel de Cervantes,Literatura,Escritor,Muy alta,Fácil,Histórica,Internacional,Persona,Sí
34,William Shakespeare,Literatura,Escritor,Muy alta,Fácil,Histórica,Internacional,Persona,Sí
35,J. K. Rowling,Literatura,Escritora,Muy alta,Fácil,Actual,Internacional,Persona,Sí
36,Gabriel García Márquez,Literatura,Escritor,Alta,Media,Histórica,Internacional,Persona,No
37,Agatha Christie,Literatura,Escritora,Alta,Media,Histórica,Internacional,Persona,No
38,Don Quijote,Literatura,Personaje,Muy alta,Fácil,Histórica,Internacional,Personaje,Sí
39,Harry Potter,Literatura,Personaje,Muy alta,Fácil,Actual,Internacional,Personaje,Sí
40,Sherlock Holmes,Literatura,Personaje,Muy alta,Fácil,Histórica,Internacional,Personaje,Sí
41,Mafalda,Personajes,Cómic,Muy alta,Fácil,Histórica,Internacional,Personaje,Sí
42,Tintín,Personajes,Cómic,Muy alta,Fácil,Histórica,Internacional,Personaje,Sí
43,Astérix,Personajes,Cómic,Muy alta,Fácil,Histórica,Internacional,Personaje,Sí
44,Obélix,Personajes,Cómic,Muy alta,Fácil,Histórica,Internacional,Personaje,Sí
45,Darth Vader,Personajes,Ciencia ficción,Muy alta,Fácil,Histórica,Internacional,Personaje,Sí
46,Indiana Jones,Personajes,Aventuras,Muy alta,Fácil,Clásica,Internacional,Personaje,Sí
47,La Sirenita,Personajes,Animación,Muy alta,Fácil,Histórica,Internacional,Personaje,Sí
48,Pitufina,Personajes,Animación,Muy alta,Fácil,Histórica,Internacional,Personaje,Sí
49,Woody,Personajes,Animación,Muy alta,Fácil,Actual,Internacional,Personaje,Sí
50,Buzz Lightyear,Personajes,Animación,Muy alta,Fácil,Actual,Internacional,Personaje,Sí
51,Mickey Mouse,Personajes,Animación,Muy alta,Fácil,Histórica,Internacional,Personaje,Sí
52,Pato Donald,Personajes,Animación,Muy alta,Fácil,Histórica,Internacional,Personaje,Sí
53,Goofy,Personajes,Animación,Muy alta,Fácil,Histórica,Internacional,Personaje,Sí
54,Simba,Personajes,Animación,Muy alta,Fácil,Histórica,Internacional,Personaje,Sí
55,Scar,Personajes,Animación,Muy alta,Fácil,Histórica,Internacional,Personaje,Sí
56,Ariel,Personajes,Animación,Muy alta,Fácil,Histórica,Internacional,Personaje,Sí
57,Cenicienta,Personajes,Animación,Muy alta,Fácil,Histórica,Internacional,Personaje,Sí
58,Blancanieves,Personajes,Animación,Muy alta,Fácil,Histórica,Internacional,Personaje,Sí
59,Peter Pan,Personajes,Animación,Muy alta,Fácil,Histórica,Internacional,Personaje,Sí
60,Campanilla,Personajes,Animación,Muy alta,Fácil,Histórica,Internacional,Personaje,Sí
61,Homer Simpson,Personajes,Animación,Muy alta,Fácil,Actual,Internacional,Personaje,Sí
62,Bart Simpson,Personajes,Animación,Muy alta,Fácil,Actual,Internacional,Personaje,Sí
63,Bob Esponja,Personajes,Animación,Muy alta,Fácil,Actual,Internacional,Personaje,Sí
64,Scooby-Doo,Personajes,Animación,Muy alta,Fácil,Histórica,Internacional,Personaje,Sí
65,Tom,Personajes,Animación,Muy alta,Fácil,Histórica,Internacional,Personaje,Sí
66,Jerry,Personajes,Animación,Muy alta,Fácil,Histórica,Internacional,Personaje,Sí
67,Superman,Personajes,Superhéroe,Muy alta,Fácil,Actual,Internacional,Personaje,Sí
68,Batman,Personajes,Superhéroe,Muy alta,Fácil,Actual,Internacional,Personaje,Sí
69,Spider-Man,Personajes,Superhéroe,Muy alta,Fácil,Actual,Internacional,Personaje,Sí
70,Hulk,Personajes,Superhéroe,Muy alta,Fácil,Actual,Internacional,Personaje,Sí
71,Iron Man,Personajes,Superhéroe,Muy alta,Fácil,Actual,Internacional,Personaje,Sí
72,Thor,Personajes,Superhéroe,Muy alta,Fácil,Actual,Internacional,Personaje,Sí
73,Capitán América,Personajes,Superhéroe,Muy alta,Fácil,Actual,Internacional,Personaje,Sí
74,Wonder Woman,Personajes,Superhéroe,Muy alta,Fácil,Actual,Internacional,Personaje,Sí
75,Joker,Personajes,Superhéroe,Muy alta,Fácil,Histórica,Internacional,Personaje,Sí
76,Harley Quinn,Personajes,Superhéroe,Muy alta,Fácil,Actual,Internacional,Personaje,Sí
77,Thanos,Personajes,Superhéroe,Muy alta,Fácil,Actual,Internacional,Personaje,Sí
78,Hermione Granger,Personajes,Fantasía,Muy alta,Fácil,Actual,Internacional,Personaje,Sí
79,Ron Weasley,Personajes,Fantasía,Muy alta,Fácil,Actual,Internacional,Personaje,Sí
80,Gandalf,Personajes,Fantasía,Muy alta,Fácil,Clásica,Internacional,Personaje,Sí
81,Frodo,Personajes,Fantasía,Muy alta,Fácil,Histórica,Internacional,Personaje,Sí
82,Gollum,Personajes,Fantasía,Muy alta,Fácil,Histórica,Internacional,Personaje,Sí
83,Drácula,Personajes,Literatura,Muy alta,Fácil,Histórica,Internacional,Personaje,Sí
84,Frankenstein,Personajes,Literatura,Muy alta,Fácil,Histórica,Internacional,Personaje,Sí
85,Pinocho,Personajes,Cuento,Muy alta,Fácil,Histórica,Internacional,Personaje,Sí
86,Caperucita Roja,Personajes,Cuento,Muy alta,Fácil,Histórica,Internacional,Personaje,Sí
87,Alicia,Personajes,Cuento,Muy alta,Fácil,Histórica,Internacional,Personaje,Sí
90,Vegeta,Personajes,Anime,Muy alta,Fácil,Histórica,Internacional,Personaje,Sí
91,Doraemon,Personajes,Anime,Muy alta,Fácil,Actual,Internacional,Personaje,Sí
92,Friends,Series,Comedia,Muy alta,Fácil,Clásica,Internacional,Serie,Sí
93,El Príncipe de Bel-Air,Series,Comedia,Muy alta,Fácil,Histórica,Internacional,Serie,Sí
94,Stranger Things,Series,Ciencia ficción,Muy alta,Fácil,Actual,Internacional,Serie,Sí
95,The Walking Dead,Series,Drama,Muy alta,Fácil,Actual,Internacional,Serie,No
96,Heidi,Series,Animación,Muy alta,Fácil,Histórica,Internacional,Serie,Sí
97,Bola de Dragón,Series,Anime,Muy alta,Fácil,Actual,Internacional,Serie,Sí
98,Los Simpson,Series,Animación,Muy alta,Fácil,Clásica,Internacional,Serie,Sí
99,La casa de papel,Series,Drama,Muy alta,Fácil,Actual,Internacional,Serie,No
100,Juego de Tronos,Series,Fantasía,Muy alta,Fácil,Histórica,Internacional,Serie,No
101,Breaking Bad,Series,Drama,Muy alta,Fácil,Histórica,Internacional,Serie,No
102,Aquí no hay quien viva,Series,Comedia,Muy alta,Fácil,Clásica,Nacional,Serie,Sí
103,La que se avecina,Series,Comedia,Muy alta,Fácil,Actual,Nacional,Serie,Sí
104,Aída,Series,Comedia,Muy alta,Fácil,Histórica,Nacional,Serie,Sí
105,Élite,Series,Drama,Muy alta,Fácil,Actual,Internacional,Serie,No
106,The Office,Series,Comedia,Alta,Media,Histórica,Internacional,Serie,No
107,Perdidos,Series,Drama,Alta,Media,Clásica,Internacional,Serie,No
108,Prison Break,Series,Drama,Alta,Media,Histórica,Internacional,Serie,No
109,The Big Bang Theory,Series,Comedia,Muy alta,Fácil,Histórica,Internacional,Serie,Sí
110,How I Met Your Mother,Series,Comedia,Media,Difícil,Histórica,Internacional,Serie,No
111,Black Mirror,Series,Ciencia ficción,Alta,Media,Actual,Internacional,Serie,No
112,The Crown,Series,Drama histórico,Alta,Media,Actual,Internacional,Serie,No
113,Vikingos,Series,Histórica,Alta,Media,Actual,Internacional,Serie,No
114,Física o Química,Series,Drama,Muy alta,Fácil,Histórica,Nacional,Serie,No
115,El Internado,Series,Misterio,Muy alta,Fácil,Histórica,Nacional,Serie,Sí
116,Miércoles,Series,Fantasía,Muy alta,Fácil,Actual,Internacional,Serie,Sí
118,The Last of Us,Series,Drama,Alta,Media,Actual,Internacional,Serie,No
119,Titanic,Películas,Drama,Muy alta,Fácil,Clásica,Internacional,Película,Sí
120,Jurassic Park,Películas,Aventuras,Muy alta,Fácil,Clásica,Internacional,Película,Sí
122,E.T.,Películas,Ciencia ficción,Muy alta,Fácil,Histórica,Internacional,Película,Sí
123,Grease,Películas,Musical,Muy alta,Fácil,Histórica,Internacional,Película,Sí
124,Rocky,Películas,Deportes,Muy alta,Fácil,Clásica,Internacional,Película,Sí
125,El Rey León,Películas,Animación,Muy alta,Fácil,Histórica,Internacional,Película,Sí
126,Forrest Gump,Películas,Drama,Muy alta,Fácil,Histórica,Internacional,Película,Sí
127,Regreso al Futuro,Películas,Ciencia ficción,Muy alta,Fácil,Histórica,Internacional,Película,Sí
128,Pretty Woman,Películas,Romántica,Muy alta,Fácil,Histórica,Internacional,Película,Sí
129,Avatar,Películas,Ciencia ficción,Muy alta,Fácil,Actual,Internacional,Película,Sí
131,Gladiator,Películas,Histórica,Muy alta,Fácil,Histórica,Internacional,Película,Sí
132,Solo en casa,Películas,Comedia,Muy alta,Fácil,Histórica,Internacional,Película,Sí
133,Matrix,Películas,Ciencia ficción,Muy alta,Fácil,Clásica,Internacional,Película,Sí
134,Frozen,Películas,Animación,Muy alta,Fácil,Actual,Internacional,Película,Sí
135,Toy Story,Películas,Animación,Muy alta,Fácil,Actual,Internacional,Película,Sí
136,Coco,Películas,Animación,Muy alta,Fácil,Actual,Internacional,Película,Sí
137,El Padrino,Películas,Drama,Muy alta,Fácil,Histórica,Internacional,Película,No
138,Pulp Fiction,Películas,Drama,Alta,Media,Histórica,Internacional,Película,No
139,La vida es bella,Películas,Drama,Alta,Media,Histórica,Internacional,Película,No
140,Braveheart,Películas,Histórica,Alta,Media,Histórica,Internacional,Película,No
141,Dirty Dancing,Películas,Romántica,Muy alta,Fácil,Histórica,Internacional,Película,Sí
142,Ghost,Películas,Romántica,Alta,Media,Histórica,Internacional,Película,No
143,Top Gun,Películas,Acción,Muy alta,Fácil,Histórica,Internacional,Película,Sí
144,Terminator,Películas,Ciencia ficción,Muy alta,Fácil,Histórica,Internacional,Película,Sí
145,Alien,Películas,Ciencia ficción,Alta,Media,Histórica,Internacional,Película,No
146,La momia,Películas,Aventuras,Muy alta,Fácil,Histórica,Internacional,Película,Sí
147,Piratas del Caribe,Películas,Aventuras,Muy alta,Fácil,Histórica,Internacional,Película,Sí
148,El Señor de los Anillos,Películas,Fantasía,Muy alta,Fácil,Histórica,Internacional,Película,Sí
149,Los Increíbles,Películas,Animación,Muy alta,Fácil,Actual,Internacional,Película,Sí
150,Shrek,Películas,Animación,Muy alta,Fácil,Histórica,Internacional,Película,Sí
151,Madagascar,Películas,Animación,Muy alta,Fácil,Actual,Internacional,Película,Sí
152,Buscando a Nemo,Películas,Animación,Muy alta,Fácil,Actual,Internacional,Película,Sí
153,"Monstruos, S.A.",Películas,Animación,Muy alta,Fácil,Actual,Internacional,Película,Sí
154,Up,Películas,Animación,Muy alta,Fácil,Actual,Internacional,Película,Sí
155,Ratatouille,Películas,Animación,Muy alta,Fácil,Actual,Internacional,Película,Sí
156,La Bella y la Bestia,Películas,Animación,Muy alta,Fácil,Histórica,Internacional,Película,Sí
157,Aladdín,Películas,Animación,Muy alta,Fácil,Histórica,Internacional,Película,Sí
158,Mulán,Películas,Animación,Muy alta,Fácil,Histórica,Internacional,Película,Sí
159,Vaiana,Películas,Animación,Muy alta,Fácil,Actual,Internacional,Película,Sí
160,Encanto,Películas,Animación,Muy alta,Fácil,Actual,Internacional,Película,Sí
161,Oppenheimer,Películas,Drama,Muy alta,Fácil,Actual,Internacional,Película,Sí
162,Barbie,Películas,Comedia,Muy alta,Fácil,Actual,Internacional,Película,Sí
163,Interstellar,Películas,Ciencia ficción,Muy alta,Fácil,Actual,Internacional,Película,Sí
164,Elton John,Música,Cantante,Muy alta,Fácil,Histórica,Internacional,Persona,Sí
165,Elvis Presley,Música,Cantante,Muy alta,Fácil,Histórica,Internacional,Persona,Sí
166,The Beatles,Música,Grupo,Muy alta,Fácil,Histórica,Internacional,Grupo,Sí
167,Queen,Música,Grupo,Muy alta,Fácil,Histórica,Internacional,Grupo,Sí
168,ABBA,Música,Grupo,Muy alta,Fácil,Histórica,Internacional,Grupo,Sí
169,The Rolling Stones,Música,Grupo,Muy alta,Fácil,Histórica,Internacional,Grupo,Sí
170,U2,Música,Grupo,Muy alta,Fácil,Histórica,Internacional,Grupo,Sí
171,Nirvana,Música,Grupo,Muy alta,Fácil,Clásica,Internacional,Grupo,Sí
172,Metallica,Música,Grupo,Muy alta,Fácil,Clásica,Internacional,Grupo,Sí
173,AC/DC,Música,Grupo,Muy alta,Fácil,Clásica,Internacional,Grupo,Sí
174,Coldplay,Música,Grupo,Muy alta,Fácil,Actual,Internacional,Grupo,Sí
175,Oasis,Música,Grupo,Alta,Media,Clásica,Internacional,Grupo,No
176,Spice Girls,Música,Grupo,Muy alta,Fácil,Clásica,Internacional,Grupo,Sí
177,Backstreet Boys,Música,Grupo,Muy alta,Fácil,Clásica,Internacional,Grupo,Sí
178,Britney Spears,Música,Cantante,Muy alta,Fácil,Clásica,Internacional,Persona,Sí
179,Lady Gaga,Música,Cantante,Muy alta,Fácil,Actual,Internacional,Persona,Sí
180,Beyoncé,Música,Cantante,Muy alta,Fácil,Actual,Internacional,Persona,Sí
181,Jennifer Lopez,Música,Cantante,Muy alta,Fácil,Actual,Internacional,Persona,Sí
182,Ricky Martin,Música,Cantante,Muy alta,Fácil,Clásica,Internacional,Persona,Sí
183,Enrique Iglesias,Música,Cantante,Muy alta,Fácil,Actual,Internacional,Persona,Sí
184,Julio Iglesias,Música,Cantante,Muy alta,Fácil,Clásica,Internacional,Persona,Sí
185,Alejandro Sanz,Música,Cantante,Muy alta,Fácil,Actual,Internacional,Persona,Sí
186,David Bisbal,Música,Cantante,Muy alta,Fácil,Actual,Internacional,Persona,Sí
187,Estopa,Música,Grupo,Muy alta,Fácil,Actual,Internacional,Grupo,Sí
188,Hombres G,Música,Grupo,Muy alta,Fácil,Clásica,Internacional,Grupo,Sí
189,Mecano,Música,Grupo,Muy alta,Fácil,Clásica,Internacional,Grupo,Sí
190,La Oreja de Van Gogh,Música,Grupo,Muy alta,Fácil,Clásica,Internacional,Grupo,Sí
191,El Canto del Loco,Música,Grupo,Muy alta,Fácil,Clásica,Internacional,Grupo,Sí
192,Maná,Música,Grupo,Muy alta,Fácil,Clásica,Internacional,Grupo,Sí
193,Juanes,Música,Cantante,Muy alta,Fácil,Clásica,Internacional,Persona,Sí
194,Daddy Yankee,Música,Reguetón,Muy alta,Fácil,Clásica,Internacional,Persona,Sí
195,Karol G,Música,Reguetón,Muy alta,Fácil,Actual,Internacional,Persona,Sí
196,J Balvin,Música,Reguetón,Muy alta,Fácil,Actual,Internacional,Persona,Sí
197,Ozuna,Música,Reguetón,Muy alta,Fácil,Actual,Internacional,Persona,Sí
198,Aitana,Música,Cantante,Muy alta,Fácil,Actual,Internacional,Persona,Sí
199,Dua Lipa,Música,Cantante,Muy alta,Fácil,Actual,Internacional,Persona,Sí
200,Taylor Swift,Música,Cantante,Muy alta,Fácil,Actual,Internacional,Persona,Sí
201,Fernando Torres,Deportes,Futbolista,Muy alta,Fácil,Histórica,Internacional,Persona,Sí
202,Andrés Iniesta,Deportes,Futbolista,Muy alta,Fácil,Histórica,Internacional,Persona,Sí
203,Xavi Hernández,Deportes,Futbolista,Muy alta,Fácil,Histórica,Internacional,Persona,Sí
204,Sergio Ramos,Deportes,Futbolista,Muy alta,Fácil,Actual,Internacional,Persona,Sí
205,Zinedine Zidane,Deportes,Futbolista,Muy alta,Fácil,Histórica,Internacional,Persona,Sí
206,Ronaldinho,Deportes,Futbolista,Muy alta,Fácil,Histórica,Internacional,Persona,Sí
207,Neymar,Deportes,Futbolista,Muy alta,Fácil,Actual,Internacional,Persona,Sí
208,Kylian Mbappé,Deportes,Futbolista,Muy alta,Fácil,Actual,Internacional,Persona,Sí
209,Lewis Hamilton,Deportes,Automovilismo,Muy alta,Fácil,Actual,Internacional,Persona,Sí
210,Marc Márquez,Deportes,Motociclismo,Muy alta,Fácil,Actual,Internacional,Persona,Sí
211,Usain Bolt,Deportes,Atletismo,Muy alta,Fácil,Histórica,Internacional,Persona,Sí
212,Michael Phelps,Deportes,Natación,Muy alta,Fácil,Histórica,Internacional,Persona,Sí
213,Tiger Woods,Deportes,Golf,Muy alta,Fácil,Histórica,Internacional,Persona,Sí
214,Pep Guardiola,Deportes,Entrenador,Muy alta,Fácil,Actual,Internacional,Persona,Sí
215,Real Madrid,Deportes,Equipos y clubes,Muy alta,Fácil,Actual,Internacional,Equipo,Sí
216,FC Barcelona,Deportes,Equipos y clubes,Muy alta,Fácil,Actual,Internacional,Equipo,Sí
217,Selección española,Deportes,Equipos y clubes,Muy alta,Fácil,Actual,Internacional,Equipo,Sí
218,Mundial de Fútbol,Deportes,Evento,Muy alta,Fácil,Actual,Internacional,Evento,Sí
219,Juegos Olímpicos,Deportes,Evento,Muy alta,Fácil,Histórica,Internacional,Evento,Sí
220,La Gioconda,Arte,Pintura,Muy alta,Fácil,Histórica,Internacional,Obra,Sí
222,El grito,Arte,Pintura,Alta,Media,Histórica,Internacional,Obra,No
223,Las Meninas,Arte,Pintura,Alta,Media,Histórica,Internacional,Obra,No
224,La última cena,Arte,Pintura,Alta,Media,Histórica,Internacional,Obra,No
226,El pensador,Arte,Escultura,Alta,Media,Histórica,Internacional,Obra,No
227,Romeo y Julieta,Literatura,Obra,Muy alta,Fácil,Histórica,Internacional,Obra,Sí
228,Don Juan,Literatura,Personaje,Alta,Media,Histórica,Internacional,Personaje,No
229,Stephen Hawking,Ciencia,Físico,Muy alta,Fácil,Histórica,Internacional,Persona,Sí
230,Galileo Galilei,Ciencia,Astrónomo,Alta,Media,Histórica,Internacional,Persona,No
231,Nikola Tesla,Ciencia,Inventor,Alta,Media,Histórica,Internacional,Persona,No
232,Thomas Edison,Ciencia,Inventor,Alta,Media,Histórica,Internacional,Persona,No
233,Julio César,Historia,Personaje histórico,Muy alta,Fácil,Histórica,Internacional,Persona,Sí
234,Cristóbal Colón,Historia,Explorador,Muy alta,Fácil,Histórica,Internacional,Persona,Sí
236,Nelson Mandela,Historia,Personaje histórico,Muy alta,Fácil,Histórica,Internacional,Persona,Sí
237,Napoleón,Historia,Personaje histórico,Muy alta,Fácil,Histórica,Internacional,Persona,Sí
238,Torre Eiffel,Lugares,Monumento,Muy alta,Fácil,Histórica,Internacional,Lugar,Sí
239,Sagrada Familia,Lugares,Monumento,Muy alta,Fácil,Histórica,Internacional,Lugar,Sí
240,Estatua de la Libertad,Lugares,Monumento,Muy alta,Fácil,Histórica,Internacional,Lugar,Sí
241,Nueva York,Lugares,Ciudad,Muy alta,Fácil,Actual,Internacional,Lugar,Sí
242,París,Lugares,Ciudad,Muy alta,Fácil,Actual,Internacional,Lugar,Sí
243,Londres,Lugares,Ciudad,Muy alta,Fácil,Actual,Internacional,Lugar,Sí
244,Roma,Lugares,Ciudad,Muy alta,Fácil,Histórica,Internacional,Lugar,Sí
245,Madrid,Lugares,Ciudad,Muy alta,Fácil,Actual,Internacional,Lugar,Sí
246,Barcelona,Lugares,Ciudad,Muy alta,Fácil,Actual,Internacional,Lugar,Sí
247,Egipto,Lugares,País,Muy alta,Fácil,Histórica,Internacional,Lugar,Sí
248,Gran Muralla China,Lugares,Monumento,Muy alta,Fácil,Histórica,Internacional,Lugar,Sí
249,Taj Mahal,Lugares,Monumento,Muy alta,Fácil,Histórica,Internacional,Lugar,Sí
250,Las Vegas,Lugares,Ciudad,Muy alta,Fácil,Actual,Internacional,Lugar,Sí
251,Disneyland,Lugares,Parque temático,Muy alta,Fácil,Actual,Internacional,Lugar,Sí
254,Sonic,Personajes,Videojuegos,Muy alta,Fácil,Actual,Internacional,Personaje,Sí
255,Pac-Man,Personajes,Videojuegos,Muy alta,Fácil,Histórica,Internacional,Personaje,Sí
256,Pikachu,Personajes,Videojuegos,Muy alta,Fácil,Clásica,Internacional,Personaje,Sí
257,Tetris,Videojuegos,Puzzle,Muy alta,Fácil,Histórica,Internacional,Juego,Sí
258,Minecraft,Videojuegos,Sandbox,Muy alta,Fácil,Actual,Internacional,Juego,Sí
259,Fortnite,Videojuegos,Battle royale,Muy alta,Fácil,Actual,Internacional,Juego,Sí
260,PlayStation,Videojuegos,Consola,Muy alta,Fácil,Actual,Internacional,Consola,Sí
261,Coca-Cola,Marcas,Bebida,Muy alta,Fácil,Actual,Internacional,Marca,Sí
262,McDonald's,Marcas,Restauración,Muy alta,Fácil,Actual,Internacional,Marca,Sí
263,Lego,Marcas,Juguetes,Muy alta,Fácil,Actual,Internacional,Marca,Sí
264,Apple,Marcas,Tecnología,Muy alta,Fácil,Actual,Internacional,Marca,Sí
265,Google,Marcas,Tecnología,Muy alta,Fácil,Actual,Internacional,Marca,Sí
266,Netflix,Marcas,Streaming,Muy alta,Fácil,Actual,Internacional,Marca,Sí
267,Amazon,Marcas,Comercio,Muy alta,Fácil,Actual,Internacional,Marca,Sí
268,IKEA,Marcas,Hogar,Muy alta,Fácil,Actual,Internacional,Marca,Sí
269,Nike,Marcas,Deporte,Muy alta,Fácil,Actual,Internacional,Marca,Sí
270,Adidas,Marcas,Deporte,Muy alta,Fácil,Actual,Internacional,Marca,Sí
271,Zara,Marcas,Moda,Muy alta,Fácil,Actual,Internacional,Marca,Sí
272,Disney,Marcas,Entretenimiento,Muy alta,Fácil,Actual,Internacional,Marca,Sí
273,Lucky Luke,Personajes,Cómic,Muy alta,Fácil,Histórica,Internacional,Personaje,Sí
274,Mortadelo,Personajes,Cómic,Muy alta,Fácil,Histórica,Nacional,Personaje,Sí
275,Filemón,Personajes,Cómic,Muy alta,Fácil,Histórica,Nacional,Personaje,Sí
276,Garfield,Personajes,Cómic,Muy alta,Fácil,Histórica,Internacional,Personaje,Sí
277,Snoopy,Personajes,Cómic,Muy alta,Fácil,Histórica,Internacional,Personaje,Sí
278,Charlie Brown,Personajes,Cómic,Muy alta,Fácil,Histórica,Internacional,Personaje,Sí
279,Hello Kitty,Personajes,Animación,Muy alta,Fácil,Histórica,Internacional,Personaje,Sí
280,Pocahontas,Personajes,Animación,Muy alta,Fácil,Histórica,Internacional,Personaje,Sí
281,Jasmine,Personajes,Animación,Muy alta,Fácil,Histórica,Internacional,Personaje,Sí
282,Genio de Aladdín,Personajes,Animación,Muy alta,Fácil,Histórica,Internacional,Personaje,Sí
283,Stitch,Personajes,Animación,Muy alta,Fácil,Actual,Internacional,Personaje,Sí
284,Winnie the Pooh,Personajes,Animación,Muy alta,Fácil,Histórica,Internacional,Personaje,Sí
285,Dumbo,Personajes,Animación,Muy alta,Fácil,Histórica,Internacional,Personaje,Sí
286,Bambi,Personajes,Animación,Muy alta,Fácil,Histórica,Internacional,Personaje,Sí
287,101 dálmatas,Personajes,Animación,Muy alta,Fácil,Histórica,Internacional,Personaje,Sí
288,Cruella de Vil,Personajes,Animación,Muy alta,Fácil,Histórica,Internacional,Personaje,Sí
289,Maléfica,Personajes,Animación,Muy alta,Fácil,Histórica,Internacional,Personaje,Sí
290,Capitán Garfio,Personajes,Animación,Muy alta,Fácil,Histórica,Internacional,Personaje,Sí
291,Pumba,Personajes,Animación,Muy alta,Fácil,Histórica,Internacional,Personaje,Sí
292,Timón,Personajes,Animación,Muy alta,Fácil,Histórica,Internacional,Personaje,Sí
294,Gru,Personajes,Animación,Muy alta,Fácil,Actual,Internacional,Personaje,Sí
295,Minion,Personajes,Animación,Muy alta,Fácil,Actual,Internacional,Personaje,Sí
296,Kung Fu Panda,Personajes,Animación,Muy alta,Fácil,Actual,Internacional,Personaje,Sí
297,Asno,Personajes,Animación,Muy alta,Fácil,Histórica,Internacional,Personaje,Sí
298,Mowgli,Personajes,Animación,Muy alta,Fácil,Histórica,Internacional,Personaje,Sí
299,Baloo,Personajes,Animación,Muy alta,Fácil,Histórica,Internacional,Personaje,Sí
300,Dora la Exploradora,Personajes,Infantil,Muy alta,Fácil,Actual,Internacional,Personaje,Sí
301,Peppa Pig,Personajes,Infantil,Muy alta,Fácil,Actual,Internacional,Personaje,Sí
302,Pocoyó,Personajes,Infantil,Muy alta,Fácil,Actual,Internacional,Personaje,Sí
303,Naruto Uzumaki,Personajes,Anime,Muy alta,Fácil,Actual,Internacional,Personaje,Sí
304,Shin Chan,Personajes,Anime,Muy alta,Fácil,Histórica,Internacional,Personaje,Sí
305,Ash Ketchum,Personajes,Anime,Muy alta,Fácil,Actual,Internacional,Personaje,Sí
306,Doctor Who,Series,Ciencia ficción,Alta,Media,Histórica,Internacional,Serie,No
307,MacGyver,Series,Aventuras,Alta,Media,Clásica,Internacional,Serie,No
308,El Equipo A,Series,Acción,Alta,Media,Histórica,Internacional,Serie,No
309,Los vigilantes de la playa,Series,Drama,Alta,Media,Histórica,Internacional,Serie,No
310,Alf,Series,Comedia,Alta,Media,Clásica,Internacional,Serie,No
311,Malcolm,Series,Comedia,Alta,Media,Histórica,Internacional,Serie,No
312,Modern Family,Series,Comedia,Muy alta,Fácil,Histórica,Internacional,Serie,Sí
313,Mujeres desesperadas,Series,Drama,Alta,Media,Histórica,Internacional,Serie,No
314,Sexo en Nueva York,Series,Comedia,Alta,Media,Histórica,Internacional,Serie,No
315,Anatomía de Grey,Series,Drama,Alta,Media,Actual,Internacional,Serie,No
316,House,Series,Drama,Alta,Media,Histórica,Internacional,Serie,No
317,Dexter,Series,Drama,Alta,Media,Histórica,Internacional,Serie,No
318,Peaky Blinders,Series,Drama,Alta,Media,Histórica,Internacional,Serie,No
319,The Witcher,Series,Fantasía,Alta,Media,Actual,Internacional,Serie,No
320,Narcos,Series,Drama,Alta,Media,Actual,Internacional,Serie,No
321,Los Bridgerton,Series,Romántica,Alta,Media,Actual,Internacional,Serie,No
322,The Mandalorian,Series,Ciencia ficción,Alta,Media,Actual,Internacional,Serie,No
323,The Boys,Series,Superhéroes,Alta,Media,Actual,Internacional,Serie,No
324,Vis a Vis,Series,Drama,Muy alta,Fácil,Actual,Internacional,Serie,No
325,Entrevías,Series,Drama,Alta,Media,Actual,Internacional,Serie,No
326,Machos Alfa,Series,Comedia,Muy alta,Fácil,Clásica,Internacional,Serie,Sí
327,Veneno,Series,Drama,Alta,Media,Actual,Internacional,Serie,No
328,Fariña,Series,Drama,Alta,Media,Histórica,Internacional,Serie,No
329,D'Artacán y los tres mosqueperros,Series,Animación,Alta,Media,Histórica,Internacional,Serie,No
330,Ben-Hur,Películas,Histórica,Alta,Media,Histórica,Internacional,Película,No
331,Con faldas y a lo loco,Películas,Comedia,Alta,Media,Histórica,Internacional,Película,No
332,Psicosis,Películas,Terror,Alta,Media,Histórica,Internacional,Película,No
333,El resplandor,Películas,Terror,Alta,Media,Histórica,Internacional,Película,No
334,El exorcista,Películas,Terror,Alta,Media,Histórica,Internacional,Película,No
335,Scream,Películas,Terror,Muy alta,Fácil,Histórica,Internacional,Película,No
336,Saw,Películas,Terror,Muy alta,Fácil,Histórica,Internacional,Película,No
338,El silencio de los corderos,Películas,Thriller,Alta,Media,Histórica,Internacional,Película,No
339,Seven,Películas,Thriller,Alta,Media,Histórica,Internacional,Película,No
340,Robin Hood,Películas,Aventuras,Muy alta,Fácil,Histórica,Internacional,Película,Sí
341,El último samurái,Películas,Aventuras,Media,Difícil,Histórica,Internacional,Película,No
342,Pearl Harbor,Películas,Drama,Alta,Media,Histórica,Internacional,Película,No
343,Armageddon,Películas,Ciencia ficción,Alta,Media,Histórica,Internacional,Película,No
344,Independence Day,Películas,Ciencia ficción,Alta,Media,Histórica,Internacional,Película,No
345,Men in Black,Películas,Ciencia ficción,Alta,Media,Histórica,Internacional,Película,No
346,Jumanji,Películas,Aventuras,Muy alta,Fácil,Histórica,Internacional,Película,Sí
347,La máscara,Películas,Comedia,Muy alta,Fácil,Histórica,Internacional,Película,Sí
348,Ace Ventura,Películas,Comedia,Alta,Media,Histórica,Internacional,Película,No
349,Dos tontos muy tontos,Películas,Comedia,Alta,Media,Histórica,Internacional,Película,No
350,American Pie,Películas,Comedia,Alta,Media,Histórica,Internacional,Película,No
351,Scary Movie,Películas,Comedia,Alta,Media,Histórica,Internacional,Película,No
352,El diario de Bridget Jones,Películas,Romántica,Alta,Media,Histórica,Internacional,Película,No
353,Notting Hill,Películas,Romántica,Alta,Media,Histórica,Internacional,Película,No
354,Love Actually,Películas,Romántica,Alta,Media,Histórica,Internacional,Película,No
355,Mamma Mia!,Películas,Musical,Muy alta,Fácil,Histórica,Internacional,Película,Sí
356,El guardaespaldas,Películas,Romántica,Alta,Media,Histórica,Internacional,Película,No
357,Moulin Rouge!,Películas,Musical,Alta,Media,Histórica,Internacional,Película,No
358,Chicago,Películas,Musical,Media,Difícil,Histórica,Internacional,Película,No
359,Karate Kid,Películas,Deportes,Muy alta,Fácil,Histórica,Internacional,Película,Sí
360,Million Dollar Baby,Películas,Deportes,Media,Difícil,Histórica,Internacional,Película,No
361,Space Jam,Películas,Deportes,Muy alta,Fácil,Histórica,Internacional,Película,Sí
362,Rambo,Películas,Acción,Muy alta,Fácil,Histórica,Internacional,Película,No
364,James Bond,Películas,Espionaje,Muy alta,Fácil,Histórica,Internacional,Película,Sí
366,Kingsman,Películas,Espionaje,Media,Difícil,Actual,Internacional,Película,No
367,Mad Max,Películas,Acción,Media,Difícil,Histórica,Internacional,Película,No
368,Dune,Películas,Ciencia ficción,Muy alta,Fácil,Actual,Internacional,Película,Sí
370,Blade Runner,Películas,Ciencia ficción,Alta,Media,Histórica,Internacional,Película,No
371,Godzilla,Películas,Ciencia ficción,Muy alta,Fácil,Histórica,Internacional,Película,Sí
372,Phil Collins,Música,Cantante,Alta,Media,Histórica,Internacional,Persona,No
373,George Michael,Música,Cantante,Alta,Media,Histórica,Internacional,Persona,No
374,Prince,Música,Cantante,Alta,Media,Histórica,Internacional,Persona,No
375,Whitney Houston,Música,Cantante,Muy alta,Fácil,Histórica,Internacional,Persona,Sí
376,Céline Dion,Música,Cantante,Muy alta,Fácil,Actual,Internacional,Persona,Sí
377,Mariah Carey,Música,Cantante,Muy alta,Fácil,Actual,Internacional,Persona,Sí
378,Tina Turner,Música,Cantante,Alta,Media,Histórica,Internacional,Persona,No
379,Cher,Música,Cantante,Alta,Media,Histórica,Internacional,Persona,No
380,Aretha Franklin,Música,Cantante,Alta,Media,Histórica,Internacional,Persona,No
381,Bob Marley,Música,Cantante,Muy alta,Fácil,Histórica,Internacional,Persona,Sí
382,Bruce Springsteen,Música,Cantante,Alta,Media,Histórica,Internacional,Persona,No
383,Johnny Cash,Música,Cantante,Alta,Media,Histórica,Internacional,Persona,No
384,Frank Sinatra,Música,Cantante,Muy alta,Fácil,Histórica,Internacional,Persona,Sí
385,Amy Winehouse,Música,Cantante,Alta,Media,Histórica,Internacional,Persona,No
386,Avril Lavigne,Música,Cantante,Alta,Media,Histórica,Internacional,Persona,No
387,Christina Aguilera,Música,Cantante,Alta,Media,Histórica,Internacional,Persona,No
388,Justin Timberlake,Música,Cantante,Alta,Media,Actual,Internacional,Persona,No
389,Justin Bieber,Música,Cantante,Muy alta,Fácil,Actual,Internacional,Persona,Sí
390,Ed Sheeran,Música,Cantante,Muy alta,Fácil,Actual,Internacional,Persona,Sí
391,Bruno Mars,Música,Cantante,Muy alta,Fácil,Actual,Internacional,Persona,Sí
392,The Weeknd,Música,Cantante,Muy alta,Fácil,Actual,Internacional,Persona,Sí
393,Miley Cyrus,Música,Cantante,Muy alta,Fácil,Actual,Internacional,Persona,Sí
394,Billie Eilish,Música,Cantante,Muy alta,Fácil,Actual,Internacional,Persona,Sí
395,Cyndi Lauper,Música,Cantante,Media,Difícil,Histórica,Internacional,Persona,No
396,Bon Jovi,Música,Grupo,Muy alta,Fácil,Histórica,Internacional,Grupo,Sí
397,Guns N' Roses,Música,Grupo,Alta,Media,Histórica,Internacional,Grupo,No
398,Aerosmith,Música,Grupo,Alta,Media,Histórica,Internacional,Grupo,No
399,Red Hot Chili Peppers,Música,Grupo,Alta,Media,Histórica,Internacional,Grupo,No
400,Green Day,Música,Grupo,Alta,Media,Histórica,Internacional,Grupo,No
401,Linkin Park,Música,Grupo,Alta,Media,Histórica,Internacional,Grupo,No
402,The Police,Música,Grupo,Media,Difícil,Histórica,Internacional,Grupo,No
403,Depeche Mode,Música,Grupo,Media,Difícil,Histórica,Internacional,Grupo,No
404,Roxette,Música,Grupo,Media,Difícil,Histórica,Internacional,Grupo,No
405,Eurythmics,Música,Grupo,Media,Difícil,Histórica,Internacional,Grupo,No
406,Boney M.,Música,Grupo,Media,Difícil,Histórica,Internacional,Grupo,No
407,Village People,Música,Grupo,Media,Difícil,Histórica,Internacional,Grupo,No
408,Dire Straits,Música,Grupo,Media,Difícil,Histórica,Internacional,Grupo,No
409,R.E.M.,Música,Grupo,Media,Difícil,Histórica,Internacional,Grupo,No
410,The Cranberries,Música,Grupo,Alta,Media,Histórica,Internacional,Grupo,No
411,Nino Bravo,Música,Cantante,Muy alta,Fácil,Histórica,Nacional,Persona,Sí
412,Camilo Sesto,Música,Cantante,Muy alta,Fácil,Histórica,Nacional,Persona,Sí
413,Rocío Jurado,Música,Cantante,Muy alta,Fácil,Histórica,Nacional,Persona,Sí
414,Lola Flores,Música,Cantante,Muy alta,Fácil,Histórica,Nacional,Persona,Sí
415,Isabel Pantoja,Música,Cantante,Muy alta,Fácil,Actual,Nacional,Persona,Sí
416,Raphael,Música,Cantante,Muy alta,Fácil,Histórica,Nacional,Persona,Sí
417,Joan Manuel Serrat,Música,Cantante,Alta,Media,Histórica,Nacional,Persona,No
418,Joaquín Sabina,Música,Cantante,Muy alta,Fácil,Actual,Nacional,Persona,Sí
419,Leiva,Música,Cantante,Muy alta,Fácil,Actual,Nacional,Persona,Sí
420,Melendi,Música,Cantante,Muy alta,Fácil,Actual,Nacional,Persona,Sí
421,Pablo Alborán,Música,Cantante,Muy alta,Fácil,Actual,Nacional,Persona,Sí
422,Amaia,Música,Cantante,Muy alta,Fácil,Actual,Nacional,Persona,Sí
423,Lola Índigo,Música,Cantante,Muy alta,Fácil,Actual,Nacional,Persona,Sí
424,Quevedo,Música,Cantante,Muy alta,Fácil,Actual,Nacional,Persona,Sí
425,Bad Gyal,Música,Reguetón,Muy alta,Fácil,Actual,Nacional,Persona,No
426,Zlatan Ibrahimović,Deportes,Futbolista,Alta,Media,Actual,Internacional,Persona,Sí
427,David Beckham,Deportes,Futbolista,Muy alta,Fácil,Histórica,Internacional,Persona,Sí
428,Wayne Rooney,Deportes,Futbolista,Alta,Media,Histórica,Internacional,Persona,Sí
429,Luis Figo,Deportes,Futbolista,Alta,Media,Histórica,Internacional,Persona,Sí
430,Roberto Carlos,Deportes,Futbolista,Alta,Media,Histórica,Internacional,Persona,Sí
431,Raúl González,Deportes,Futbolista,Muy alta,Fácil,Histórica,Internacional,Persona,Sí
432,Carles Puyol,Deportes,Futbolista,Muy alta,Fácil,Histórica,Internacional,Persona,Sí
433,Gerard Piqué,Deportes,Futbolista,Muy alta,Fácil,Histórica,Internacional,Persona,Sí
434,Sergio Busquets,Deportes,Futbolista,Alta,Media,Histórica,Internacional,Persona,Sí
435,David Villa,Deportes,Futbolista,Muy alta,Fácil,Histórica,Internacional,Persona,Sí
436,Luis Suárez,Deportes,Futbolista,Muy alta,Fácil,Actual,Internacional,Persona,Sí
437,Karim Benzema,Deportes,Futbolista,Muy alta,Fácil,Actual,Internacional,Persona,Sí
438,Erling Haaland,Deportes,Futbolista,Muy alta,Fácil,Actual,Internacional,Persona,Sí
439,Vinícius Júnior,Deportes,Futbolista,Muy alta,Fácil,Actual,Internacional,Persona,Sí
440,Luka Modrić,Deportes,Futbolista,Muy alta,Fácil,Actual,Internacional,Persona,Sí
441,Alberto Contador,Deportes,Ciclismo,Muy alta,Fácil,Histórica,Internacional,Persona,Sí
442,Miguel Induráin,Deportes,Ciclismo,Muy alta,Fácil,Histórica,Internacional,Persona,Sí
443,Carlos Sainz,Deportes,Automovilismo,Muy alta,Fácil,Actual,Internacional,Persona,Sí
444,Jorge Lorenzo,Deportes,Motociclismo,Muy alta,Fácil,Histórica,Internacional,Persona,Sí
445,Simone Biles,Deportes,Gimnasia,Muy alta,Fácil,Actual,Internacional,Persona,Sí
446,Nadia Comăneci,Deportes,Gimnasia,Media,Difícil,Histórica,Internacional,Persona,No
447,Muhammad Ali,Deportes,Boxeo,Muy alta,Fácil,Histórica,Internacional,Persona,Sí
448,Mike Tyson,Deportes,Boxeo,Muy alta,Fácil,Histórica,Internacional,Persona,Sí
449,Tour de Francia,Deportes,Ciclismo,Muy alta,Fácil,Histórica,Internacional,Evento,Sí
451,Joan Miró,Arte,Pintor,Alta,Media,Histórica,Internacional,Persona,No
452,Diego Velázquez,Arte,Pintor,Alta,Media,Histórica,Internacional,Persona,No
453,Francisco de Goya,Arte,Pintor,Alta,Media,Histórica,Internacional,Persona,No
454,Andy Warhol,Arte,Artista,Alta,Media,Histórica,Internacional,Persona,No
455,Banksy,Arte,Artista,Alta,Media,Actual,Internacional,Persona,No
456,Miguel Ángel,Arte,Artista,Muy alta,Fácil,Histórica,Internacional,Persona,Sí
457,Venus de Milo,Arte,Escultura,Alta,Media,Histórica,Internacional,Obra,No
458,Capilla Sixtina,Arte,Arquitectura,Alta,Media,Histórica,Internacional,Obra,No
459,Alejandro Magno,Historia,Personaje histórico,Muy alta,Fácil,Histórica,Internacional,Persona,Sí
460,Mahatma Gandhi,Historia,Personaje histórico,Muy alta,Fácil,Histórica,Internacional,Persona,Sí
461,Martin Luther King,Historia,Activista,Muy alta,Fácil,Histórica,Internacional,Persona,Sí
462,Abraham Lincoln,Historia,Presidente,Muy alta,Fácil,Histórica,Internacional,Persona,Sí
463,George Washington,Historia,Presidente,Alta,Media,Histórica,Internacional,Persona,No
464,Reina Isabel II,Historia,Monarquía,Muy alta,Fácil,Histórica,Internacional,Persona,Sí
465,Federico García Lorca,Literatura,Escritor,Alta,Media,Histórica,Internacional,Persona,No
466,Oscar Wilde,Literatura,Escritor,Alta,Media,Histórica,Internacional,Persona,No
467,Charles Dickens,Literatura,Escritor,Alta,Media,Histórica,Internacional,Persona,No
468,Julio Verne,Literatura,Escritor,Alta,Media,Histórica,Internacional,Persona,No
469,Dan Brown,Literatura,Escritor,Alta,Media,Actual,Internacional,Persona,No
470,Stephen King,Literatura,Escritor,Alta,Media,Actual,Internacional,Persona,No
471,Big Ben,Lugares,Monumento,Muy alta,Fácil,Histórica,Internacional,Lugar,Sí
472,Coliseo de Roma,Lugares,Monumento,Muy alta,Fácil,Histórica,Internacional,Lugar,Sí
473,Pirámides de Giza,Lugares,Monumento,Muy alta,Fácil,Histórica,Internacional,Lugar,Sí
474,Machu Picchu,Lugares,Monumento,Muy alta,Fácil,Histórica,Internacional,Lugar,Sí
475,Cristo Redentor,Lugares,Monumento,Muy alta,Fácil,Histórica,Internacional,Lugar,Sí
476,Canal de Panamá,Lugares,Infraestructura,Media,Difícil,Histórica,Internacional,Lugar,No
477,Monte Everest,Lugares,Naturaleza,Muy alta,Fácil,Actual,Internacional,Lugar,Sí
478,Desierto del Sáhara,Lugares,Naturaleza,Muy alta,Fácil,Actual,Internacional,Lugar,Sí
480,Islas Canarias,Lugares,Destino,Muy alta,Fácil,Actual,Internacional,Lugar,Sí
481,Pokémon Go,Videojuegos,Móvil,Muy alta,Fácil,Clásica,Internacional,Juego,Sí
482,Wii,Videojuegos,Consola,Muy alta,Fácil,Histórica,Internacional,Consola,Sí
483,Xbox,Videojuegos,Consola,Muy alta,Fácil,Actual,Internacional,Consola,Sí
484,Nintendo,Videojuegos,Empresa,Muy alta,Fácil,Actual,Internacional,Marca,Sí
485,Zelda,Videojuegos,Aventura,Muy alta,Fácil,Histórica,Internacional,Saga,Sí
486,Ferrari,Marcas,Automoción,Muy alta,Fácil,Actual,Internacional,Marca,Sí
487,Mercedes-Benz,Marcas,Automoción,Muy alta,Fácil,Actual,Internacional,Marca,Sí
488,Volkswagen,Marcas,Automoción,Muy alta,Fácil,Actual,Internacional,Marca,Sí
489,Toyota,Marcas,Automoción,Muy alta,Fácil,Actual,Internacional,Marca,Sí
490,SEAT,Marcas,Automoción,Muy alta,Fácil,Actual,Internacional,Marca,Sí
491,Renault,Marcas,Automoción,Muy alta,Fácil,Actual,Internacional,Marca,Sí
492,Burger King,Marcas,Restauración,Muy alta,Fácil,Actual,Internacional,Marca,Sí
493,Starbucks,Marcas,Restauración,Muy alta,Fácil,Actual,Internacional,Marca,Sí
494,Pringles,Marcas,Alimentación,Muy alta,Fácil,Actual,Internacional,Marca,Sí
495,Nutella,Marcas,Alimentación,Muy alta,Fácil,Actual,Internacional,Marca,Sí
496,Kinder,Marcas,Alimentación,Muy alta,Fácil,Actual,Internacional,Marca,Sí
497,Nesquik,Marcas,Alimentación,Muy alta,Fácil,Actual,Internacional,Marca,Sí
498,Colacao,Marcas,Alimentación,Muy alta,Fácil,Actual,Nacional,Marca,Sí
499,Chupa Chups,Marcas,Alimentación,Muy alta,Fácil,Histórica,Internacional,Marca,Sí
500,Donuts,Marcas,Alimentación,Muy alta,Fácil,Actual,Internacional,Marca,Sí
501,Zeus,Mitología,Mitología griega,Muy alta,Fácil,Histórica,Internacional,Personaje,Sí
502,Afrodita,Mitología,Mitología griega,Muy alta,Fácil,Histórica,Internacional,Personaje,Sí
503,Hércules,Mitología,Mitología griega,Muy alta,Fácil,Histórica,Internacional,Personaje,Sí
504,Medusa,Mitología,Mitología griega,Muy alta,Fácil,Histórica,Internacional,Personaje,Sí
505,Poseidón,Mitología,Mitología griega,Muy alta,Fácil,Histórica,Internacional,Personaje,Sí
506,Hades,Mitología,Mitología griega,Alta,Media,Histórica,Internacional,Personaje,Sí
507,Cupido,Mitología,Mitología romana,Muy alta,Fácil,Histórica,Internacional,Personaje,Sí
508,El planeta de los simios,Películas,Ciencia ficción,Alta,Media,Histórica,Internacional,Película,No
509,2001: Una odisea del espacio,Películas,Ciencia ficción,Media,Difícil,Histórica,Internacional,Película,No
510,Encuentros en la tercera fase,Películas,Ciencia ficción,Media,Difícil,Histórica,Internacional,Película,No
515,Guardianes de la galaxia,Películas,Superhéroes,Muy alta,Fácil,Actual,Internacional,Película,Sí
516,Black Panther,Películas,Superhéroes,Muy alta,Fácil,Actual,Internacional,Película,Sí
517,Doctor Strange,Películas,Superhéroes,Muy alta,Fácil,Actual,Internacional,Película,Sí
518,Capitana Marvel,Películas,Superhéroes,Muy alta,Fácil,Actual,Internacional,Película,Sí
519,Deadpool,Películas,Superhéroes,Muy alta,Fácil,Actual,Internacional,Película,No
520,Logan,Películas,Superhéroes,Media,Difícil,Actual,Internacional,Película,No
521,X-Men,Películas,Superhéroes,Muy alta,Fácil,Histórica,Internacional,Película,Sí
522,Los cuatro fantásticos,Películas,Superhéroes,Alta,Media,Histórica,Internacional,Película,No
523,Aquaman,Películas,Superhéroes,Muy alta,Fácil,Actual,Internacional,Película,Sí
524,Escuadrón Suicida,Películas,Superhéroes,Muy alta,Fácil,Actual,Internacional,Película,No
525,West Side Story,Películas,Musical,Media,Difícil,Histórica,Internacional,Película,No
526,El mago de Oz,Películas,Fantasía,Muy alta,Fácil,Histórica,Internacional,Película,Sí
527,Sonrisas y lágrimas,Películas,Musical,Alta,Media,Histórica,Internacional,Película,No
528,Cantando bajo la lluvia,Películas,Musical,Media,Difícil,Histórica,Internacional,Película,No
529,La La Land,Películas,Musical,Alta,Media,Actual,Internacional,Película,No
530,El gran showman,Películas,Musical,Alta,Media,Actual,Internacional,Película,No
531,Bohemian Rhapsody,Películas,Musical,Muy alta,Fácil,Actual,Internacional,Película,Sí
532,Mujeres al borde de un ataque de nervios,Películas,Comedia española,Alta,Media,Histórica,Internacional,Película,No
533,¿Qué he hecho yo para merecer esto?,Películas,Comedia española,Media,Difícil,Histórica,Nacional,Película,No
534,Todo sobre mi madre,Películas,Drama español,Alta,Media,Histórica,Internacional,Película,No
535,Hable con ella,Películas,Drama español,Media,Difícil,Actual,Internacional,Película,No
536,Tesis,Películas,Thriller español,Alta,Media,Histórica,Nacional,Película,No
537,Abre los ojos,Películas,Ciencia ficción española,Alta,Media,Histórica,Internacional,Película,No
538,Las brujas de Zugarramurdi,Películas,Comedia española,Alta,Media,Actual,Nacional,Película,No
539,Spanish Movie,Películas,Comedia española,Media,Difícil,Histórica,Nacional,Película,No
540,Primos,Películas,Comedia española,Media,Difícil,Actual,Nacional,Película,No
541,La comunidad,Películas,Comedia española,Alta,Media,Histórica,Nacional,Película,No
542,El día de la bestia,Películas,Comedia española,Alta,Media,Histórica,Nacional,Película,No
543,Los santos inocentes,Películas,Drama español,Media,Difícil,Histórica,Nacional,Película,No
544,La lengua de las mariposas,Películas,Drama español,Media,Difícil,Histórica,Nacional,Película,No
546,Los Soprano,Series,Drama,Alta,Media,Histórica,Internacional,Serie,No
547,Better Call Saul,Series,Drama,Alta,Media,Actual,Internacional,Serie,No
548,Sherlock,Series,Misterio,Alta,Media,Histórica,Internacional,Serie,No
549,Downton Abbey,Series,Drama,Alta,Media,Histórica,Internacional,Serie,No
550,Chernobyl,Series,Drama histórico,Alta,Media,Actual,Internacional,Serie,No
551,El juego del calamar,Series,Thriller,Muy alta,Fácil,Actual,Internacional,Serie,No
553,Cobra Kai,Series,Artes marciales,Alta,Media,Actual,Internacional,Serie,No
555,Loki,Series,Superhéroes,Alta,Media,Actual,Internacional,Serie,No
556,WandaVision,Series,Superhéroes,Alta,Media,Actual,Internacional,Serie,No
557,Daredevil,Series,Superhéroes,Alta,Media,Histórica,Internacional,Serie,No
558,Cómo conocí a vuestra madre,Series,Comedia,Muy alta,Fácil,Histórica,Internacional,Serie,Sí
559,Dos hombres y medio,Series,Comedia,Alta,Media,Histórica,Internacional,Serie,No
560,Brooklyn Nine-Nine,Series,Comedia,Alta,Media,Actual,Internacional,Serie,No
561,Ana y los 7,Series,Comedia española,Alta,Media,Histórica,Nacional,Serie,No
562,Amar en tiempos revueltos,Series,Drama español,Alta,Media,Actual,Nacional,Serie,No
563,El secreto de Puente Viejo,Series,Drama español,Alta,Media,Actual,Nacional,Serie,No
564,Velvet,Series,Drama español,Muy alta,Fácil,Actual,Nacional,Serie,Sí
565,La catedral del mar,Series,Drama histórico español,Alta,Media,Actual,Nacional,Serie,No
566,El tiempo entre costuras,Series,Drama histórico español,Alta,Media,Actual,Nacional,Serie,No
567,Estoy vivo,Series,Ciencia ficción española,Alta,Media,Actual,Nacional,Serie,No
568,El pueblo,Series,Comedia española,Alta,Media,Actual,Nacional,Serie,No
570,Minnie Mouse,Personajes,Animación,Muy alta,Fácil,Histórica,Internacional,Personaje,Sí
571,Pluto,Personajes,Animación,Muy alta,Fácil,Histórica,Internacional,Personaje,Sí
572,Olivia,Personajes,Cómic,Muy alta,Fácil,Histórica,Internacional,Personaje,Sí
573,Betty Boop,Personajes,Animación,Media,Difícil,Histórica,Internacional,Personaje,No
574,La Pantera Rosa,Personajes,Animación,Muy alta,Fácil,Histórica,Internacional,Personaje,Sí
575,Wally,Personajes,Literatura infantil,Muy alta,Fácil,Histórica,Internacional,Personaje,Sí
576,Vilma Picapiedra,Personajes,Animación,Muy alta,Fácil,Histórica,Internacional,Personaje,Sí
577,Pedro Picapiedra,Personajes,Animación,Muy alta,Fácil,Histórica,Internacional,Personaje,Sí
578,Tiburón,Películas,Thriller,Muy alta,Fácil,Histórica,Internacional,Película,No
580,Wall-E,Películas,Animación,Muy alta,Fácil,Histórica,Internacional,Película,Sí
581,Enredados,Películas,Animación,Muy alta,Fácil,Actual,Internacional,Película,Sí
582,El libro de la selva,Películas,Animación,Muy alta,Fácil,Histórica,Internacional,Película,Sí
583,Alicia en el País de las Maravillas,Películas,Animación,Muy alta,Fácil,Histórica,Internacional,Película,Sí
584,Blancanieves y los siete enanitos,Películas,Animación,Muy alta,Fácil,Histórica,Internacional,Película,Sí
585,Tarzán,Películas,Animación,Muy alta,Fácil,Histórica,Internacional,Película,Sí
586,Pesadilla antes de Navidad,Películas,Animación,Alta,Media,Histórica,Internacional,Película,No
587,Eduardo Manostijeras,Películas,Fantasía,Alta,Media,Histórica,Internacional,Película,No
588,Charlie y la fábrica de chocolate,Películas,Fantasía,Muy alta,Fácil,Histórica,Internacional,Película,Sí
589,El Hobbit,Películas,Fantasía,Muy alta,Fácil,Histórica,Internacional,Película,Sí
590,Las crónicas de Narnia,Películas,Fantasía,Muy alta,Fácil,Histórica,Internacional,Película,Sí
591,King Kong,Películas,Aventura,Muy alta,Fácil,Histórica,Internacional,Película,Sí
592,Los cazafantasmas,Películas,Comedia,Muy alta,Fácil,Histórica,Internacional,Película,Sí
593,La jungla de cristal,Películas,Acción,Alta,Media,Histórica,Internacional,Película,No
594,Origen,Películas,Ciencia ficción,Alta,Media,Actual,Internacional,Película,No
595,El quinto elemento,Películas,Ciencia ficción,Media,Difícil,Histórica,Internacional,Película,No
597,Robocop,Películas,Ciencia ficción,Alta,Media,Histórica,Internacional,Película,No
598,Gremlins,Películas,Comedia,Alta,Media,Histórica,Internacional,Película,No
599,Beetlejuice,Películas,Comedia,Alta,Media,Histórica,Internacional,Película,No
600,La princesa prometida,Películas,Aventura,Alta,Media,Histórica,Internacional,Película,No
601,Cuando Harry encontró a Sally,Películas,Romance,Alta,Media,Histórica,Internacional,Película,No
602,El diario de Noa,Películas,Romance,Alta,Media,Histórica,Internacional,Película,No
603,Tres metros sobre el cielo,Películas,Romance,Alta,Media,Actual,Nacional,Película,No
604,Ocho apellidos vascos,Películas,Comedia española,Muy alta,Fácil,Actual,Nacional,Película,Sí
605,Ocho apellidos catalanes,Películas,Comedia española,Alta,Media,Actual,Nacional,Película,No
606,"Bienvenido, Mister Marshall",Películas,Comedia española,Alta,Media,Histórica,Nacional,Película,No
607,La escopeta nacional,Películas,Comedia española,Media,Difícil,Histórica,Nacional,Película,No
608,"Amanece, que no es poco",Películas,Comedia española,Media,Difícil,Histórica,Nacional,Película,No
609,Airbag,Películas,Comedia española,Alta,Media,Histórica,Nacional,Película,No
610,Torrente,Películas,Comedia española,Muy alta,Fácil,Actual,Nacional,Película,No
611,El orfanato,Películas,Terror español,Alta,Media,Actual,Internacional,Película,No
612,REC,Películas,Terror español,Alta,Media,Actual,Internacional,Película,No
613,Mar adentro,Películas,Drama español,Alta,Media,Actual,Internacional,Película,No
614,Volver,Películas,Drama español,Alta,Media,Actual,Internacional,Película,No
615,La sociedad de la nieve,Películas,Drama,Alta,Media,Actual,Internacional,Película,No
616,Campeones,Películas,Comedia española,Muy alta,Fácil,Actual,Nacional,Película,Sí
617,El laberinto del fauno,Películas,Fantasía,Alta,Media,Actual,Internacional,Película,No
618,Los otros,Películas,Terror,Alta,Media,Actual,Internacional,Película,No
619,Celda 211,Películas,Thriller español,Media,Difícil,Actual,Nacional,Película,No
620,Contratiempo,Películas,Thriller español,Alta,Media,Actual,Internacional,Película,No
621,Perfectos desconocidos,Películas,Comedia española,Alta,Media,Actual,Nacional,Película,No
622,South Park,Series,Animación,Alta,Media,Actual,Internacional,Serie,No
623,Padre de familia,Series,Animación,Muy alta,Fácil,Actual,Internacional,Serie,No
624,Futurama,Series,Animación,Alta,Media,Actual,Internacional,Serie,No
625,Los Picapiedra,Series,Animación,Muy alta,Fácil,Histórica,Internacional,Serie,Sí
626,Los Supersónicos,Series,Animación,Alta,Media,Histórica,Internacional,Serie,No
627,Tom y Jerry,Series,Animación,Muy alta,Fácil,Histórica,Internacional,Serie,Sí
628,Inspector Gadget,Series,Animación,Alta,Media,Histórica,Internacional,Serie,No
629,He-Man y los Masters del Universo,Series,Animación,Alta,Media,Histórica,Internacional,Serie,No
630,Las Tortugas Ninja,Series,Animación,Muy alta,Fácil,Clásica,Internacional,Serie,Sí
631,Pokémon,Series,Animación,Muy alta,Fácil,Actual,Internacional,Serie,Sí
632,Digimon,Series,Animación,Alta,Media,Clásica,Internacional,Serie,No
633,One Piece,Series,Anime,Alta,Media,Actual,Internacional,Serie,No
634,Ataque a los titanes,Series,Anime,Alta,Media,Actual,Internacional,Serie,No
637,Oliver y Benji,Series,Anime,Muy alta,Fácil,Clásica,Internacional,Serie,Sí
638,Mazinger Z,Series,Anime,Alta,Media,Clásica,Internacional,Serie,No
639,Marco,Series,Infantil,Alta,Media,Clásica,Internacional,Serie,No
640,La abeja Maya,Series,Infantil,Alta,Media,Clásica,Internacional,Serie,No
641,Los Lunnis,Series,Infantil española,Muy alta,Fácil,Histórica,Nacional,Serie,Sí
642,Al salir de clase,Series,Drama juvenil español,Alta,Media,Histórica,Nacional,Serie,No
643,El barco,Series,Aventura española,Muy alta,Fácil,Actual,Nacional,Serie,Sí
644,Gran Hotel,Series,Drama español,Alta,Media,Actual,Nacional,Serie,No
646,Capitán Haddock,Personajes,Cómic,Muy alta,Fácil,Histórica,Internacional,Personaje,Sí
647,Papá Pitufo,Personajes,Cómic,Muy alta,Fácil,Histórica,Internacional,Personaje,Sí
648,Monkey D. Luffy,Personajes,Anime,Media,Difícil,Actual,Internacional,Personaje,No
649,Son Goku,Personajes,Anime,Muy alta,Fácil,Histórica,Internacional,Personaje,Sí
650,Piccolo,Personajes,Anime,Muy alta,Fácil,Histórica,Internacional,Personaje,Sí
651,Seiya de Pegaso,Personajes,Anime,Media,Difícil,Histórica,Internacional,Personaje,No
652,Mario,Personajes,Videojuegos,Muy alta,Fácil,Histórica,Internacional,Personaje,Sí
653,Luigi,Personajes,Videojuegos,Muy alta,Fácil,Histórica,Internacional,Personaje,Sí
654,Princesa Peach,Personajes,Videojuegos,Muy alta,Fácil,Histórica,Internacional,Personaje,Sí
655,Link,Personajes,Videojuegos,Alta,Media,Histórica,Internacional,Personaje,Sí
656,Lara Croft,Personajes,Videojuegos,Muy alta,Fácil,Histórica,Internacional,Personaje,Sí
657,Luke Skywalker,Personajes,Película,Muy alta,Fácil,Histórica,Internacional,Personaje,Sí
658,Yoda,Personajes,Película,Muy alta,Fácil,Histórica,Internacional,Personaje,Sí
659,Chewbacca,Personajes,Película,Muy alta,Fácil,Histórica,Internacional,Personaje,Sí
660,C-3PO,Personajes,Película,Alta,Media,Histórica,Internacional,Personaje,Sí
661,R2-D2,Personajes,Película,Alta,Media,Histórica,Internacional,Personaje,Sí
662,John McClane,Personajes,Película,Alta,Media,Histórica,Internacional,Personaje,No
663,Jack Sparrow,Personajes,Película,Muy alta,Fácil,Histórica,Internacional,Personaje,Sí
665,Hannibal Lecter,Personajes,Cine y literatura,Alta,Media,Histórica,Internacional,Personaje,No
666,Norman Bates,Personajes,Película,Media,Difícil,Histórica,Internacional,Personaje,No
667,Vito Corleone,Personajes,Película,Alta,Media,Histórica,Internacional,Personaje,No
668,Lobezno,Personajes,Cómic y cine,Muy alta,Fácil,Histórica,Internacional,Personaje,No
669,Marty McFly,Personajes,Película,Muy alta,Fácil,Histórica,Internacional,Personaje,Sí
670,Doc Brown,Personajes,Película,Media,Difícil,Histórica,Internacional,Personaje,No
671,Mary Poppins,Personajes,Película,Muy alta,Fácil,Histórica,Internacional,Personaje,Sí
672,Willy Wonka,Personajes,Cine y literatura,Muy alta,Fácil,Histórica,Internacional,Personaje,Sí
673,Pippi Calzaslargas,Personajes,Literatura y TV,Muy alta,Fácil,Histórica,Internacional,Personaje,Sí
674,Michael Schumacher,Deportes,Automovilismo,Muy alta,Fácil,Histórica,Internacional,Persona,Sí
675,Fernando Morientes,Deportes,Futbolista,Alta,Media,Histórica,Internacional,Persona,Sí
676,José Mourinho,Deportes,Entrenador,Alta,Media,Actual,Internacional,Persona,Sí
677,Vicente del Bosque,Deportes,Entrenador,Alta,Media,Histórica,Internacional,Persona,Sí
678,Johan Cruyff,Deportes,Futbolista,Alta,Media,Histórica,Internacional,Persona,Sí
679,Gareth Bale,Deportes,Futbolista,Alta,Media,Histórica,Internacional,Persona,Sí
680,Diego Simeone,Deportes,Entrenador,Alta,Media,Actual,Internacional,Persona,Sí
681,Dani Pedrosa,Deportes,Motociclismo,Muy alta,Fácil,Histórica,Internacional,Persona,Sí
682,Mónica Naranjo,Música,Cantante,Alta,Media,Actual,Nacional,Persona,No
683,Imagine Dragons,Música,Grupo,Muy alta,Fácil,Actual,Internacional,Grupo,Sí
684,Tutankamón,Historia,Faraón,Muy alta,Fácil,Histórica,Internacional,Persona,Sí
685,Nefertiti,Historia,Reina egipcia,Alta,Media,Histórica,Internacional,Persona,No
686,Reina Victoria,Historia,Monarca,Alta,Media,Histórica,Internacional,Persona,No
687,Winston Churchill,Historia,Político,Alta,Media,Histórica,Internacional,Persona,No
688,El nacimiento de Venus,Arte,Pintura,Media,Difícil,Histórica,Internacional,Obra,No
689,La persistencia de la memoria,Arte,Pintura,Media,Difícil,Histórica,Internacional,Obra,No
690,Romeo,Literatura,Personaje,Alta,Media,Histórica,Internacional,Personaje,No
691,Julieta,Literatura,Personaje,Alta,Media,Histórica,Internacional,Personaje,No
692,Robinson Crusoe,Literatura,Personaje,Alta,Media,Histórica,Internacional,Personaje,No
693,Gulliver,Literatura,Personaje,Alta,Media,Histórica,Internacional,Personaje,No
694,Hercule Poirot,Literatura,Personaje,Alta,Media,Histórica,Internacional,Personaje,No
695,Miss Marple,Literatura,Personaje,Alta,Media,Histórica,Internacional,Personaje,No
696,Oliver Twist,Literatura,Personaje,Alta,Media,Histórica,Internacional,Personaje,No
697,Sevilla,Lugares,Ciudad,Muy alta,Fácil,Actual,Internacional,Lugar,Sí
698,Valencia,Lugares,Ciudad,Muy alta,Fácil,Actual,Internacional,Lugar,Sí
699,Bilbao,Lugares,Ciudad,Muy alta,Fácil,Actual,Internacional,Lugar,Sí
700,Santiago de Compostela,Lugares,Ciudad,Muy alta,Fácil,Actual,Internacional,Lugar,Sí
701,Ibiza,Lugares,Isla,Muy alta,Fácil,Actual,Internacional,Lugar,Sí
702,Mallorca,Lugares,Isla,Muy alta,Fácil,Actual,Internacional,Lugar,Sí
703,Tenerife,Lugares,Isla,Muy alta,Fácil,Actual,Internacional,Lugar,Sí
704,Venecia,Lugares,Ciudad,Muy alta,Fácil,Actual,Internacional,Lugar,Sí
705,Tokio,Lugares,Ciudad,Muy alta,Fácil,Actual,Internacional,Lugar,Sí
706,Hollywood,Lugares,Barrio,Muy alta,Fácil,Actual,Internacional,Lugar,Sí
707,Disneyland París,Lugares,Parque temático,Muy alta,Fácil,Actual,Internacional,Lugar,Sí
708,Parque Güell,Lugares,Monumento,Muy alta,Fácil,Actual,Internacional,Lugar,Sí
709,FIFA,Videojuegos,Fútbol,Muy alta,Fácil,Histórica,Internacional,Juego,Sí
710,Los Sims,Videojuegos,Simulación,Muy alta,Fácil,Histórica,Internacional,Juego,Sí
711,Grand Theft Auto,Videojuegos,Acción,Muy alta,Fácil,Histórica,Internacional,Juego,No
712,Mario Kart,Videojuegos,Carreras,Muy alta,Fácil,Histórica,Internacional,Juego,Sí
713,Street Fighter,Videojuegos,Lucha,Media,Difícil,Histórica,Internacional,Juego,No
714,Mortal Kombat,Videojuegos,Lucha,Media,Difícil,Histórica,Internacional,Juego,No
715,Pepsi,Marcas,Bebida,Muy alta,Fácil,Actual,Internacional,Marca,Sí
716,Samsung,Marcas,Tecnología,Muy alta,Fácil,Actual,Internacional,Marca,Sí
717,Atenea,Mitología,Diosa griega,Alta,Media,Histórica,Internacional,Personaje,Sí
718,Pegaso,Mitología,Criatura mitológica,Muy alta,Fácil,Histórica,Internacional,Personaje,Sí
719,Minotauro,Mitología,Criatura mitológica,Alta,Media,Histórica,Internacional,Personaje,Sí
720,Aquiles,Mitología,Héroe griego,Alta,Media,Histórica,Internacional,Personaje,Sí
721,El show de Truman,Películas,Drama,Alta,Media,Histórica,Internacional,Película,No
722,Náufrago,Películas,Drama,Alta,Media,Histórica,Internacional,Película,No
723,Salvar al soldado Ryan,Películas,Drama bélico,Alta,Media,Histórica,Internacional,Película,No
724,La lista de Schindler,Películas,Drama histórico,Alta,Media,Histórica,Internacional,Película,No
725,300,Películas,Épica,Alta,Media,Actual,Internacional,Película,No
726,Troya,Películas,Épica,Alta,Media,Actual,Internacional,Película,No
727,Ángeles y demonios,Películas,Thriller,Media,Difícil,Actual,Internacional,Película,No
728,Ocean's Eleven,Películas,Cine de atracos,Alta,Media,Actual,Internacional,Película,No
729,Kill Bill,Películas,Acción,Alta,Media,Actual,Internacional,Película,No
730,La milla verde,Películas,Drama,Alta,Media,Histórica,Internacional,Película,No
731,It,Películas,Terror,Muy alta,Fácil,Actual,Internacional,Película,No
732,Carrie,Películas,Terror,Alta,Media,Histórica,Internacional,Película,No
733,Pesadilla en Elm Street,Películas,Terror,Alta,Media,Histórica,Internacional,Película,No
734,Viernes 13,Películas,Terror,Alta,Media,Histórica,Internacional,Película,No
735,La cosa,Películas,Terror,Media,Difícil,Histórica,Internacional,Película,No
736,Crepúsculo,Películas,Fantasía,Muy alta,Fácil,Histórica,Internacional,Película,Sí
737,Los juegos del hambre,Películas,Ciencia ficción,Muy alta,Fácil,Actual,Internacional,Película,Sí
738,Divergente,Películas,Ciencia ficción,Media,Difícil,Actual,Internacional,Película,No
739,El secreto de sus ojos,Películas,Drama,Media,Difícil,Histórica,Internacional,Película,No
740,Relatos salvajes,Películas,Comedia negra,Media,Difícil,Actual,Internacional,Película,No
741,El viaje de Chihiro,Películas,Animación,Alta,Media,Actual,Internacional,Película,No
742,Mi vecino Totoro,Películas,Animación,Alta,Media,Histórica,Internacional,Película,No
743,Ponyo,Películas,Animación,Media,Difícil,Actual,Internacional,Película,No
744,Cómo entrenar a tu dragón,Películas,Animación,Muy alta,Fácil,Actual,Internacional,Película,Sí
745,"Gru, mi villano favorito",Películas,Animación,Muy alta,Fácil,Actual,Internacional,Película,Sí
746,Los Croods,Películas,Animación,Muy alta,Fácil,Actual,Internacional,Película,Sí
747,Ice Age,Películas,Animación,Muy alta,Fácil,Actual,Internacional,Película,Sí
748,Hotel Transilvania,Películas,Animación,Muy alta,Fácil,Actual,Internacional,Película,Sí
749,El castillo ambulante,Películas,Animación,Media,Difícil,Actual,Internacional,Película,No
750,Coraline,Películas,Animación,Media,Difícil,Actual,Internacional,Película,No
751,El jorobado de Notre Dame,Películas,Animación,Alta,Media,Histórica,Internacional,Película,No
752,La dama y el vagabundo,Películas,Animación,Muy alta,Fácil,Histórica,Internacional,Película,Sí
753,La bella durmiente,Películas,Animación,Muy alta,Fácil,Histórica,Internacional,Película,Sí
754,Los aristogatos,Películas,Animación,Muy alta,Fácil,Histórica,Internacional,Película,Sí
755,Lilo y Stitch,Películas,Animación,Muy alta,Fácil,Histórica,Internacional,Película,Sí
756,Red,Películas,Animación,Alta,Media,Actual,Internacional,Película,No
757,Del revés,Películas,Animación,Muy alta,Fácil,Actual,Internacional,Película,Sí
758,Elemental,Películas,Animación,Muy alta,Fácil,Actual,Internacional,Película,Sí
759,Soul,Películas,Animación,Muy alta,Fácil,Actual,Internacional,Película,Sí
760,Luca,Películas,Animación,Muy alta,Fácil,Actual,Internacional,Película,Sí
761,El príncipe de Egipto,Películas,Animación,Media,Difícil,Histórica,Internacional,Película,No
762,Spirit: El corcel indomable,Películas,Animación,Media,Difícil,Actual,Internacional,Película,No
763,Cars,Películas,Animación,Muy alta,Fácil,Actual,Internacional,Película,Sí
764,Brave,Películas,Animación,Muy alta,Fácil,Actual,Internacional,Película,Sí
765,Footloose,Películas,Película,Media,Difícil,Histórica,Internacional,Película,No
766,Cuenta conmigo,Películas,Película,Media,Difícil,Histórica,Internacional,Película,No
767,Willow,Películas,Película,Media,Difícil,Histórica,Internacional,Película,No
768,Robin Hood: príncipe de los ladrones,Películas,Película,Media,Difícil,Histórica,Internacional,Película,No
769,El príncipe de Zamunda,Películas,Película,Media,Difícil,Histórica,Internacional,Película,No
770,Dos policías rebeldes,Películas,Película,Alta,Media,Histórica,Internacional,Película,No
771,El gran Lebowski,Películas,Película,Media,Difícil,Histórica,Internacional,Película,No
772,Django desencadenado,Películas,Película,Alta,Media,Histórica,Internacional,Película,No
773,Érase una vez en Hollywood,Películas,Película,Alta,Media,Histórica,Internacional,Película,No
774,Memento,Películas,Película,Media,Difícil,Histórica,Internacional,Película,No
775,El club de la lucha,Películas,Película,Alta,Media,Histórica,Internacional,Película,No
776,American Beauty,Películas,Película,Alta,Media,Histórica,Internacional,Película,No
777,Cadena perpetua,Películas,Película,Alta,Media,Histórica,Internacional,Película,No
778,Casino,Películas,Película,Media,Difícil,Histórica,Internacional,Película,No
779,Uno de los nuestros,Películas,Película,Media,Difícil,Histórica,Internacional,Película,No
780,Scarface,Películas,Película,Alta,Media,Histórica,Internacional,Película,No
781,Heat,Películas,Película,Media,Difícil,Histórica,Internacional,Película,No
782,Vértigo,Películas,Película,Media,Difícil,Histórica,Internacional,Película,No
783,La ventana indiscreta,Películas,Película,Media,Difícil,Histórica,Internacional,Película,No
784,Apocalypse Now,Películas,Película,Media,Difícil,Histórica,Internacional,Película,No
785,Platoon,Películas,Película,Media,Difícil,Histórica,Internacional,Película,No
786,Billy Elliot,Películas,Película,Media,Difícil,Histórica,Internacional,Película,No
787,Full Monty,Películas,Película,Media,Difícil,Histórica,Internacional,Película,No
788,Bridget Jones,Películas,Película,Alta,Media,Histórica,Internacional,Película,No
789,Atrápame si puedes,Películas,Película,Alta,Media,Histórica,Internacional,Película,No
790,Big,Películas,Película,Media,Difícil,Histórica,Internacional,Película,No
791,La terminal,Películas,Película,Media,Difícil,Histórica,Internacional,Película,No
792,El diablo viste de Prada,Películas,Película,Alta,Media,Histórica,Internacional,Película,No
793,Erin Brockovich,Películas,Película,Media,Difícil,Histórica,Internacional,Película,No
794,Thelma y Louise,Películas,Película,Media,Difícil,Histórica,Internacional,Película,No
795,Legalmente rubia,Películas,Película,Alta,Media,Histórica,Internacional,Película,No
796,Sister Act,Películas,Película,Alta,Media,Histórica,Internacional,Película,No
797,La señora Doubtfire,Películas,Película,Alta,Media,Histórica,Internacional,Película,No
798,Zoolander,Películas,Película,Alta,Media,Histórica,Internacional,Película,No
799,Resacón en Las Vegas,Películas,Película,Alta,Media,Histórica,Internacional,Película,No
801,Ted,Películas,Película,Alta,Media,Histórica,Internacional,Película,No
802,Watchmen,Películas,Película,Media,Difícil,Histórica,Internacional,Película,No
803,V de Vendetta,Películas,Película,Media,Difícil,Histórica,Internacional,Película,No
804,Sin City,Películas,Película,Media,Difícil,Histórica,Internacional,Película,No
805,Espartaco,Películas,Película,Media,Difícil,Histórica,Internacional,Película,No
806,El gran dictador,Películas,Película,Media,Difícil,Histórica,Internacional,Película,No
807,Tiempos modernos,Películas,Película,Media,Difícil,Histórica,Internacional,Película,No
808,El pianista,Películas,Película,Alta,Media,Histórica,Internacional,Película,No
809,El discurso del rey,Películas,Película,Media,Difícil,Histórica,Internacional,Película,No
810,Slumdog Millionaire,Películas,Película,Media,Difícil,Histórica,Internacional,Película,No
811,Intocable,Películas,Película,Alta,Media,Histórica,Internacional,Película,No
812,Amélie,Películas,Película,Media,Difícil,Histórica,Internacional,Película,No
813,La vida de Brian,Películas,Película,Media,Difícil,Histórica,Internacional,Película,No
814,Los intocables de Eliot Ness,Películas,Película,Media,Difícil,Histórica,Internacional,Película,No
815,El patriota,Películas,Película,Media,Difícil,Histórica,Internacional,Película,No
816,Apolo 13,Películas,Película,Media,Difícil,Histórica,Internacional,Película,No
817,Contact,Películas,Película,Media,Difícil,Histórica,Internacional,Película,No
818,Gravity,Películas,Película,Alta,Media,Histórica,Internacional,Película,No
819,La llegada,Películas,Película,Media,Difícil,Histórica,Internacional,Película,No
820,Ready Player One,Películas,Película,Media,Difícil,Histórica,Internacional,Película,No
821,Matilda,Películas,Película,Alta,Media,Histórica,Internacional,Película,No
822,Big Fish,Películas,Película,Media,Difícil,Histórica,Internacional,Película,No
823,Chicken Run,Películas,Película,Media,Difícil,Histórica,Internacional,Película,No
824,Wallace y Gromit,Películas,Película,Media,Difícil,Histórica,Internacional,Película,No
826,Los ladrones van a la oficina,Series,Serie,Media,Difícil,Actual,Nacional,Serie,No
827,Manos a la obra,Series,Serie,Media,Difícil,Actual,Nacional,Serie,No
828,Camera Café,Series,Serie,Alta,Media,Actual,Nacional,Serie,No
829,Hospital Central,Series,Serie,Alta,Media,Actual,Nacional,Serie,No
830,"Policías, en el corazón de la calle",Series,Serie,Media,Difícil,Actual,Nacional,Serie,No
831,El príncipe,Series,Serie,Media,Difícil,Actual,Nacional,Serie,No
832,Rapa,Series,Serie,Media,Difícil,Actual,Nacional,Serie,No
833,24,Series,Serie,Alta,Media,Actual,Internacional,Serie,No
834,The Wire,Series,Serie,Alta,Media,Actual,Internacional,Serie,No
835,Mindhunter,Series,Serie,Alta,Media,Actual,Internacional,Serie,No
836,The Umbrella Academy,Series,Serie,Alta,Media,Actual,Internacional,Serie,No
837,Urgencias,Series,Serie,Alta,Media,Actual,Internacional,Serie,No
838,CSI,Series,Serie,Alta,Media,Actual,Internacional,Serie,No
839,NCIS,Series,Serie,Alta,Media,Actual,Internacional,Serie,No
840,"Buffy, cazavampiros",Series,Serie,Alta,Media,Actual,Internacional,Serie,No
841,Embrujadas,Series,Serie,Alta,Media,Actual,Internacional,Serie,No
842,Twin Peaks,Series,Serie,Alta,Media,Actual,Internacional,Serie,No
843,Ally McBeal,Series,Serie,Alta,Media,Actual,Internacional,Serie,No
844,Salvados por la campana,Series,Serie,Alta,Media,Actual,Internacional,Serie,No
845,Cosas de casa,Series,Serie,Alta,Media,Actual,Internacional,Serie,No
846,El coche fantástico,Series,Serie,Alta,Media,Clásica,Internacional,Serie,No
847,Xena: la princesa guerrera,Series,Serie,Alta,Media,Clásica,Internacional,Serie,No
848,Hércules: sus viajes legendarios,Series,Serie,Alta,Media,Clásica,Internacional,Serie,No
849,Stargate SG-1,Series,Serie,Alta,Media,Actual,Internacional,Serie,No
850,Smallville,Series,Serie,Alta,Media,Clásica,Internacional,Serie,No
851,Héroes,Series,Serie,Alta,Media,Clásica,Internacional,Serie,No
852,Ted Lasso,Series,Serie,Alta,Media,Actual,Internacional,Serie,No
854,Spartacus,Series,Serie,Alta,Media,Clásica,Internacional,Serie,No
855,Boardwalk Empire,Series,Serie,Alta,Media,Clásica,Internacional,Serie,No
856,The Handmaid's Tale,Series,Serie,Alta,Media,Actual,Internacional,Serie,No
857,Mr. Robot,Series,Serie,Alta,Media,Actual,Internacional,Serie,No
858,Westworld,Series,Serie,Alta,Media,Actual,Internacional,Serie,No
859,House of the Dragon,Series,Serie,Alta,Media,Actual,Internacional,Serie,No
860,Lupin,Series,Serie,Alta,Media,Actual,Internacional,Serie,No
861,La asistenta,Series,Serie,Media,Difícil,Actual,Internacional,Serie,No
862,The White Lotus,Series,Serie,Alta,Media,Actual,Internacional,Serie,No
863,The Good Place,Series,Serie,Alta,Media,Actual,Internacional,Serie,No
864,Community,Series,Serie,Alta,Media,Actual,Internacional,Serie,No
865,Manolo García,Música,Cantante,Alta,Media,Actual,Nacional,Persona,No
866,Ana Mena,Música,Cantante,Muy alta,Fácil,Actual,Nacional,Persona,Sí
867,John Lennon,Música,Cantante,Alta,Media,Histórica,Internacional,Persona,No
868,Paul McCartney,Música,Cantante,Alta,Media,Actual,Internacional,Persona,No
869,Rihanna,Música,Cantante,Muy alta,Fácil,Actual,Internacional,Persona,Sí
870,Katy Perry,Música,Cantante,Muy alta,Fácil,Actual,Internacional,Persona,Sí
871,Stevie Wonder,Música,Cantante,Alta,Media,Actual,Internacional,Persona,No
872,Ray Charles,Música,Cantante,Alta,Media,Actual,Internacional,Persona,No
873,Jim Morrison,Música,Cantante,Alta,Media,Actual,Internacional,Persona,No
874,Kurt Cobain,Música,Cantante,Alta,Media,Actual,Internacional,Persona,No
875,Enya,Música,Cantante,Media,Difícil,Actual,Internacional,Persona,No
876,Chayanne,Música,Cantante,Muy alta,Fácil,Actual,Internacional,Persona,Sí
877,Luis Fonsi,Música,Cantante,Muy alta,Fácil,Actual,Internacional,Persona,Sí
878,Carlos Vives,Música,Cantante,Media,Difícil,Actual,Internacional,Persona,No
879,Maluma,Música,Cantante,Muy alta,Fácil,Actual,Internacional,Persona,Sí
880,Don Omar,Música,Cantante,Media,Difícil,Actual,Internacional,Persona,No
881,Morad,Música,Cantante,Media,Difícil,Actual,Internacional,Persona,No
882,Dani Martín,Música,Cantante,Muy alta,Fácil,Actual,Nacional,Persona,Sí
883,Antonio Orozco,Música,Cantante,Alta,Media,Actual,Nacional,Persona,No
884,Marta Sánchez,Música,Cantante,Alta,Media,Actual,Nacional,Persona,No
885,Chenoa,Música,Cantante,Muy alta,Fácil,Actual,Nacional,Persona,Sí
886,David Bustamante,Música,Cantante,Muy alta,Fácil,Actual,Nacional,Persona,Sí
887,Rosa López,Música,Cantante,Muy alta,Fácil,Actual,Nacional,Persona,Sí
888,Sergio Dalma,Música,Cantante,Alta,Media,Actual,Nacional,Persona,No
889,José Luis Perales,Música,Cantante,Alta,Media,Actual,Nacional,Persona,No
890,Ana Belén,Música,Cantante,Alta,Media,Actual,Nacional,Persona,No
891,Víctor Manuel,Música,Cantante,Alta,Media,Actual,Nacional,Persona,No
892,Luz Casal,Música,Cantante,Alta,Media,Actual,Nacional,Persona,No
893,Miguel Bosé,Música,Cantante,Alta,Media,Actual,Internacional,Persona,No
894,Dani Fernández,Música,Cantante,Media,Difícil,Actual,Nacional,Persona,No
895,Álex Ubago,Música,Cantante,Alta,Media,Actual,Nacional,Persona,No
896,Sam Smith,Música,Cantante,Alta,Media,Actual,Internacional,Persona,No
897,Harry Styles,Música,Cantante,Muy alta,Fácil,Actual,Internacional,Persona,Sí
898,Selena Gomez,Música,Cantante,Muy alta,Fácil,Actual,Internacional,Persona,Sí
899,Sia,Música,Cantante,Muy alta,Fácil,Actual,Internacional,Persona,Sí
900,Pink,Música,Cantante,Alta,Media,Actual,Internacional,Persona,No
901,Jennifer Hudson,Música,Cantante,Media,Difícil,Actual,Internacional,Persona,No
902,Usher,Música,Cantante,Alta,Media,Actual,Internacional,Persona,No
903,Alicia Keys,Música,Cantante,Alta,Media,Actual,Internacional,Persona,No
904,Maroon 5,Música,Grupo,Alta,Media,Actual,Internacional,Grupo,No
905,Jason Derulo,Música,Cantante,Media,Difícil,Actual,Internacional,Persona,No
906,Will Smith,Música,Cantante,Muy alta,Fácil,Actual,Internacional,Persona,Sí
907,Snoop Dogg,Música,Cantante,Muy alta,Fácil,Actual,Internacional,Persona,No
908,Eminem,Música,Cantante,Muy alta,Fácil,Actual,Internacional,Persona,No
909,50 Cent,Música,Cantante,Alta,Media,Actual,Internacional,Persona,No
910,Dr. Dre,Música,Cantante,Media,Difícil,Actual,Internacional,Persona,No
911,Kendrick Lamar,Música,Cantante,Media,Difícil,Actual,Internacional,Persona,No
912,Tupac,Música,Cantante,Alta,Media,Actual,Internacional,Persona,No
913,Notorious B.I.G.,Música,Cantante,Media,Difícil,Actual,Internacional,Persona,No
914,El Último de la Fila,Música,Grupo,Media,Difícil,Histórica,Nacional,Grupo,No
915,Celtas Cortos,Música,Grupo,Media,Difícil,Histórica,Nacional,Grupo,No
916,Extremoduro,Música,Grupo,Muy alta,Fácil,Histórica,Nacional,Grupo,No
917,Fito & Fitipaldis,Música,Grupo,Muy alta,Fácil,Histórica,Nacional,Grupo,Sí
918,Vetusta Morla,Música,Grupo,Media,Difícil,Histórica,Nacional,Grupo,No
919,Amaral,Música,Grupo,Alta,Media,Histórica,Nacional,Grupo,No
920,Pereza,Música,Grupo,Media,Difícil,Histórica,Nacional,Grupo,No
921,Jarabe de Palo,Música,Grupo,Media,Difícil,Histórica,Nacional,Grupo,No
922,Ska-P,Música,Grupo,Media,Difícil,Histórica,Nacional,Grupo,No
923,The Cure,Música,Grupo,Alta,Media,Histórica,Internacional,Grupo,No
924,One Direction,Música,Grupo,Muy alta,Fácil,Histórica,Internacional,Grupo,Sí
926,Muse,Música,Grupo,Media,Difícil,Histórica,Internacional,Grupo,No
927,Arctic Monkeys,Música,Grupo,Media,Difícil,Histórica,Internacional,Grupo,No
928,Daft Punk,Música,Grupo,Media,Difícil,Histórica,Internacional,Grupo,No
929,Blur,Música,Grupo,Media,Difícil,Histórica,Internacional,Grupo,No
930,The Doors,Música,Grupo,Media,Difícil,Histórica,Internacional,Grupo,No
931,The Who,Música,Grupo,Media,Difícil,Histórica,Internacional,Grupo,No
932,Kiss,Música,Grupo,Media,Difícil,Histórica,Internacional,Grupo,No
933,Iron Maiden,Música,Grupo,Media,Difícil,Histórica,Internacional,Grupo,No
934,Deep Purple,Música,Grupo,Media,Difícil,Histórica,Internacional,Grupo,No
935,Fleetwood Mac,Música,Grupo,Media,Difícil,Histórica,Internacional,Grupo,No
936,Bee Gees,Música,Grupo,Alta,Media,Histórica,Internacional,Grupo,No
937,Simon & Garfunkel,Música,Grupo,Alta,Media,Histórica,Internacional,Grupo,No
938,Simply Red,Música,Grupo,Media,Difícil,Histórica,Internacional,Grupo,No
939,Pet Shop Boys,Música,Grupo,Media,Difícil,Histórica,Internacional,Grupo,No
940,Jamiroquai,Música,Grupo,Media,Difícil,Histórica,Internacional,Grupo,No
941,Manic Street Preachers,Música,Grupo,Media,Difícil,Histórica,Internacional,Grupo,No
942,Dover,Música,Grupo,Media,Difícil,Histórica,Nacional,Grupo,No
943,La Quinta Estación,Música,Grupo,Media,Difícil,Histórica,Nacional,Grupo,No
944,La Unión,Música,Grupo,Media,Difícil,Histórica,Nacional,Grupo,No
945,Presuntos Implicados,Música,Grupo,Media,Difícil,Histórica,Nacional,Grupo,No
946,Seguridad Social,Música,Grupo,Media,Difícil,Histórica,Nacional,Grupo,No
947,M-Clan,Música,Grupo,Media,Difícil,Histórica,Nacional,Grupo,No
948,Nacha Pop,Música,Grupo,Media,Difícil,Histórica,Nacional,Grupo,No
949,Duncan Dhu,Música,Grupo,Media,Difícil,Histórica,Nacional,Grupo,No
950,Héroes del Silencio,Música,Grupo,Muy alta,Fácil,Histórica,Nacional,Grupo,Sí
951,Siniestro Total,Música,Grupo,Media,Difícil,Histórica,Nacional,Grupo,No
952,Novak Djokovic,Deportes,Deportista,Muy alta,Fácil,Actual,Internacional,Persona,Sí
953,Roger Federer,Deportes,Deportista,Muy alta,Fácil,Actual,Internacional,Persona,Sí
954,Carlos Alcaraz,Deportes,Deportista,Muy alta,Fácil,Actual,Internacional,Persona,Sí
955,Fernando Hierro,Deportes,Deportista,Alta,Media,Actual,Internacional,Persona,Sí
956,Gavi,Deportes,Deportista,Alta,Media,Actual,Internacional,Persona,Sí
957,Lamine Yamal,Deportes,Deportista,Muy alta,Fácil,Actual,Internacional,Persona,Sí
958,Luis Enrique,Deportes,Entrenador,Alta,Media,Actual,Internacional,Persona,Sí
959,Thibaut Courtois,Deportes,Deportista,Media,Difícil,Actual,Internacional,Persona,No
960,Toni Kroos,Deportes,Deportista,Media,Difícil,Actual,Internacional,Persona,No
961,Mohamed Salah,Deportes,Deportista,Alta,Media,Actual,Internacional,Persona,Sí
962,Robert Lewandowski,Deportes,Deportista,Alta,Media,Actual,Internacional,Persona,Sí
963,Harry Kane,Deportes,Deportista,Alta,Media,Actual,Internacional,Persona,Sí
964,Kevin De Bruyne,Deportes,Deportista,Media,Difícil,Actual,Internacional,Persona,No
965,Jude Bellingham,Deportes,Deportista,Alta,Media,Actual,Internacional,Persona,Sí
966,Antoine Griezmann,Deportes,Deportista,Alta,Media,Actual,Internacional,Persona,Sí
967,Thierry Henry,Deportes,Deportista,Alta,Media,Actual,Internacional,Persona,Sí
968,Ronaldo Nazário,Deportes,Deportista,Alta,Media,Actual,Internacional,Persona,Sí
969,Gianluigi Buffon,Deportes,Deportista,Alta,Media,Actual,Internacional,Persona,Sí
970,Oliver Kahn,Deportes,Deportista,Alta,Media,Actual,Internacional,Persona,Sí
971,Mia Hamm,Deportes,Deportista,Media,Difícil,Actual,Internacional,Persona,No
972,Alexia Putellas,Deportes,Deportista,Muy alta,Fácil,Actual,Internacional,Persona,Sí
973,Aitana Bonmatí,Deportes,Deportista,Muy alta,Fácil,Actual,Internacional,Persona,Sí
974,Pedro Delgado,Deportes,Deportista,Media,Difícil,Actual,Internacional,Persona,No
975,Carlos Sainz padre,Deportes,Deportista,Media,Difícil,Actual,Internacional,Persona,No
976,Pau Gasol,Deportes,Deportista,Muy alta,Fácil,Actual,Internacional,Persona,Sí
977,Ricky Rubio,Deportes,Deportista,Muy alta,Fácil,Actual,Internacional,Persona,Sí
978,Amaya Valdemoro,Deportes,Deportista,Media,Difícil,Actual,Internacional,Persona,No
979,Fernando Martín,Deportes,Deportista,Media,Difícil,Actual,Internacional,Persona,No
980,Ayrton Senna,Deportes,Deportista,Muy alta,Fácil,Actual,Internacional,Persona,Sí
981,Max Verstappen,Deportes,Deportista,Muy alta,Fácil,Actual,Internacional,Persona,Sí
982,Valentino Rossi,Deportes,Deportista,Muy alta,Fácil,Actual,Internacional,Persona,Sí
983,LeBron James,Deportes,Deportista,Muy alta,Fácil,Actual,Internacional,Persona,Sí
984,Kobe Bryant,Deportes,Deportista,Muy alta,Fácil,Actual,Internacional,Persona,Sí
985,Magic Johnson,Deportes,Deportista,Alta,Media,Actual,Internacional,Persona,Sí
986,Ronnie O'Sullivan,Deportes,Deportista,Media,Difícil,Actual,Internacional,Persona,No
987,Michael Johnson,Deportes,Deportista,Media,Difícil,Actual,Internacional,Persona,No
988,Carl Lewis,Deportes,Deportista,Alta,Media,Actual,Internacional,Persona,Sí
989,Yelena Isinbayeva,Deportes,Deportista,Media,Difícil,Actual,Internacional,Persona,No
990,Marc Gasol,Deportes,Deportista,Alta,Media,Actual,Internacional,Persona,Sí
991,Rafael Martín Vázquez,Deportes,Deportista,Media,Difícil,Actual,Internacional,Persona,No
992,Butragueño,Deportes,Deportista,Alta,Media,Actual,Internacional,Persona,Sí
993,Hugo Sánchez,Deportes,Deportista,Alta,Media,Actual,Internacional,Persona,Sí
994,Cesc Fàbregas,Deportes,Deportista,Media,Difícil,Actual,Internacional,Persona,No
995,Ryan Giggs,Deportes,Deportista,Media,Difícil,Actual,Internacional,Persona,No
996,Steven Gerrard,Deportes,Deportista,Alta,Media,Actual,Internacional,Persona,Sí
997,Frank Lampard,Deportes,Deportista,Media,Difícil,Actual,Internacional,Persona,No
998,Andrea Pirlo,Deportes,Deportista,Media,Difícil,Actual,Internacional,Persona,No
999,Francesco Totti,Deportes,Deportista,Alta,Media,Actual,Internacional,Persona,Sí
1000,Gianluigi Donnarumma,Deportes,Deportista,Media,Difícil,Actual,Internacional,Persona,No
1001,Iker Muniain,Deportes,Deportista,Media,Difícil,Actual,Internacional,Persona,No
1002,Isco,Deportes,Deportista,Alta,Media,Actual,Internacional,Persona,Sí
1003,Jesús Navas,Deportes,Deportista,Media,Difícil,Actual,Internacional,Persona,No
1004,Álvaro Morata,Deportes,Deportista,Alta,Media,Actual,Internacional,Persona,Sí
1005,Dani Carvajal,Deportes,Deportista,Media,Difícil,Actual,Internacional,Persona,No
1006,Rembrandt,Arte,Pintor,Alta,Media,Histórica,Internacional,Persona,No
1007,Claude Monet,Arte,Pintor,Alta,Media,Histórica,Internacional,Persona,No
1008,Édouard Manet,Arte,Pintor,Media,Difícil,Histórica,Internacional,Persona,No
1009,Paul Cézanne,Arte,Pintor,Alta,Media,Histórica,Internacional,Persona,No
1010,Georges Seurat,Arte,Pintor,Baja,Muy difícil,Histórica,Internacional,Persona,No
1011,Henri Matisse,Arte,Pintor,Alta,Media,Histórica,Internacional,Persona,No
1012,Gustav Klimt,Arte,Pintor,Alta,Media,Histórica,Internacional,Persona,No
1013,Edvard Munch,Arte,Pintor,Alta,Media,Histórica,Internacional,Persona,No
1014,Jackson Pollock,Arte,Pintor,Alta,Media,Histórica,Internacional,Persona,No
1015,Roy Lichtenstein,Arte,Pintor,Baja,Muy difícil,Histórica,Internacional,Persona,No
1016,Antoni Gaudí,Arte,Arquitectura,Alta,Media,Histórica,Internacional,Persona,No
1017,Le Corbusier,Arte,Arquitectura,Media,Difícil,Histórica,Internacional,Persona,No
1018,Caravaggio,Arte,Pintor,Alta,Media,Histórica,Internacional,Persona,No
1019,Botticelli,Arte,Pintor,Alta,Media,Histórica,Internacional,Persona,No
1020,Vermeer,Arte,Pintor,Alta,Media,Histórica,Internacional,Persona,No
1021,La maja desnuda,Arte,Pintura,Media,Difícil,Histórica,Internacional,Obra,No
1022,La noche estrellada,Arte,Pintura,Alta,Media,Histórica,Internacional,Obra,No
1023,Los girasoles,Arte,Pintura,Alta,Media,Histórica,Internacional,Obra,No
1024,David de Miguel Ángel,Arte,Escultura,Alta,Media,Histórica,Internacional,Obra,No
1025,La creación de Adán,Arte,Pintura,Alta,Media,Histórica,Internacional,Obra,No
1026,Victor Hugo,Literatura,Escritor,Alta,Media,Histórica,Internacional,Persona,No
1027,Edgar Allan Poe,Literatura,Escritor,Alta,Media,Histórica,Internacional,Persona,No
1028,Dante Alighieri,Literatura,Escritor,Media,Difícil,Histórica,Internacional,Persona,No
1029,Jane Austen,Literatura,Escritora,Alta,Media,Histórica,Internacional,Persona,No
1030,George Orwell,Literatura,Escritor,Alta,Media,Histórica,Internacional,Persona,No
1031,Ernest Hemingway,Literatura,Escritor,Alta,Media,Histórica,Internacional,Persona,No
1032,Virginia Woolf,Literatura,Escritora,Media,Difícil,Histórica,Internacional,Persona,No
1033,Herman Melville,Literatura,Escritor,Media,Difícil,Histórica,Internacional,Persona,No
1034,Ken Follett,Literatura,Escritor,Alta,Media,Histórica,Internacional,Persona,No
1035,Umberto Eco,Literatura,Escritor,Alta,Media,Histórica,Internacional,Persona,No
1036,Isabel Allende,Literatura,Escritora,Alta,Media,Histórica,Internacional,Persona,No
1037,Arturo Pérez-Reverte,Literatura,Escritor,Alta,Media,Histórica,Internacional,Persona,No
1038,Carlos Ruiz Zafón,Literatura,Escritor,Alta,Media,Histórica,Internacional,Persona,No
1039,Antonio Machado,Literatura,Escritor,Alta,Media,Histórica,Internacional,Persona,No
1040,Gustavo Adolfo Bécquer,Literatura,Escritor,Alta,Media,Histórica,Internacional,Persona,No
1041,Benito Pérez Galdós,Literatura,Escritor,Alta,Media,Histórica,Internacional,Persona,No
1042,Emilia Pardo Bazán,Literatura,Escritora,Media,Difícil,Histórica,Internacional,Persona,No
1043,Rosalía de Castro,Literatura,Escritora,Alta,Media,Actual,Internacional,Persona,No
1044,Calderón de la Barca,Literatura,Escritor,Media,Difícil,Histórica,Internacional,Persona,No
1045,El Lazarillo de Tormes,Literatura,Obra,Alta,Media,Histórica,Internacional,Obra,No
1046,La Celestina,Literatura,Obra,Alta,Media,Histórica,Internacional,Obra,No
1047,La Ilíada,Literatura,Obra,Alta,Media,Histórica,Internacional,Obra,No
1048,La isla del tesoro,Literatura,Obra,Alta,Media,Histórica,Internacional,Obra,No
1049,Los tres mosqueteros,Literatura,Obra,Alta,Media,Histórica,Internacional,Obra,No
1050,El nombre de la rosa,Literatura,Obra,Alta,Media,Histórica,Internacional,Obra,No
1051,La sombra del viento,Literatura,Obra,Alta,Media,Histórica,Internacional,Obra,No
1052,Don Juan Tenorio,Literatura,Personaje,Alta,Media,Histórica,Internacional,Personaje,No
1053,Fuenteovejuna,Literatura,Obra,Alta,Media,Histórica,Internacional,Obra,No
1054,Platero y yo,Literatura,Obra,Alta,Media,Histórica,Internacional,Obra,No
1055,Campos de Castilla,Literatura,Obra,Media,Difícil,Histórica,Internacional,Obra,No
1056,Fortunata y Jacinta,Literatura,Obra,Alta,Media,Histórica,Internacional,Obra,No
1057,La Regenta,Literatura,Obra,Alta,Media,Histórica,Internacional,Obra,No
1058,Nada,Literatura,Obra,Media,Difícil,Histórica,Internacional,Obra,No
1059,El camino,Literatura,Obra,Media,Difícil,Histórica,Internacional,Obra,No
1060,La casa de los espíritus,Literatura,Obra,Media,Difícil,Histórica,Internacional,Obra,No
1062,Gengis Kan,Historia,Personaje histórico,Alta,Media,Histórica,Internacional,Persona,No
1063,Isabel la Católica,Historia,Personaje histórico,Alta,Media,Histórica,Internacional,Persona,No
1064,Felipe II,Historia,Personaje histórico,Alta,Media,Histórica,Internacional,Persona,No
1065,Simón Bolívar,Historia,Personaje histórico,Alta,Media,Histórica,Internacional,Persona,No
1066,José de San Martín,Historia,Personaje histórico,Alta,Media,Histórica,Internacional,Persona,No
1067,Emiliano Zapata,Historia,Personaje histórico,Alta,Media,Histórica,Internacional,Persona,No
1068,Pancho Villa,Historia,Personaje histórico,Alta,Media,Histórica,Internacional,Persona,No
1069,Che Guevara,Historia,Personaje histórico,Muy alta,Fácil,Histórica,Internacional,Persona,Sí
1070,Fidel Castro,Historia,Personaje histórico,Alta,Media,Histórica,Internacional,Persona,No
1071,Mao Zedong,Historia,Personaje histórico,Alta,Media,Histórica,Internacional,Persona,No
1072,Nerón,Historia,Personaje histórico,Alta,Media,Histórica,Internacional,Persona,No
1073,Calígula,Historia,Personaje histórico,Media,Difícil,Histórica,Internacional,Persona,No
1074,Ramsés II,Historia,Personaje histórico,Alta,Media,Histórica,Internacional,Persona,No
1075,Hatshepsut,Historia,Personaje histórico,Baja,Muy difícil,Histórica,Internacional,Persona,No
1076,Moisés,Historia,Personaje histórico,Muy alta,Fácil,Histórica,Internacional,Persona,Sí
1077,Confucio,Historia,Personaje histórico,Alta,Media,Histórica,Internacional,Persona,No
1078,Sócrates,Historia,Personaje histórico,Alta,Media,Histórica,Internacional,Persona,No
1079,Platón,Historia,Personaje histórico,Alta,Media,Histórica,Internacional,Persona,No
1080,Nicolás Copérnico,Historia,Personaje histórico,Alta,Media,Histórica,Internacional,Persona,No
1081,Johannes Kepler,Historia,Personaje histórico,Alta,Media,Histórica,Internacional,Persona,No
1082,Alexander Graham Bell,Historia,Personaje histórico,Alta,Media,Histórica,Internacional,Persona,No
1083,Louis Pasteur,Historia,Personaje histórico,Alta,Media,Histórica,Internacional,Persona,No
1084,Sigmund Freud,Historia,Personaje histórico,Alta,Media,Histórica,Internacional,Persona,No
1085,Vasco da Gama,Historia,Personaje histórico,Alta,Media,Histórica,Internacional,Persona,No
1086,Fernando de Magallanes,Historia,Personaje histórico,Alta,Media,Histórica,Internacional,Persona,No
1087,Hernán Cortés,Historia,Personaje histórico,Alta,Media,Histórica,Internacional,Persona,No
1088,Francisco Pizarro,Historia,Personaje histórico,Alta,Media,Histórica,Internacional,Persona,No
1089,Rey Arturo,Historia,Personaje histórico,Alta,Media,Histórica,Internacional,Persona,No
1090,Ricardo Corazón de León,Historia,Personaje histórico,Media,Difícil,Histórica,Internacional,Persona,No
1091,Luis XIV,Historia,Personaje histórico,Alta,Media,Histórica,Internacional,Persona,No
1092,María Antonieta,Historia,Personaje histórico,Alta,Media,Histórica,Internacional,Persona,No
1093,Catalina la Grande,Historia,Personaje histórico,Alta,Media,Histórica,Internacional,Persona,No
1094,Pedro el Grande,Historia,Personaje histórico,Alta,Media,Histórica,Internacional,Persona,No
1095,Mata Hari,Historia,Personaje histórico,Alta,Media,Histórica,Internacional,Persona,No
1096,Rasputín,Historia,Personaje histórico,Alta,Media,Histórica,Internacional,Persona,No
1098,Ana Bolena,Historia,Personaje histórico,Alta,Media,Histórica,Internacional,Persona,No
1099,Enrique VIII,Historia,Personaje histórico,Alta,Media,Histórica,Internacional,Persona,No
1100,Juana la Loca,Historia,Personaje histórico,Alta,Media,Histórica,Internacional,Persona,No
1101,Carlos V,Historia,Personaje histórico,Alta,Media,Histórica,Internacional,Persona,No
1102,Alfonso X el Sabio,Historia,Personaje histórico,Alta,Media,Clásica,Nacional,Persona,No
1103,Don Pelayo,Historia,Personaje histórico,Alta,Media,Histórica,Internacional,Persona,No
1104,El Cid,Historia,Personaje histórico,Alta,Media,Histórica,Internacional,Persona,No
1105,Blas de Lezo,Historia,Personaje histórico,Alta,Media,Histórica,Internacional,Persona,No
1106,Agustina de Aragón,Historia,Personaje histórico,Alta,Media,Histórica,Internacional,Persona,No
1107,Manuel Belgrano,Historia,Personaje histórico,Media,Difícil,Histórica,Internacional,Persona,No
1108,Eva Perón,Historia,Personaje histórico,Alta,Media,Histórica,Internacional,Persona,No
1109,Rosa Parks,Historia,Personaje histórico,Alta,Media,Histórica,Internacional,Persona,No
1110,Valentina Tereshkova,Historia,Personaje histórico,Alta,Media,Histórica,Internacional,Persona,No
1111,Yuri Gagarin,Historia,Personaje histórico,Alta,Media,Histórica,Internacional,Persona,No
1112,Neil Armstrong,Historia,Personaje histórico,Muy alta,Fácil,Histórica,Internacional,Persona,Sí
1113,Buzz Aldrin,Historia,Personaje histórico,Alta,Media,Histórica,Internacional,Persona,No
1115,Alhambra,Lugares,Lugar,Muy alta,Fácil,Histórica,Internacional,Lugar,Sí
1116,Acueducto de Segovia,Lugares,Lugar,Media,Difícil,Histórica,Nacional,Lugar,No
1117,Puerta de Alcalá,Lugares,Lugar,Media,Difícil,Histórica,Nacional,Lugar,No
1118,Museo del Prado,Lugares,Lugar,Muy alta,Fácil,Histórica,Internacional,Lugar,Sí
1120,Berlín,Lugares,Lugar,Muy alta,Fácil,Histórica,Internacional,Lugar,Sí
1121,Atenas,Lugares,Lugar,Muy alta,Fácil,Histórica,Internacional,Lugar,Sí
1122,El Cairo,Lugares,Lugar,Media,Difícil,Histórica,Internacional,Lugar,No
1123,Nueva Orleans,Lugares,Lugar,Media,Difícil,Histórica,Internacional,Lugar,No
1124,Los Ángeles,Lugares,Lugar,Muy alta,Fácil,Histórica,Internacional,Lugar,Sí
1125,San Francisco,Lugares,Lugar,Muy alta,Fácil,Histórica,Internacional,Lugar,Sí
1126,Río de Janeiro,Lugares,Lugar,Muy alta,Fácil,Histórica,Internacional,Lugar,Sí
1127,Buenos Aires,Lugares,Lugar,Muy alta,Fácil,Histórica,Internacional,Lugar,Sí
1128,Ciudad de México,Lugares,Lugar,Muy alta,Fácil,Histórica,Internacional,Lugar,Sí
1129,La Habana,Lugares,Lugar,Muy alta,Fácil,Histórica,Internacional,Lugar,Sí
1132,Gran Cañón,Lugares,Lugar,Media,Difícil,Histórica,Internacional,Lugar,No
1133,Cataratas del Niágara,Lugares,Lugar,Media,Difícil,Histórica,Internacional,Lugar,No
1134,Cataratas de Iguazú,Lugares,Lugar,Media,Difícil,Histórica,Internacional,Lugar,No
1135,Stonehenge,Lugares,Lugar,Media,Difícil,Histórica,Internacional,Lugar,No
1136,Muro de Berlín,Lugares,Lugar,Muy alta,Fácil,Histórica,Internacional,Lugar,Sí
1137,Times Square,Lugares,Lugar,Muy alta,Fácil,Histórica,Internacional,Lugar,Sí
1138,Central Park,Lugares,Lugar,Muy alta,Fácil,Histórica,Internacional,Lugar,Sí
1139,Puente de Brooklyn,Lugares,Lugar,Media,Difícil,Histórica,Internacional,Lugar,No
1140,Camp Nou,Lugares,Lugar,Muy alta,Fácil,Histórica,Internacional,Lugar,Sí
1141,Santiago Bernabéu,Lugares,Lugar,Muy alta,Fácil,Histórica,Internacional,Lugar,Sí
1142,Wembley,Lugares,Lugar,Media,Difícil,Histórica,Internacional,Lugar,No
1143,Puerta del Sol,Lugares,Lugar,Muy alta,Fácil,Histórica,Nacional,Lugar,Sí
1144,Plaza Mayor de Madrid,Lugares,Lugar,Media,Difícil,Histórica,Nacional,Lugar,No
1145,Plaza de España,Lugares,Lugar,Media,Difícil,Histórica,Nacional,Lugar,No
1146,Mezquita de Córdoba,Lugares,Lugar,Muy alta,Fácil,Histórica,Nacional,Lugar,Sí
1147,Catedral de Santiago,Lugares,Lugar,Muy alta,Fácil,Histórica,Nacional,Lugar,Sí
1148,Catedral de Burgos,Lugares,Lugar,Media,Difícil,Histórica,Nacional,Lugar,No
1149,Guggenheim de Bilbao,Lugares,Lugar,Media,Difícil,Histórica,Nacional,Lugar,No
1150,Teide,Lugares,Lugar,Muy alta,Fácil,Histórica,Internacional,Lugar,Sí
1151,Costa Brava,Lugares,Lugar,Media,Difícil,Histórica,Internacional,Lugar,No
1152,Costa del Sol,Lugares,Lugar,Media,Difícil,Histórica,Internacional,Lugar,No
1153,Formentera,Lugares,Lugar,Muy alta,Fácil,Histórica,Internacional,Lugar,Sí
1154,Menorca,Lugares,Lugar,Muy alta,Fácil,Histórica,Internacional,Lugar,Sí
1155,Picos de Europa,Lugares,Lugar,Media,Difícil,Histórica,Nacional,Lugar,No
1156,Cabo de Finisterre,Lugares,Lugar,Media,Difícil,Histórica,Nacional,Lugar,No
1157,Algarve,Lugares,Lugar,Media,Difícil,Histórica,Internacional,Lugar,No
1158,Lago Ness,Lugares,Lugar,Media,Difícil,Histórica,Internacional,Lugar,No
1159,Fiordos noruegos,Lugares,Lugar,Media,Difícil,Histórica,Internacional,Lugar,No
1160,Monte Fuji,Lugares,Lugar,Media,Difícil,Histórica,Internacional,Lugar,No
1161,Pekín,Lugares,Lugar,Muy alta,Fácil,Histórica,Internacional,Lugar,Sí
1162,Shanghái,Lugares,Lugar,Media,Difícil,Histórica,Internacional,Lugar,No
1163,Seúl,Lugares,Lugar,Media,Difícil,Histórica,Internacional,Lugar,No
1164,Bangkok,Lugares,Lugar,Media,Difícil,Histórica,Internacional,Lugar,No
1166,Sídney,Lugares,Lugar,Media,Difícil,Histórica,Internacional,Lugar,No
1167,Auckland,Lugares,Lugar,Media,Difícil,Histórica,Internacional,Lugar,No
1168,Ciudad del Cabo,Lugares,Lugar,Media,Difícil,Histórica,Internacional,Lugar,No
1169,Dubái,Lugares,Lugar,Muy alta,Fácil,Histórica,Internacional,Lugar,Sí
1170,Estambul,Lugares,Lugar,Media,Difícil,Histórica,Internacional,Lugar,No
1171,Praga,Lugares,Lugar,Muy alta,Fácil,Histórica,Internacional,Lugar,Sí
1172,Viena,Lugares,Lugar,Muy alta,Fácil,Histórica,Internacional,Lugar,Sí
1173,Ámsterdam,Lugares,Lugar,Muy alta,Fácil,Histórica,Internacional,Lugar,Sí
1174,Bruselas,Lugares,Lugar,Muy alta,Fácil,Histórica,Internacional,Lugar,Sí
1175,Lisboa,Lugares,Lugar,Muy alta,Fácil,Histórica,Internacional,Lugar,Sí
1176,Dublín,Lugares,Lugar,Muy alta,Fácil,Histórica,Internacional,Lugar,Sí
1177,Edimburgo,Lugares,Lugar,Media,Difícil,Histórica,Internacional,Lugar,No
1178,Mónaco,Lugares,Lugar,Muy alta,Fácil,Histórica,Internacional,Lugar,Sí
1179,Córcega,Lugares,Lugar,Media,Difícil,Histórica,Internacional,Lugar,No
1180,Malta,Lugares,Lugar,Muy alta,Fácil,Histórica,Internacional,Lugar,Sí
1181,Sicilia,Lugares,Lugar,Media,Difícil,Histórica,Internacional,Lugar,No
1182,Capri,Lugares,Lugar,Media,Difícil,Histórica,Internacional,Lugar,No
1183,Santorini,Lugares,Lugar,Media,Difícil,Histórica,Internacional,Lugar,No
1184,Mykonos,Lugares,Lugar,Media,Difícil,Histórica,Internacional,Lugar,No
1185,Spotify,Marcas,Marca,Muy alta,Fácil,Actual,Internacional,Marca,Sí
1186,Microsoft,Marcas,Marca,Muy alta,Fácil,Actual,Internacional,Marca,Sí
1187,Porsche,Marcas,Marca,Muy alta,Fácil,Actual,Internacional,Marca,Sí
1188,Peugeot,Marcas,Marca,Muy alta,Fácil,Actual,Internacional,Marca,Sí
1189,Citroën,Marcas,Marca,Muy alta,Fácil,Actual,Internacional,Marca,Sí
1190,Ford,Marcas,Marca,Muy alta,Fácil,Actual,Internacional,Marca,Sí
1191,Cruzcampo,Marcas,Marca,Muy alta,Fácil,Actual,Nacional,Marca,No
1192,Mahou,Marcas,Marca,Muy alta,Fácil,Actual,Nacional,Marca,No
1193,Estrella Galicia,Marcas,Marca,Muy alta,Fácil,Actual,Nacional,Marca,No
1194,Danone,Marcas,Marca,Muy alta,Fácil,Actual,Internacional,Marca,Sí
1195,KitKat,Marcas,Marca,Muy alta,Fácil,Actual,Internacional,Marca,Sí
1196,Kleenex,Marcas,Marca,Muy alta,Fácil,Actual,Internacional,Marca,Sí
1197,Colgate,Marcas,Marca,Muy alta,Fácil,Actual,Internacional,Marca,Sí
1198,Nivea,Marcas,Marca,Muy alta,Fácil,Actual,Internacional,Marca,Sí
1199,Gillette,Marcas,Marca,Muy alta,Fácil,Actual,Internacional,Marca,Sí
1200,Mango,Marcas,Marca,Muy alta,Fácil,Actual,Internacional,Marca,Sí
1201,H&M,Marcas,Marca,Muy alta,Fácil,Actual,Internacional,Marca,Sí
1202,Decathlon,Marcas,Marca,Muy alta,Fácil,Actual,Internacional,Marca,Sí
1203,Carrefour,Marcas,Marca,Muy alta,Fácil,Actual,Internacional,Marca,Sí
1204,Mercadona,Marcas,Marca,Muy alta,Fácil,Actual,Nacional,Marca,Sí
1205,El Corte Inglés,Marcas,Marca,Muy alta,Fácil,Actual,Nacional,Marca,Sí
1206,Wallapop,Marcas,Marca,Muy alta,Fácil,Actual,Nacional,Marca,Sí
1207,Vinted,Marcas,Marca,Muy alta,Fácil,Actual,Internacional,Marca,Sí
1208,TikTok,Marcas,Marca,Muy alta,Fácil,Actual,Internacional,Marca,Sí
1209,Instagram,Marcas,Marca,Muy alta,Fácil,Actual,Internacional,Marca,Sí
1210,YouTube,Marcas,Marca,Muy alta,Fácil,Actual,Internacional,Marca,Sí
1211,WhatsApp,Marcas,Marca,Muy alta,Fácil,Actual,Internacional,Marca,Sí
1212,Uber,Marcas,Marca,Muy alta,Fácil,Actual,Internacional,Marca,Sí
1213,Airbnb,Marcas,Marca,Muy alta,Fácil,Actual,Internacional,Marca,Sí
1214,Reebok,Marcas,Marca,Muy alta,Fácil,Actual,Internacional,Marca,Sí
1215,Converse,Marcas,Marca,Muy alta,Fácil,Actual,Internacional,Marca,Sí
1216,Vans,Marcas,Marca,Muy alta,Fácil,Actual,Internacional,Marca,Sí
1217,Levi's,Marcas,Marca,Muy alta,Fácil,Actual,Internacional,Marca,Sí
1218,Ray-Ban,Marcas,Marca,Muy alta,Fácil,Actual,Internacional,Marca,Sí
1219,Rolex,Marcas,Marca,Muy alta,Fácil,Actual,Internacional,Marca,Sí
1220,Swatch,Marcas,Marca,Muy alta,Fácil,Actual,Internacional,Marca,Sí
1221,L'Oréal,Marcas,Marca,Muy alta,Fácil,Actual,Internacional,Marca,Sí
1222,Maybelline,Marcas,Marca,Media,Difícil,Actual,Internacional,Marca,No
1223,Pantene,Marcas,Marca,Media,Difícil,Actual,Internacional,Marca,No
1224,Dove,Marcas,Marca,Media,Difícil,Actual,Internacional,Marca,No
1225,Fairy,Marcas,Marca,Muy alta,Fácil,Actual,Internacional,Marca,Sí
1226,Ferrero Rocher,Marcas,Marca,Muy alta,Fácil,Actual,Internacional,Marca,Sí
1227,Milka,Marcas,Marca,Muy alta,Fácil,Actual,Internacional,Marca,Sí
1228,Oreo,Marcas,Marca,Muy alta,Fácil,Actual,Internacional,Marca,Sí
1229,Heineken,Marcas,Marca,Muy alta,Fácil,Actual,Internacional,Marca,No
1230,Red Bull,Marcas,Marca,Muy alta,Fácil,Actual,Internacional,Marca,No
1231,Monster,Marcas,Marca,Muy alta,Fácil,Actual,Internacional,Marca,No
1232,Bacardi,Marcas,Marca,Media,Difícil,Actual,Internacional,Marca,No
1233,Schweppes,Marcas,Marca,Media,Difícil,Actual,Internacional,Marca,No
1234,Fanta,Marcas,Marca,Muy alta,Fácil,Actual,Internacional,Marca,Sí
1235,Sprite,Marcas,Marca,Muy alta,Fácil,Actual,Internacional,Marca,Sí
1236,Kodak,Marcas,Marca,Media,Difícil,Actual,Internacional,Marca,No
1237,Canon,Marcas,Marca,Muy alta,Fácil,Actual,Internacional,Marca,Sí
1238,Nikon,Marcas,Marca,Media,Difícil,Actual,Internacional,Marca,No
1239,GoPro,Marcas,Marca,Media,Difícil,Actual,Internacional,Marca,No
1240,Dyson,Marcas,Marca,Media,Difícil,Actual,Internacional,Marca,No
1241,Philips,Marcas,Marca,Muy alta,Fácil,Actual,Internacional,Marca,Sí
1242,Bosch,Marcas,Marca,Muy alta,Fácil,Actual,Internacional,Marca,Sí
1243,Siemens,Marcas,Marca,Media,Difícil,Actual,Internacional,Marca,No
1244,Xiaomi,Marcas,Marca,Muy alta,Fácil,Actual,Internacional,Marca,Sí
1245,Huawei,Marcas,Marca,Muy alta,Fácil,Actual,Internacional,Marca,Sí
1246,Steam,Marcas,Marca,Media,Difícil,Actual,Internacional,Marca,No
1247,Play-Doh,Marcas,Marca,Muy alta,Fácil,Actual,Internacional,Marca,Sí
1248,Hot Wheels,Marcas,Marca,Muy alta,Fácil,Actual,Internacional,Marca,Sí
1249,Mattel,Marcas,Marca,Muy alta,Fácil,Actual,Internacional,Marca,Sí
1250,Animal Crossing,Videojuegos,Videojuegos,Muy alta,Fácil,Actual,Internacional,Juego,Sí
1251,Candy Crush,Videojuegos,Videojuegos,Muy alta,Fácil,Actual,Internacional,Juego,Sí
1252,Clash Royale,Videojuegos,Videojuegos,Muy alta,Fácil,Actual,Internacional,Juego,Sí
1253,Super Mario Bros.,Videojuegos,Videojuegos,Muy alta,Fácil,Actual,Internacional,Juego,Sí
1254,The Legend of Zelda,Videojuegos,Videojuegos,Muy alta,Fácil,Actual,Internacional,Juego,Sí
1255,Space Invaders,Videojuegos,Videojuegos,Media,Difícil,Actual,Internacional,Juego,No
1256,Crash Bandicoot,Videojuegos,Videojuegos,Media,Difícil,Actual,Internacional,Juego,No
1257,World of Warcraft,Videojuegos,Videojuegos,Media,Difícil,Actual,Internacional,Juego,No
1258,League of Legends,Videojuegos,Videojuegos,Media,Difícil,Actual,Internacional,Juego,No
1259,Counter-Strike,Videojuegos,Videojuegos,Media,Difícil,Actual,Internacional,Juego,No
1260,Among Us,Videojuegos,Videojuegos,Muy alta,Fácil,Actual,Internacional,Juego,Sí
1261,Rocket League,Videojuegos,Videojuegos,Media,Difícil,Actual,Internacional,Juego,No
1262,Call of Duty,Videojuegos,Videojuegos,Muy alta,Fácil,Actual,Internacional,Juego,No
1263,Wii Sports,Videojuegos,Videojuegos,Muy alta,Fácil,Actual,Internacional,Juego,Sí
1264,Just Dance,Videojuegos,Videojuegos,Muy alta,Fácil,Actual,Internacional,Juego,Sí
1265,Guitar Hero,Videojuegos,Videojuegos,Media,Difícil,Actual,Internacional,Juego,No
1266,Cluedo,Videojuegos,Juegos de mesa y cartas,Muy alta,Fácil,Actual,Internacional,Juego,Sí
1267,Monopoly,Videojuegos,Juegos de mesa y cartas,Muy alta,Fácil,Actual,Internacional,Juego,Sí
1268,Trivial Pursuit,Videojuegos,Juegos de mesa y cartas,Muy alta,Fácil,Actual,Internacional,Juego,Sí
1269,Risk,Videojuegos,Juegos de mesa y cartas,Media,Difícil,Actual,Internacional,Juego,No
1270,Pictionary,Videojuegos,Juegos de mesa y cartas,Muy alta,Fácil,Actual,Internacional,Juego,Sí
1271,Scrabble,Videojuegos,Juegos de mesa y cartas,Media,Difícil,Actual,Internacional,Juego,No
1272,Jenga,Videojuegos,Juegos de mesa y cartas,Muy alta,Fácil,Actual,Internacional,Juego,Sí
1273,Twister,Videojuegos,Juegos de mesa y cartas,Muy alta,Fácil,Actual,Internacional,Juego,Sí
1274,Operación,Videojuegos,Juegos de mesa y cartas,Muy alta,Fácil,Actual,Internacional,Juego,Sí
1275,Hundir la flota,Videojuegos,Juegos de mesa y cartas,Muy alta,Fácil,Actual,Internacional,Juego,Sí
1276,Conecta 4,Videojuegos,Juegos de mesa y cartas,Muy alta,Fácil,Actual,Internacional,Juego,Sí
1277,Quién es quién,Videojuegos,Juegos de mesa y cartas,Muy alta,Fácil,Actual,Internacional,Juego,Sí
1278,Simon,Videojuegos,Juegos de mesa y cartas,Media,Difícil,Actual,Internacional,Juego,No
1279,Cubo de Rubik,Videojuegos,Juegos de mesa y cartas,Muy alta,Fácil,Actual,Internacional,Juego,Sí
1280,Bingo,Videojuegos,Juegos de mesa y cartas,Muy alta,Fácil,Actual,Internacional,Juego,Sí
1281,Dominó,Videojuegos,Juegos de mesa y cartas,Muy alta,Fácil,Actual,Internacional,Juego,Sí
1282,Ajedrez,Videojuegos,Juegos de mesa y cartas,Muy alta,Fácil,Actual,Internacional,Juego,Sí
1283,Damas,Videojuegos,Juegos de mesa y cartas,Muy alta,Fácil,Actual,Internacional,Juego,Sí
1284,Parqués,Videojuegos,Juegos de mesa y cartas,Muy alta,Fácil,Actual,Internacional,Juego,Sí
1285,UNO,Videojuegos,Juegos de mesa y cartas,Muy alta,Fácil,Actual,Internacional,Juego,Sí
1286,Tamagotchi,Videojuegos,Videojuegos,Media,Difícil,Actual,Internacional,Juego,No
1287,Mario Party,Videojuegos,Videojuegos,Muy alta,Fácil,Actual,Internacional,Juego,Sí
1288,Ares,Mitología,Mitología,Alta,Media,Histórica,Internacional,Personaje,Sí
1289,Apolo,Mitología,Mitología,Alta,Media,Histórica,Internacional,Personaje,Sí
1290,Artemisa,Mitología,Mitología,Alta,Media,Histórica,Internacional,Personaje,Sí
1291,Hermes,Mitología,Mitología,Alta,Media,Histórica,Internacional,Personaje,Sí
1293,Hera,Mitología,Mitología,Alta,Media,Histórica,Internacional,Personaje,Sí
1294,Deméter,Mitología,Mitología,Media,Difícil,Histórica,Internacional,Personaje,No
1295,Freya,Mitología,Mitología,Media,Difícil,Histórica,Internacional,Personaje,No
1296,Valkiria,Mitología,Mitología,Alta,Media,Histórica,Internacional,Personaje,Sí
1297,Anubis,Mitología,Mitología,Alta,Media,Histórica,Internacional,Personaje,Sí
1298,Ra,Mitología,Mitología,Alta,Media,Histórica,Internacional,Personaje,Sí
1299,Isis,Mitología,Mitología,Alta,Media,Histórica,Internacional,Personaje,Sí
1300,Osiris,Mitología,Mitología,Alta,Media,Histórica,Internacional,Personaje,Sí
1301,Bastet,Mitología,Mitología,Media,Difícil,Histórica,Internacional,Personaje,No
1302,Quetzalcóatl,Mitología,Mitología,Alta,Media,Histórica,Internacional,Personaje,Sí
1303,Cthulhu,Mitología,Mitología,Media,Difícil,Histórica,Internacional,Personaje,No
1304,Yeti,Mitología,Mitología,Alta,Media,Histórica,Internacional,Personaje,Sí
1305,Bigfoot,Mitología,Mitología,Alta,Media,Histórica,Internacional,Personaje,Sí
1306,Sirena,Mitología,Mitología,Muy alta,Fácil,Histórica,Internacional,Personaje,Sí
1307,Centauro,Mitología,Mitología,Alta,Media,Histórica,Internacional,Personaje,Sí
1308,Unicornio,Mitología,Mitología,Muy alta,Fácil,Histórica,Internacional,Personaje,Sí
1309,Fénix,Mitología,Mitología,Muy alta,Fácil,Histórica,Internacional,Personaje,Sí
1310,Dragón,Mitología,Mitología,Muy alta,Fácil,Histórica,Internacional,Personaje,Sí
1311,Grifo,Mitología,Mitología,Alta,Media,Histórica,Internacional,Personaje,Sí
1312,Esfinge,Mitología,Mitología,Alta,Media,Histórica,Internacional,Personaje,Sí
1313,Kraken,Mitología,Mitología,Alta,Media,Histórica,Internacional,Personaje,Sí
1314,Hidra,Mitología,Mitología,Alta,Media,Histórica,Internacional,Personaje,Sí
1315,Cerbero,Mitología,Mitología,Alta,Media,Histórica,Internacional,Personaje,Sí
1316,Midas,Mitología,Mitología,Alta,Media,Histórica,Internacional,Personaje,Sí
1317,Narciso,Mitología,Mitología,Alta,Media,Histórica,Internacional,Personaje,Sí
1318,Ícaro,Mitología,Mitología,Alta,Media,Histórica,Internacional,Personaje,Sí
1319,Pandora,Mitología,Mitología,Alta,Media,Histórica,Internacional,Personaje,Sí
1320,Prometeo,Mitología,Mitología,Alta,Media,Histórica,Internacional,Personaje,Sí
1321,Orfeo,Mitología,Mitología,Alta,Media,Histórica,Internacional,Personaje,Sí
1322,Eurídice,Mitología,Mitología,Baja,Muy difícil,Histórica,Internacional,Personaje,No
1323,Ulises,Mitología,Mitología,Alta,Media,Histórica,Internacional,Personaje,Sí
1324,Penélope,Mitología,Mitología,Baja,Muy difícil,Histórica,Internacional,Personaje,No
1325,Circe,Mitología,Mitología,Baja,Muy difícil,Histórica,Internacional,Personaje,No
1326,Olimpo,Mitología,Mitología,Alta,Media,Histórica,Internacional,Lugar,Sí
1327,Valhalla,Mitología,Mitología,Media,Difícil,Histórica,Internacional,Lugar,No
1328,Atlantis,Mitología,Mitología,Media,Difícil,Histórica,Internacional,Lugar,No
1329,John Wick,Películas,Película,Alta,Media,Actual,Internacional,Película,No
1330,Fast & Furious,Películas,Película,Muy alta,Fácil,Actual,Internacional,Película,No
1332,Paddington,Películas,Película,Media,Difícil,Actual,Internacional,Película,No
1333,Stuart Little,Películas,Película,Media,Difícil,Actual,Internacional,Película,No
1335,Casablanca,Películas,Película,Alta,Media,Actual,Internacional,Película,No
1336,Cinema Paradiso,Películas,Película,Media,Difícil,Actual,Internacional,Película,No
1337,El sexto sentido,Películas,Película,Alta,Media,Actual,Internacional,Película,No
1338,Flash,Películas,Película,Muy alta,Fácil,Actual,Internacional,Película,Sí
1339,Catwoman,Películas,Película,Media,Difícil,Actual,Internacional,Película,No
1340,Piratas,Películas,Película,Media,Difícil,Actual,Internacional,Película,No
1341,Narnia,Películas,Película,Alta,Media,Actual,Internacional,Película,No
1342,Percy Jackson,Películas,Película,Media,Difícil,Actual,Internacional,Película,No
1343,Conan,Películas,Película,Media,Difícil,Actual,Internacional,Película,No
1344,Los padres de ella,Películas,Película,Media,Difícil,Actual,Internacional,Película,No
1345,El curioso caso de Benjamin Button,Películas,Película,Media,Difícil,Actual,Internacional,Película,No
1346,Sospechosos habituales,Películas,Película,Media,Difícil,Actual,Internacional,Película,No
1347,American Psycho,Películas,Película,Media,Difícil,Actual,Internacional,Película,No
1348,Full Metal Jacket,Películas,Película,Media,Difícil,Actual,Internacional,Película,No
1349,Dunkerque,Películas,Película,Media,Difícil,Actual,Internacional,Película,No
1350,Dirty Harry,Películas,Película,Media,Difícil,Actual,Internacional,Película,No
1351,Arma letal,Películas,Película,Media,Difícil,Actual,Internacional,Película,No
1352,Con Air,Películas,Película,Media,Difícil,Actual,Internacional,Película,No
1353,Face/Off,Películas,Película,Media,Difícil,Actual,Internacional,Película,No
1355,Akira,Películas,Película,Media,Difícil,Actual,Internacional,Película,No
1356,Bleach,Series,Serie,Alta,Media,Actual,Internacional,Serie,No
1357,Death Note,Series,Serie,Alta,Media,Actual,Internacional,Serie,No
1358,Detective Conan,Series,Serie,Alta,Media,Actual,Internacional,Serie,No
1359,Rugrats,Series,Serie,Alta,Media,Actual,Internacional,Serie,No
1361,Phineas y Ferb,Series,Serie,Muy alta,Fácil,Actual,Internacional,Serie,Sí
1362,Hora de aventuras,Series,Serie,Muy alta,Fácil,Actual,Internacional,Serie,Sí
1363,Steven Universe,Series,Serie,Alta,Media,Actual,Internacional,Serie,No
1364,BoJack Horseman,Series,Serie,Alta,Media,Actual,Internacional,Serie,No
1365,Big Mouth,Series,Serie,Alta,Media,Actual,Internacional,Serie,No
1366,Águila Roja,Series,Serie,Alta,Media,Actual,Nacional,Serie,No
1367,Las chicas del cable,Series,Serie,Muy alta,Fácil,Actual,Internacional,Serie,Sí
1368,Policías,Series,Serie,Alta,Media,Actual,Nacional,Serie,No
1369,Los misterios de Laura,Series,Serie,Alta,Media,Actual,Internacional,Serie,No
1370,Mentes criminales,Series,Serie,Alta,Media,Actual,Internacional,Serie,No
1371,Bones,Series,Serie,Alta,Media,Actual,Internacional,Serie,No
1373,Sensación de vivir,Series,Serie,Alta,Media,Clásica,Internacional,Serie,No
1374,Obi-Wan Kenobi,Series,Serie,Alta,Media,Actual,Internacional,Serie,No
1375,You,Series,Serie,Alta,Media,Actual,Internacional,Serie,No
1376,Fargo,Series,Serie,Alta,Media,Actual,Internacional,Serie,No
1377,True Detective,Series,Serie,Alta,Media,Actual,Internacional,Serie,No
1378,Squid Game,Series,Serie,Muy alta,Fácil,Actual,Internacional,Serie,No
1379,Alice in Borderland,Series,Serie,Alta,Media,Actual,Internacional,Serie,No
1380,La peste,Series,Serie,Alta,Media,Actual,Nacional,Serie,No
1381,Cristo y Rey,Series,Serie,Alta,Media,Actual,Nacional,Serie,No
1382,Ringo Starr,Música,Cantante,Media,Difícil,Actual,Internacional,Persona,No
1383,Bob Dylan,Música,Cantante,Alta,Media,Actual,Internacional,Persona,No
1384,Billy Joel,Música,Cantante,Alta,Media,Actual,Internacional,Persona,No
1385,Barbra Streisand,Música,Cantante,Media,Difícil,Actual,Internacional,Persona,No
1386,Ariana Grande,Música,Cantante,Muy alta,Fácil,Actual,Internacional,Persona,Sí
1388,Mägo de Oz,Música,Grupo,Alta,Media,Actual,Nacional,Grupo,No
1389,Mediterráneo,Lugares,Lugar,Muy alta,Fácil,Actual,Internacional,Lugar,Sí
1391,Atlético de Madrid,Deportes,Equipos y clubes,Muy alta,Fácil,Actual,Internacional,Equipo,Sí
1392,Athletic Club,Deportes,Equipos y clubes,Muy alta,Fácil,Actual,Internacional,Equipo,Sí
1393,Sevilla FC,Deportes,Equipos y clubes,Muy alta,Fácil,Actual,Internacional,Equipo,Sí
1394,Real Betis,Deportes,Equipos y clubes,Muy alta,Fácil,Actual,Internacional,Equipo,Sí
1395,Manchester United,Deportes,Equipos y clubes,Muy alta,Fácil,Actual,Internacional,Equipo,Sí
1396,Liverpool,Deportes,Equipos y clubes,Muy alta,Fácil,Actual,Internacional,Equipo,Sí
1397,Arsenal,Deportes,Equipos y clubes,Muy alta,Fácil,Actual,Internacional,Equipo,Sí
1398,Chelsea,Deportes,Equipos y clubes,Muy alta,Fácil,Actual,Internacional,Equipo,Sí
1399,Borussia Dortmund,Deportes,Equipos y clubes,Media,Difícil,Actual,Internacional,Equipo,No
1400,Juventus,Deportes,Equipos y clubes,Muy alta,Fácil,Actual,Internacional,Equipo,Sí
1401,Inter de Milán,Deportes,Equipos y clubes,Media,Difícil,Actual,Internacional,Equipo,No
1402,Paris Saint-Germain,Deportes,Equipos y clubes,Muy alta,Fácil,Actual,Internacional,Equipo,Sí
1403,Boca Juniors,Deportes,Equipos y clubes,Media,Difícil,Actual,Internacional,Equipo,No
1404,River Plate,Deportes,Equipos y clubes,Media,Difícil,Actual,Internacional,Equipo,No
1405,Argentina,Lugares,País,Muy alta,Fácil,Actual,Internacional,Lugar,Sí
1406,España,Lugares,País,Muy alta,Fácil,Actual,Internacional,Lugar,Sí
1409,Champions League,Deportes,Evento,Muy alta,Fácil,Actual,Internacional,Evento,Sí
1410,Eurocopa,Deportes,Evento,Muy alta,Fácil,Actual,Internacional,Evento,Sí
1411,Giro de Italia,Deportes,Evento,Media,Difícil,Actual,Internacional,Evento,No
1412,Vuelta a España,Deportes,Evento,Media,Difícil,Actual,Internacional,Evento,No
1413,Super Bowl,Deportes,Evento,Muy alta,Fácil,Actual,Internacional,Evento,Sí
1414,Wimbledon,Deportes,Evento,Muy alta,Fácil,Actual,Internacional,Evento,Sí
1415,US Open,Deportes,Evento,Media,Difícil,Actual,Internacional,Evento,No
1416,Masters de Augusta,Deportes,Evento,Media,Difícil,Actual,Internacional,Evento,No
1417,MotoGP,Deportes,Evento,Muy alta,Fácil,Actual,Internacional,Evento,Sí
1418,Rally Dakar,Deportes,Evento,Media,Difícil,Actual,Internacional,Evento,No
1419,Triatlón,Deportes,Evento,Media,Difícil,Actual,Internacional,Evento,No
1420,Balón de Oro,Deportes,Evento,Muy alta,Fácil,Actual,Internacional,Evento,Sí
1421,Copa Davis,Deportes,Evento,Media,Difícil,Actual,Internacional,Evento,No
1422,Zipi y Zape,Personajes,Personaje,Muy alta,Fácil,Actual,Nacional,Personaje,Sí
1423,Lisa Simpson,Personajes,Personaje,Muy alta,Fácil,Actual,Internacional,Personaje,Sí
1424,Marge Simpson,Personajes,Personaje,Muy alta,Fácil,Actual,Internacional,Personaje,Sí
1425,Bugs Bunny,Personajes,Personaje,Muy alta,Fácil,Actual,Internacional,Personaje,Sí
1427,Piolín,Personajes,Personaje,Muy alta,Fácil,Actual,Internacional,Personaje,Sí
1428,Shaggy,Personajes,Personaje,Muy alta,Fácil,Actual,Internacional,Personaje,Sí
1429,Donkey Kong,Videojuegos,Videojuegos,Muy alta,Fácil,Actual,Internacional,Juego,Sí
1430,Geralt de Rivia,Personajes,Personaje,Media,Difícil,Actual,Internacional,Personaje,No
1431,Aragorn,Personajes,Personaje,Alta,Media,Actual,Internacional,Personaje,Sí
1432,Legolas,Personajes,Personaje,Alta,Media,Actual,Internacional,Personaje,Sí
1434,Draco Malfoy,Personajes,Personaje,Alta,Media,Clásica,Internacional,Personaje,Sí
1435,Viuda Negra,Personajes,Personaje,Alta,Media,Actual,Internacional,Personaje,Sí
1436,Hawkeye,Personajes,Personaje,Media,Difícil,Actual,Internacional,Personaje,No
1437,Nemo,Personajes,Personaje,Muy alta,Fácil,Actual,Internacional,Personaje,Sí
1438,Dory,Personajes,Personaje,Muy alta,Fácil,Actual,Internacional,Personaje,Sí
1439,Elsa,Personajes,Personaje,Muy alta,Fácil,Actual,Internacional,Personaje,Sí
1440,Anna,Personajes,Personaje,Muy alta,Fácil,Actual,Internacional,Personaje,Sí
1441,Genio,Personajes,Personaje,Muy alta,Fácil,Actual,Internacional,Personaje,Sí
1442,Úrsula,Personajes,Personaje,Muy alta,Fácil,Actual,Internacional,Personaje,Sí
1443,Bestia,Personajes,Personaje,Muy alta,Fácil,Actual,Internacional,Personaje,Sí
1444,Mr. Bean,Personajes,Personaje,Muy alta,Fácil,Actual,Internacional,Personaje,Sí
1445,Saul Goodman,Personajes,Personaje,Alta,Media,Actual,Internacional,Personaje,No
1446,Eleven,Personajes,Personaje,Muy alta,Fácil,Actual,Internacional,Personaje,Sí
1447,Daenerys Targaryen,Personajes,Personaje,Alta,Media,Actual,Internacional,Personaje,No
1448,Tyrion Lannister,Personajes,Personaje,Alta,Media,Actual,Internacional,Personaje,No
1449,Doctor Watson,Personajes,Personaje,Alta,Media,Actual,Internacional,Personaje,Sí
1450,Freddy Krueger,Personajes,Personaje,Muy alta,Fácil,Actual,Internacional,Personaje,No
1451,Mandaloriano,Personajes,Personaje,Media,Difícil,Actual,Internacional,Personaje,No
1452,Hamlet,Literatura,Obra,Alta,Media,Actual,Internacional,Obra,No
1453,Otelo,Literatura,Obra,Alta,Media,Actual,Internacional,Obra,No
1454,Moby Dick,Literatura,Obra,Alta,Media,Actual,Internacional,Obra,No
1455,Scrooge,Literatura,Personaje,Alta,Media,Actual,Internacional,Personaje,No
1457,Hansel y Gretel,Literatura,Personaje,Muy alta,Fácil,Actual,Internacional,Personaje,Sí
1458,Pulgarcito,Literatura,Personaje,Muy alta,Fácil,Actual,Internacional,Personaje,Sí
1459,Alí Babá,Literatura,Personaje,Muy alta,Fácil,Actual,Internacional,Personaje,Sí
1460,Las mil y una noches,Literatura,Obra,Alta,Media,Actual,Internacional,Obra,No
1461,Huckleberry Finn,Literatura,Personaje,Alta,Media,Actual,Internacional,Personaje,No
1462,El retrato de Dorian Gray,Literatura,Obra,Media,Difícil,Actual,Internacional,Obra,No
1463,Rebelión en la granja,Literatura,Obra,Alta,Media,Actual,Internacional,Obra,No
1464,Los pilares de la Tierra,Literatura,Obra,Alta,Media,Actual,Internacional,Obra,No
1465,Spirou,Literatura,Obra,Media,Difícil,Actual,Internacional,Obra,No
1466,Calvin y Hobbes,Literatura,Obra,Media,Difícil,Actual,Internacional,Obra,No
1467,Sandman,Literatura,Obra,Media,Difícil,Actual,Internacional,Obra,No
1472,Zurbarán,Arte,Artista,Media,Difícil,Actual,Internacional,Persona,No
1479,Diego Rivera,Arte,Artista,Media,Difícil,Actual,Internacional,Persona,No
1480,El jardín de las delicias,Arte,Obra,Media,Difícil,Actual,Internacional,Obra,No
1481,La libertad guiando al pueblo,Arte,Obra,Media,Difícil,Actual,Internacional,Obra,No
1482,El beso,Arte,Obra,Alta,Media,Actual,Internacional,Obra,No
1483,"Impresión, sol naciente",Arte,Obra,Media,Difícil,Actual,Internacional,Obra,No
1484,El entierro del Conde de Orgaz,Arte,Obra,Media,Difícil,Actual,Internacional,Obra,No
1485,La rendición de Breda,Arte,Obra,Media,Difícil,Actual,Internacional,Obra,No
1487,La Piedad,Arte,Obra,Alta,Media,Actual,Internacional,Obra,No
1488,Augusto,Historia,Personaje histórico,Media,Difícil,Histórica,Internacional,Persona,No
1489,Fernando el Católico,Historia,Personaje histórico,Alta,Media,Histórica,Internacional,Persona,No
1490,Thomas Jefferson,Historia,Personaje histórico,Alta,Media,Histórica,Internacional,Persona,No
1491,Margaret Thatcher,Historia,Personaje histórico,Alta,Media,Histórica,Internacional,Persona,No
1492,Ronald Reagan,Historia,Personaje histórico,Alta,Media,Histórica,Internacional,Persona,No
1493,Barack Obama,Historia,Personaje histórico,Muy alta,Fácil,Histórica,Internacional,Persona,Sí
1494,Vladimir Putin,Historia,Personaje histórico,Alta,Media,Histórica,Internacional,Persona,No
1495,Mijaíl Gorbachov,Historia,Personaje histórico,Alta,Media,Histórica,Internacional,Persona,No
1496,Benito Mussolini,Historia,Personaje histórico,Alta,Media,Histórica,Internacional,Persona,No
1497,Joseph Stalin,Historia,Personaje histórico,Alta,Media,Histórica,Internacional,Persona,No
1498,Buda,Historia,Personaje histórico,Muy alta,Fácil,Histórica,Internacional,Persona,Sí
1499,Jesús,Historia,Personaje histórico,Muy alta,Fácil,Histórica,Internacional,Persona,Sí
1500,Roald Amundsen,Historia,Personaje histórico,Media,Difícil,Histórica,Internacional,Persona,No
1501,Revolución Francesa,Historia,Evento,Muy alta,Fácil,Histórica,Internacional,Evento,Sí
1502,Primera Guerra Mundial,Historia,Evento,Muy alta,Fácil,Histórica,Internacional,Evento,No
1503,Segunda Guerra Mundial,Historia,Evento,Muy alta,Fácil,Histórica,Internacional,Evento,No
1504,Guerra Fría,Historia,Evento,Alta,Media,Histórica,Internacional,Evento,No
1505,Llegada a la Luna,Historia,Evento,Muy alta,Fácil,Histórica,Internacional,Evento,Sí
1506,Caída del Imperio Romano,Historia,Evento,Alta,Media,Actual,Internacional,Evento,No
1507,Renacimiento,Historia,Evento,Muy alta,Fácil,Actual,Internacional,Evento,Sí
1508,Antiguo Egipto,Historia,Civilización,Muy alta,Fácil,Actual,Internacional,Evento,Sí
1509,Imperio Romano,Historia,Civilización,Muy alta,Fácil,Actual,Internacional,Evento,Sí
1510,Imperio Azteca,Historia,Civilización,Alta,Media,Actual,Internacional,Evento,No
1511,Imperio Inca,Historia,Civilización,Alta,Media,Actual,Internacional,Evento,No
1512,Conquista de Granada,Historia,Evento,Alta,Media,Actual,Internacional,Evento,No
1513,Reconquista,Historia,Evento,Alta,Media,Actual,Internacional,Evento,No
1514,Desembarco de Normandía,Historia,Evento,Alta,Media,Actual,Internacional,Evento,No
1515,Batalla de Waterloo,Historia,Evento,Alta,Media,Histórica,Internacional,Evento,No
1516,Batalla de Trafalgar,Historia,Evento,Alta,Media,Histórica,Internacional,Evento,No
1517,Batalla de las Termópilas,Historia,Evento,Alta,Media,Actual,Internacional,Evento,No
1518,Hiroshima,Lugares,Ciudad,Media,Difícil,Actual,Internacional,Lugar,No
1519,Nagasaki,Lugares,Ciudad,Media,Difícil,Actual,Internacional,Lugar,No
1520,Partenón,Lugares,Monumento,Media,Difícil,Actual,Internacional,Lugar,No
1521,Arco de Triunfo,Lugares,Monumento,Media,Difícil,Actual,Internacional,Lugar,No
1523,Palacio de Versalles,Lugares,Monumento,Media,Difícil,Actual,Internacional,Lugar,No
1524,Catedral de Notre Dame,Lugares,Monumento,Media,Difícil,Actual,Internacional,Lugar,No
1525,Alcázar de Sevilla,Lugares,Monumento,Media,Difícil,Actual,Nacional,Lugar,No
1526,Málaga,Lugares,Lugar,Muy alta,Fácil,Actual,Nacional,Lugar,Sí
1527,Granada,Lugares,Lugar,Muy alta,Fácil,Actual,Nacional,Lugar,Sí
1528,Salamanca,Lugares,Lugar,Media,Difícil,Actual,Nacional,Lugar,No
1529,Toledo,Lugares,Lugar,Muy alta,Fácil,Actual,Nacional,Lugar,Sí
1530,Alicante,Lugares,Lugar,Media,Difícil,Actual,Nacional,Lugar,No
1531,Zaragoza,Lugares,Lugar,Muy alta,Fácil,Actual,Nacional,Lugar,Sí
1532,Palma,Lugares,Lugar,Muy alta,Fácil,Actual,Nacional,Lugar,Sí
1533,Gran Canaria,Lugares,Lugar,Muy alta,Fácil,Actual,Nacional,Lugar,Sí
1534,Andalucía,Lugares,Lugar,Muy alta,Fácil,Actual,Nacional,Lugar,Sí
1535,Galicia,Lugares,Lugar,Muy alta,Fácil,Actual,Nacional,Lugar,Sí
1536,Cantabria,Lugares,Lugar,Media,Difícil,Actual,Nacional,Lugar,No
1537,País Vasco,Lugares,Lugar,Muy alta,Fácil,Actual,Nacional,Lugar,Sí
1538,Aragón,Lugares,Lugar,Media,Difícil,Actual,Nacional,Lugar,No
1539,Castilla y León,Lugares,Lugar,Media,Difícil,Actual,Nacional,Lugar,No
1540,Extremadura,Lugares,Lugar,Media,Difícil,Actual,Nacional,Lugar,No
1541,Navarra,Lugares,Lugar,Media,Difícil,Actual,Nacional,Lugar,No
1542,Comunidad Valenciana,Lugares,Lugar,Media,Difícil,Actual,Nacional,Lugar,No
1543,Islas Baleares,Lugares,Lugar,Media,Difícil,Actual,Nacional,Lugar,No
1544,Sierra Nevada,Lugares,Lugar,Muy alta,Fácil,Actual,Nacional,Lugar,Sí
1545,Camino de Santiago,Lugares,Lugar,Muy alta,Fácil,Actual,Internacional,Lugar,Sí
1548,Alpes,Lugares,Lugar,Muy alta,Fácil,Actual,Internacional,Lugar,Sí
1549,Andes,Lugares,Lugar,Muy alta,Fácil,Actual,Internacional,Lugar,Sí
1550,Cataratas Victoria,Lugares,Lugar,Media,Difícil,Actual,Internacional,Lugar,No
1551,Ártico,Lugares,Lugar,Media,Difícil,Actual,Internacional,Lugar,No
1552,Polo Sur,Lugares,Lugar,Muy alta,Fácil,Actual,Internacional,Lugar,Sí
1553,Miami,Lugares,Lugar,Muy alta,Fácil,Actual,Internacional,Lugar,Sí
1554,Boston,Lugares,Lugar,Media,Difícil,Actual,Internacional,Lugar,No
1555,Toronto,Lugares,Lugar,Media,Difícil,Actual,Internacional,Lugar,No
1556,Lima,Lugares,Lugar,Media,Difícil,Actual,Internacional,Lugar,No
1557,Bogotá,Lugares,Lugar,Media,Difícil,Actual,Internacional,Lugar,No
1558,Caracas,Lugares,Lugar,Media,Difícil,Actual,Internacional,Lugar,No
1559,Florencia,Lugares,Lugar,Media,Difícil,Actual,Internacional,Lugar,No
1560,Oporto,Lugares,Lugar,Media,Difícil,Actual,Internacional,Lugar,No
1561,Budapest,Lugares,Lugar,Media,Difícil,Actual,Internacional,Lugar,No
1562,Jerusalén,Lugares,Lugar,Media,Difícil,Actual,Internacional,Lugar,No
1563,Kioto,Lugares,Lugar,Media,Difícil,Actual,Internacional,Lugar,No
1564,Agra,Lugares,Lugar,Media,Difícil,Actual,Internacional,Lugar,No
1565,Katmandú,Lugares,Lugar,Media,Difícil,Actual,Internacional,Lugar,No
1569,Bora Bora,Lugares,Lugar,Media,Difícil,Actual,Internacional,Lugar,No
1570,KFC,Marcas,Marca,Muy alta,Fácil,Actual,Internacional,Marca,Sí
1571,Nespresso,Marcas,Marca,Muy alta,Fácil,Actual,Internacional,Marca,Sí
1572,Nestlé,Marcas,Marca,Muy alta,Fácil,Actual,Internacional,Marca,Sí
1573,Casa Tarradellas,Marcas,Marca,Media,Difícil,Actual,Nacional,Marca,No
1574,Puma,Marcas,Marca,Muy alta,Fácil,Actual,Internacional,Marca,Sí
1575,Casio,Marcas,Marca,Muy alta,Fácil,Actual,Internacional,Marca,Sí
1576,Pixar,Marcas,Marca,Muy alta,Fácil,Actual,Internacional,Marca,Sí
1577,DC,Marcas,Marca,Media,Difícil,Actual,Internacional,Marca,No
1578,Sega,Marcas,Marca,Muy alta,Fácil,Actual,Internacional,Marca,Sí
1579,Sony,Marcas,Marca,Muy alta,Fácil,Actual,Internacional,Marca,Sí
1580,LG,Marcas,Marca,Muy alta,Fácil,Actual,Internacional,Marca,Sí
1581,Motorola,Marcas,Marca,Media,Difícil,Actual,Internacional,Marca,No
1582,Tesla,Marcas,Marca,Muy alta,Fácil,Actual,Internacional,Marca,Sí
1583,BMW,Marcas,Marca,Muy alta,Fácil,Actual,Internacional,Marca,Sí
1584,Audi,Marcas,Marca,Muy alta,Fácil,Actual,Internacional,Marca,Sí
1585,Honda,Marcas,Marca,Muy alta,Fácil,Actual,Internacional,Marca,Sí
1586,Yamaha,Marcas,Marca,Muy alta,Fácil,Actual,Internacional,Marca,Sí
1587,Harley-Davidson,Marcas,Marca,Muy alta,Fácil,Actual,Internacional,Marca,Sí
1588,Primark,Marcas,Marca,Muy alta,Fácil,Actual,Internacional,Marca,Sí
1589,MediaMarkt,Marcas,Marca,Muy alta,Fácil,Actual,Internacional,Marca,Sí
1590,Facebook,Marcas,Marca,Muy alta,Fácil,Actual,Internacional,Marca,Sí
1591,Telegram,Marcas,Marca,Muy alta,Fácil,Actual,Internacional,Marca,Sí
1592,Tinder,Marcas,Marca,Muy alta,Fácil,Actual,Internacional,Marca,No
1593,Fall Guys,Videojuegos,Videojuegos,Media,Difícil,Actual,Internacional,Juego,No
1594,Angry Birds,Videojuegos,Videojuegos,Muy alta,Fácil,Actual,Internacional,Juego,Sí
1595,Hefesto,Mitología,Mitología,Media,Difícil,Actual,Internacional,Personaje,No
1596,Teseo,Mitología,Mitología,Media,Difícil,Actual,Internacional,Personaje,No
1597,Hombre lobo,Mitología,Mitología,Muy alta,Fácil,Actual,Internacional,Personaje,Sí
1598,Momia,Mitología,Mitología,Muy alta,Fácil,Actual,Internacional,Personaje,Sí
1599,Zombi,Mitología,Mitología,Muy alta,Fácil,Actual,Internacional,Personaje,Sí
1600,Duende,Mitología,Mitología,Muy alta,Fácil,Actual,Internacional,Personaje,Sí
1601,Gnomo,Mitología,Mitología,Muy alta,Fácil,Actual,Internacional,Personaje,Sí
1602,Ogro,Mitología,Mitología,Muy alta,Fácil,Actual,Internacional,Personaje,Sí
1603,Troll,Mitología,Mitología,Muy alta,Fácil,Actual,Internacional,Personaje,Sí
1604,Bruja,Mitología,Mitología,Muy alta,Fácil,Actual,Internacional,Personaje,Sí
1605,Mago,Mitología,Mitología,Muy alta,Fácil,Actual,Internacional,Personaje,Sí
1606,Excalibur,Mitología,Mitología,Alta,Media,Actual,Internacional,Obra,Sí
1607,Camelot,Mitología,Mitología,Alta,Media,Actual,Internacional,Lugar,Sí
1608,Amaterasu,Mitología,Mitología,Media,Difícil,Actual,Internacional,Personaje,No
1609,Sun Wukong,Mitología,Mitología,Media,Difícil,Actual,Internacional,Personaje,No
1610,Pachamama,Mitología,Mitología,Media,Difícil,Actual,Internacional,Personaje,No
1611,Romário,Deportes,Futbolista,Alta,Media,Actual,Internacional,Persona,Sí
1612,Franz Beckenbauer,Deportes,Futbolista,Alta,Media,Actual,Internacional,Persona,Sí
1613,Michel Platini,Deportes,Futbolista,Alta,Media,Actual,Internacional,Persona,Sí
1614,Marco van Basten,Deportes,Futbolista,Alta,Media,Actual,Internacional,Persona,Sí
1615,George Best,Deportes,Futbolista,Alta,Media,Actual,Internacional,Persona,Sí
1616,Garrincha,Deportes,Futbolista,Alta,Media,Actual,Internacional,Persona,Sí
1617,Eusébio,Deportes,Futbolista,Alta,Media,Actual,Internacional,Persona,Sí
1618,Paolo Maldini,Deportes,Futbolista,Alta,Media,Actual,Internacional,Persona,Sí
1619,Manuel Neuer,Deportes,Futbolista,Alta,Media,Actual,Internacional,Persona,Sí
1620,Pedri,Deportes,Futbolista,Alta,Media,Actual,Internacional,Persona,Sí
1621,Rodri,Deportes,Futbolista,Alta,Media,Actual,Internacional,Persona,Sí
1622,Didier Drogba,Deportes,Futbolista,Alta,Media,Actual,Internacional,Persona,Sí
1623,Samuel Eto'o,Deportes,Futbolista,Alta,Media,Actual,Internacional,Persona,Sí
1624,Gennaro Gattuso,Deportes,Futbolista,Alta,Media,Actual,Internacional,Persona,Sí
1625,John Terry,Deportes,Futbolista,Alta,Media,Actual,Internacional,Persona,Sí
1626,Rio Ferdinand,Deportes,Futbolista,Media,Difícil,Actual,Internacional,Persona,No
1627,Virgil van Dijk,Deportes,Futbolista,Alta,Media,Actual,Internacional,Persona,Sí
1628,Son Heung-min,Deportes,Futbolista,Alta,Media,Actual,Internacional,Persona,Sí
1629,Sadio Mané,Deportes,Futbolista,Alta,Media,Actual,Internacional,Persona,Sí
1630,Bukayo Saka,Deportes,Futbolista,Alta,Media,Actual,Internacional,Persona,Sí
1631,Marcus Rashford,Deportes,Futbolista,Alta,Media,Actual,Internacional,Persona,Sí
1632,Ángel Di María,Deportes,Futbolista,Alta,Media,Actual,Internacional,Persona,Sí
1633,Kaká,Deportes,Futbolista,Alta,Media,Actual,Internacional,Persona,Sí
1634,Rivaldo,Deportes,Futbolista,Alta,Media,Actual,Internacional,Persona,Sí
1635,Cafu,Deportes,Futbolista,Alta,Media,Actual,Internacional,Persona,Sí
1636,Marcelo,Deportes,Futbolista,Alta,Media,Actual,Internacional,Persona,Sí
1637,Dani Alves,Deportes,Futbolista,Alta,Media,Actual,Internacional,Persona,Sí
1638,Jordi Alba,Deportes,Futbolista,Alta,Media,Actual,Internacional,Persona,Sí
1639,Santi Cazorla,Deportes,Futbolista,Alta,Media,Actual,Internacional,Persona,Sí
1640,Juan Mata,Deportes,Futbolista,Alta,Media,Actual,Internacional,Persona,Sí
1641,Joaquín Sánchez,Deportes,Futbolista,Alta,Media,Actual,Internacional,Persona,Sí
1642,Arsène Wenger,Deportes,Entrenador,Alta,Media,Actual,Internacional,Persona,Sí
1643,Alex Ferguson,Deportes,Entrenador,Alta,Media,Actual,Internacional,Persona,Sí
1644,Larry Bird,Deportes,Baloncesto,Alta,Media,Actual,Internacional,Persona,Sí
1645,Kareem Abdul-Jabbar,Deportes,Baloncesto,Alta,Media,Actual,Internacional,Persona,Sí
1646,Wilt Chamberlain,Deportes,Baloncesto,Alta,Media,Actual,Internacional,Persona,Sí
1647,Bill Russell,Deportes,Baloncesto,Alta,Media,Actual,Internacional,Persona,Sí
1648,Kevin Durant,Deportes,Baloncesto,Alta,Media,Actual,Internacional,Persona,Sí
1649,Giannis Antetokounmpo,Deportes,Baloncesto,Alta,Media,Actual,Internacional,Persona,Sí
1650,Nikola Jokić,Deportes,Baloncesto,Alta,Media,Actual,Internacional,Persona,Sí
1651,Luka Dončić,Deportes,Baloncesto,Alta,Media,Actual,Internacional,Persona,Sí
1652,James Harden,Deportes,Baloncesto,Alta,Media,Actual,Internacional,Persona,Sí
1653,Allen Iverson,Deportes,Baloncesto,Alta,Media,Actual,Internacional,Persona,Sí
1654,Charles Barkley,Deportes,Baloncesto,Alta,Media,Actual,Internacional,Persona,Sí
1655,Dennis Rodman,Deportes,Baloncesto,Alta,Media,Actual,Internacional,Persona,Sí
1656,Scottie Pippen,Deportes,Baloncesto,Alta,Media,Actual,Internacional,Persona,Sí
1657,Dirk Nowitzki,Deportes,Baloncesto,Alta,Media,Actual,Internacional,Persona,Sí
1658,Diana Taurasi,Deportes,Baloncesto,Alta,Media,Actual,Internacional,Persona,Sí
1659,Chris Evert,Deportes,Tenis y pádel,Alta,Media,Actual,Internacional,Persona,Sí
1660,Billie Jean King,Deportes,Tenis y pádel,Alta,Media,Actual,Internacional,Persona,Sí
1661,Andre Agassi,Deportes,Tenis y pádel,Alta,Media,Actual,Internacional,Persona,Sí
1662,Pete Sampras,Deportes,Tenis y pádel,Alta,Media,Actual,Internacional,Persona,Sí
1663,Björn Borg,Deportes,Tenis y pádel,Alta,Media,Actual,Internacional,Persona,Sí
1664,John McEnroe,Deportes,Tenis y pádel,Alta,Media,Actual,Internacional,Persona,Sí
1665,Andy Murray,Deportes,Tenis y pádel,Alta,Media,Actual,Internacional,Persona,Sí
1666,Daniil Medvedev,Deportes,Tenis y pádel,Alta,Media,Actual,Internacional,Persona,Sí
1667,Jannik Sinner,Deportes,Tenis y pádel,Alta,Media,Actual,Internacional,Persona,Sí
1668,Iga Świątek,Deportes,Tenis y pádel,Alta,Media,Actual,Internacional,Persona,Sí
1669,Aryna Sabalenka,Deportes,Tenis y pádel,Alta,Media,Actual,Internacional,Persona,Sí
1670,Manolo Santana,Deportes,Tenis y pádel,Alta,Media,Actual,Internacional,Persona,Sí
1671,David Ferrer,Deportes,Tenis y pádel,Alta,Media,Actual,Internacional,Persona,Sí
1672,Juan Carlos Ferrero,Deportes,Tenis y pádel,Alta,Media,Actual,Internacional,Persona,Sí
1673,Carlos Moyá,Deportes,Tenis y pádel,Alta,Media,Actual,Internacional,Persona,Sí
1674,Alain Prost,Deportes,Automovilismo y motociclismo,Alta,Media,Actual,Internacional,Persona,Sí
1675,Niki Lauda,Deportes,Automovilismo y motociclismo,Alta,Media,Actual,Internacional,Persona,Sí
1676,Nigel Mansell,Deportes,Automovilismo y motociclismo,Alta,Media,Actual,Internacional,Persona,Sí
1677,Jackie Stewart,Deportes,Automovilismo y motociclismo,Alta,Media,Actual,Internacional,Persona,Sí
1678,Juan Manuel Fangio,Deportes,Automovilismo y motociclismo,Alta,Media,Actual,Internacional,Persona,Sí
1679,Kimi Räikkönen,Deportes,Automovilismo y motociclismo,Alta,Media,Actual,Internacional,Persona,Sí
1680,Charles Leclerc,Deportes,Automovilismo y motociclismo,Alta,Media,Actual,Internacional,Persona,Sí
1681,Lando Norris,Deportes,Automovilismo y motociclismo,Alta,Media,Actual,Internacional,Persona,Sí
1682,Ángel Nieto,Deportes,Automovilismo y motociclismo,Media,Difícil,Actual,Internacional,Persona,No
1683,Jesse Owens,Deportes,Otros deportes,Alta,Media,Actual,Internacional,Persona,Sí
1684,Rafaela Silva,Deportes,Otros deportes,Media,Difícil,Actual,Internacional,Persona,No
1686,Jon Rahm,Deportes,Otros deportes,Alta,Media,Actual,Internacional,Persona,Sí
1687,Tony Hawk,Deportes,Otros deportes,Alta,Media,Actual,Internacional,Persona,Sí
1688,Chris Froome,Deportes,Otros deportes,Alta,Media,Actual,Internacional,Persona,Sí
1689,Tadej Pogačar,Deportes,Otros deportes,Alta,Media,Actual,Internacional,Persona,Sí
1690,Marianne Vos,Deportes,Otros deportes,Media,Difícil,Actual,Internacional,Persona,No
1691,Floyd Mayweather,Deportes,Otros deportes,Alta,Media,Actual,Internacional,Persona,Sí
1692,Khabib Nurmagomedov,Deportes,Otros deportes,Alta,Media,Actual,Internacional,Persona,Sí
1693,Fernando Romay,Deportes,Baloncesto,Alta,Media,Actual,Internacional,Persona,Sí
1695,Manuel Carrasco,Música,Cantante,Muy alta,Fácil,Actual,Nacional,Persona,Sí
1696,Malú,Música,Cantante,Muy alta,Fácil,Actual,Nacional,Persona,Sí
1697,Vanesa Martín,Música,Cantante,Media,Difícil,Actual,Nacional,Persona,No
1698,India Martínez,Música,Cantante,Media,Difícil,Actual,Nacional,Persona,No
1699,Pastora Soler,Música,Cantante,Media,Difícil,Actual,Nacional,Persona,No
1700,Edurne,Música,Cantante,Alta,Media,Actual,Nacional,Persona,No
1701,Soraya Arnelas,Música,Cantante,Media,Difícil,Actual,Nacional,Persona,No
1702,Bebe,Música,Cantante,Media,Difícil,Actual,Nacional,Persona,No
1703,Rozalén,Música,Cantante,Media,Difícil,Actual,Nacional,Persona,No
1704,Rels B,Música,Cantante,Media,Difícil,Actual,Nacional,Persona,No
1705,Drake,Música,Cantante,Alta,Media,Actual,Internacional,Persona,No
1706,Dean Martin,Música,Cantante,Media,Difícil,Actual,Internacional,Persona,No
1707,Nat King Cole,Música,Cantante,Media,Difícil,Actual,Internacional,Persona,No
1708,Lionel Richie,Música,Cantante,Media,Difícil,Actual,Internacional,Persona,No
1709,Tom Jones,Música,Cantante,Media,Difícil,Actual,Internacional,Persona,No
1710,Andrea Bocelli,Música,Cantante,Alta,Media,Actual,Internacional,Persona,No
1711,Pavarotti,Música,Cantante,Alta,Media,Actual,Internacional,Persona,No
1712,Led Zeppelin,Música,Grupo,Alta,Media,Actual,Internacional,Grupo,No
1713,The Beach Boys,Música,Grupo,Alta,Media,Actual,Internacional,Grupo,No
1714,OneRepublic,Música,Grupo,Media,Difícil,Actual,Internacional,Grupo,No
1715,The Killers,Música,Grupo,Alta,Media,Actual,Internacional,Grupo,No
1716,Gorillaz,Música,Grupo,Media,Difícil,Actual,Internacional,Grupo,No
1717,NSYNC,Música,Grupo,Media,Difícil,Actual,Internacional,Grupo,No
1718,Destiny's Child,Música,Grupo,Alta,Media,Actual,Internacional,Grupo,No
1720,Alaska y Dinarama,Música,Grupo,Media,Difícil,Actual,Nacional,Grupo,No
1721,Soda Stereo,Música,Grupo,Media,Difícil,Actual,Internacional,Grupo,No
1722,Los Rodríguez,Música,Grupo,Media,Difícil,Actual,Internacional,Grupo,No
1723,Café Tacvba,Música,Grupo,Media,Difícil,Actual,Internacional,Grupo,No
1724,RBD,Música,Grupo,Media,Difícil,Actual,Internacional,Grupo,No
1725,Carmen Maura,Cine y TV,Actor/Actriz,Alta,Media,Actual,Internacional,Persona,No
1726,Maribel Verdú,Cine y TV,Actor/Actriz,Alta,Media,Actual,Internacional,Persona,No
1727,Luis Tosar,Cine y TV,Actor/Actriz,Alta,Media,Actual,Internacional,Persona,No
1728,Mario Casas,Cine y TV,Actor/Actriz,Muy alta,Fácil,Actual,Internacional,Persona,Sí
1729,Paco León,Cine y TV,Actor/Actriz,Media,Difícil,Actual,Nacional,Persona,No
1730,Belén Rueda,Cine y TV,Actor/Actriz,Alta,Media,Actual,Internacional,Persona,No
1731,Paz Vega,Cine y TV,Actor/Actriz,Alta,Media,Actual,Internacional,Persona,No
1732,Inma Cuesta,Cine y TV,Actor/Actriz,Media,Difícil,Actual,Internacional,Persona,No
1733,Adriana Ugarte,Cine y TV,Actor/Actriz,Media,Difícil,Actual,Internacional,Persona,No
1734,Blanca Suárez,Cine y TV,Actor/Actriz,Media,Difícil,Actual,Internacional,Persona,No
1735,Úrsula Corberó,Cine y TV,Actor/Actriz,Muy alta,Fácil,Actual,Internacional,Persona,Sí
1736,Miguel Ángel Silvestre,Cine y TV,Actor/Actriz,Media,Difícil,Histórica,Internacional,Persona,No
1737,Álvaro Morte,Cine y TV,Actor/Actriz,Muy alta,Fácil,Actual,Internacional,Persona,Sí
1738,Sylvester Stallone,Cine y TV,Actor/Actriz,Muy alta,Fácil,Actual,Internacional,Persona,Sí
1739,Charlize Theron,Cine y TV,Actor/Actriz,Muy alta,Fácil,Actual,Internacional,Persona,Sí
1740,Natalie Portman,Cine y TV,Actor/Actriz,Muy alta,Fácil,Actual,Internacional,Persona,Sí
1741,Jennifer Aniston,Cine y TV,Actor/Actriz,Muy alta,Fácil,Actual,Internacional,Persona,Sí
1742,Matt Damon,Cine y TV,Actor/Actriz,Muy alta,Fácil,Actual,Internacional,Persona,Sí
1743,Harrison Ford,Cine y TV,Actor/Actriz,Muy alta,Fácil,Actual,Internacional,Persona,Sí
1744,Christian Bale,Cine y TV,Actor/Actriz,Muy alta,Fácil,Actual,Internacional,Persona,Sí
1745,Ryan Gosling,Cine y TV,Actor/Actriz,Muy alta,Fácil,Actual,Internacional,Persona,Sí
1746,Robert Downey Jr.,Cine y TV,Actor/Actriz,Muy alta,Fácil,Actual,Internacional,Persona,Sí
1747,Mark Ruffalo,Cine y TV,Actor/Actriz,Media,Difícil,Actual,Internacional,Persona,No
1748,Anne Hathaway,Cine y TV,Actor/Actriz,Muy alta,Fácil,Actual,Internacional,Persona,Sí
1749,Rupert Grint,Cine y TV,Actor/Actriz,Media,Difícil,Actual,Internacional,Persona,No
1750,Sigourney Weaver,Cine y TV,Actor/Actriz,Media,Difícil,Actual,Internacional,Persona,No
1751,Uma Thurman,Cine y TV,Actor/Actriz,Media,Difícil,Actual,Internacional,Persona,No
1752,Michelle Pfeiffer,Cine y TV,Actor/Actriz,Media,Difícil,Actual,Internacional,Persona,No
1753,Cameron Diaz,Cine y TV,Actor/Actriz,Muy alta,Fácil,Actual,Internacional,Persona,Sí
1754,Drew Barrymore,Cine y TV,Actor/Actriz,Media,Difícil,Actual,Internacional,Persona,No
1755,Kate Winslet,Cine y TV,Actor/Actriz,Muy alta,Fácil,Actual,Internacional,Persona,Sí
1756,Hugh Grant,Cine y TV,Actor/Actriz,Muy alta,Fácil,Actual,Internacional,Persona,Sí
1757,Colin Firth,Cine y TV,Actor/Actriz,Media,Difícil,Actual,Internacional,Persona,No
1758,Benedict Cumberbatch,Cine y TV,Actor/Actriz,Alta,Media,Actual,Internacional,Persona,No
1759,Jude Law,Cine y TV,Actor/Actriz,Media,Difícil,Actual,Internacional,Persona,No
1760,Ewan McGregor,Cine y TV,Actor/Actriz,Media,Difícil,Actual,Internacional,Persona,No
1761,Ian McKellen,Cine y TV,Actor/Actriz,Media,Difícil,Actual,Internacional,Persona,No
1762,Patrick Stewart,Cine y TV,Actor/Actriz,Media,Difícil,Actual,Internacional,Persona,No
1763,Gary Oldman,Cine y TV,Actor/Actriz,Media,Difícil,Actual,Internacional,Persona,No
1764,Anthony Hopkins,Cine y TV,Actor/Actriz,Alta,Media,Actual,Internacional,Persona,No
1765,Ralph Fiennes,Cine y TV,Actor/Actriz,Media,Difícil,Actual,Internacional,Persona,No
1766,Cillian Murphy,Cine y TV,Actor/Actriz,Media,Difícil,Actual,Internacional,Persona,No
1767,Star Trek,Películas,Películas y franquicias,Media,Difícil,Actual,Internacional,Película,No
1768,Noche en el museo,Películas,Películas y franquicias,Media,Difícil,Actual,Internacional,Película,No
1769,Supernatural,Series,Serie,Alta,Media,Actual,Internacional,Serie,No
1770,Hannah Montana,Series,Serie,Alta,Media,Actual,Internacional,Serie,No
1771,Lizzie McGuire,Series,Serie,Alta,Media,Actual,Internacional,Serie,No
1772,iCarly,Series,Serie,Alta,Media,Actual,Internacional,Serie,No
1773,"Sabrina, cosas de brujas",Series,Serie,Alta,Media,Clásica,Internacional,Serie,No
1774,Pato Lucas,Personajes,Animación,Muy alta,Fácil,Actual,Internacional,Personaje,Sí
1775,Astroboy,Personajes,Animación,Media,Difícil,Actual,Internacional,Personaje,No
1776,Calamardo,Personajes,Animación,Muy alta,Fácil,Actual,Internacional,Personaje,Sí
1777,George Pig,Personajes,Animación,Muy alta,Fácil,Actual,Internacional,Personaje,Sí
1778,Caillou,Personajes,Animación,Media,Difícil,Actual,Internacional,Personaje,No
1779,Wallace,Personajes,Animación,Alta,Media,Actual,Internacional,Personaje,Sí
1780,Gromit,Personajes,Animación,Alta,Media,Actual,Internacional,Personaje,Sí
1781,Pepe Le Pew,Personajes,Animación,Media,Difícil,Actual,Internacional,Personaje,No
1782,Correcaminos,Personajes,Animación,Muy alta,Fácil,Actual,Internacional,Personaje,Sí
1783,Coyote,Personajes,Animación,Muy alta,Fácil,Actual,Internacional,Personaje,Sí
1784,El Pájaro Loco,Personajes,Animación,Muy alta,Fácil,Actual,Internacional,Personaje,Sí
1785,Milú,Personajes,Animación,Muy alta,Fácil,Actual,Internacional,Personaje,Sí
1786,Bob el Constructor,Personajes,Animación,Muy alta,Fácil,Actual,Internacional,Personaje,Sí
1787,Thomas la Locomotora,Personajes,Animación,Media,Difícil,Actual,Internacional,Personaje,No
1788,Princesa Leia,Personajes,Cómic y ficción,Muy alta,Fácil,Actual,Internacional,Personaje,Sí
1789,Han Solo,Personajes,Cómic y ficción,Muy alta,Fácil,Actual,Internacional,Personaje,Sí
1790,Albus Dumbledore,Personajes,Cómic y ficción,Muy alta,Fácil,Actual,Internacional,Personaje,Sí
1791,Lord Voldemort,Personajes,Cómic y ficción,Muy alta,Fácil,Actual,Internacional,Personaje,Sí
1792,El Zorro,Personajes,Cómic y ficción,Muy alta,Fácil,Actual,Internacional,Personaje,Sí
1793,La Reina Malvada,Personajes,Cómic y ficción,Media,Difícil,Actual,Internacional,Personaje,No
1794,Nala,Personajes,Cómic y ficción,Muy alta,Fácil,Actual,Internacional,Personaje,Sí
1795,Mufasa,Personajes,Cómic y ficción,Muy alta,Fácil,Actual,Internacional,Personaje,Sí
1796,Moana,Personajes,Cómic y ficción,Muy alta,Fácil,Actual,Internacional,Personaje,Sí
1797,Mike Wazowski,Personajes,Cómic y ficción,Muy alta,Fácil,Actual,Internacional,Personaje,Sí
1798,Sulley,Personajes,Cómic y ficción,Muy alta,Fácil,Actual,Internacional,Personaje,Sí
1799,Hipo,Personajes,Cómic y ficción,Media,Difícil,Actual,Internacional,Personaje,No
1800,Chimuelo,Personajes,Cómic y ficción,Media,Difícil,Actual,Internacional,Personaje,No
1801,Jack Skellington,Personajes,Cómic y ficción,Muy alta,Fácil,Actual,Internacional,Personaje,Sí
1802,Camilo José Cela,Literatura,Escritor,Alta,Media,Histórica,Internacional,Persona,No
1803,Mario Vargas Llosa,Literatura,Escritor,Alta,Media,Histórica,Internacional,Persona,No
1804,Pablo Neruda,Literatura,Escritor,Alta,Media,Histórica,Internacional,Persona,No
1805,Jorge Luis Borges,Literatura,Escritor,Alta,Media,Histórica,Internacional,Persona,No
1806,Julio Cortázar,Literatura,Escritor,Alta,Media,Histórica,Internacional,Persona,No
1807,Gabriel Miró,Literatura,Escritor,Baja,Muy difícil,Histórica,Internacional,Persona,No
1808,Francisco de Quevedo,Literatura,Escritor,Alta,Media,Actual,Internacional,Persona,No
1809,Tirso de Molina,Literatura,Escritor,Baja,Muy difícil,Histórica,Internacional,Persona,No
1810,Aldous Huxley,Literatura,Escritor,Media,Difícil,Histórica,Internacional,Persona,No
1811,J. R. R. Tolkien,Literatura,Escritor,Alta,Media,Histórica,Internacional,Persona,No
1812,C. S. Lewis,Literatura,Escritor,Media,Difícil,Histórica,Internacional,Persona,No
1813,Arthur Conan Doyle,Literatura,Escritor,Alta,Media,Histórica,Internacional,Persona,No
1814,Alexandre Dumas,Literatura,Escritor,Alta,Media,Histórica,Internacional,Persona,No
1815,F. Scott Fitzgerald,Literatura,Escritor,Alta,Media,Histórica,Internacional,Persona,No
1816,León Tolstói,Literatura,Escritor,Alta,Media,Histórica,Internacional,Persona,No
1817,Fiódor Dostoyevski,Literatura,Escritor,Alta,Media,Histórica,Internacional,Persona,No
1818,Antón Chéjov,Literatura,Escritor,Baja,Muy difícil,Histórica,Internacional,Persona,No
1819,Homero,Literatura,Escritor,Alta,Media,Histórica,Internacional,Persona,No
1820,Virgilio,Literatura,Escritor,Media,Difícil,Histórica,Internacional,Persona,No
1821,Franz Kafka,Literatura,Escritor,Alta,Media,Histórica,Internacional,Persona,No
1822,Albert Camus,Literatura,Escritor,Media,Difícil,Histórica,Internacional,Persona,No
1823,Robert Louis Stevenson,Literatura,Escritor,Media,Difícil,Histórica,Internacional,Persona,No
1824,Bram Stoker,Literatura,Escritor,Alta,Media,Histórica,Internacional,Persona,No
1825,Mary Shelley,Literatura,Escritor,Alta,Media,Histórica,Internacional,Persona,No
1826,Louisa May Alcott,Literatura,Escritor,Baja,Muy difícil,Histórica,Internacional,Persona,No
1827,Haruki Murakami,Literatura,Escritor,Alta,Media,Histórica,Internacional,Persona,No
1828,Paulo Coelho,Literatura,Escritor,Alta,Media,Histórica,Internacional,Persona,No
1829,Stieg Larsson,Literatura,Escritor,Media,Difícil,Histórica,Internacional,Persona,No
1830,Don Quijote de la Mancha,Literatura,Obra,Muy alta,Fácil,Histórica,Internacional,Obra,Sí
1831,La casa de Bernarda Alba,Literatura,Obra,Alta,Media,Histórica,Nacional,Obra,No
1832,Romancero gitano,Literatura,Obra,Media,Difícil,Histórica,Nacional,Obra,No
1833,Cien años de soledad,Literatura,Obra,Alta,Media,Histórica,Internacional,Obra,No
1834,El amor en los tiempos del cólera,Literatura,Obra,Media,Difícil,Histórica,Internacional,Obra,No
1835,David Copperfield,Literatura,Obra,Media,Difícil,Histórica,Internacional,Obra,No
1836,Orgullo y prejuicio,Literatura,Obra,Alta,Media,Histórica,Internacional,Obra,No
1837,Jane Eyre,Literatura,Obra,Alta,Media,Histórica,Internacional,Obra,No
1838,Cumbres Borrascosas,Literatura,Obra,Alta,Media,Histórica,Internacional,Obra,No
1839,Un mundo feliz,Literatura,Obra,Alta,Media,Histórica,Internacional,Obra,No
1840,Veinte mil leguas de viaje submarino,Literatura,Obra,Media,Difícil,Histórica,Internacional,Obra,No
1841,Viaje al centro de la Tierra,Literatura,Obra,Media,Difícil,Histórica,Internacional,Obra,No
1842,El viejo y el mar,Literatura,Obra,Alta,Media,Histórica,Internacional,Obra,No
1843,El gran Gatsby,Literatura,Obra,Alta,Media,Histórica,Internacional,Obra,No
1844,Crimen y castigo,Literatura,Obra,Alta,Media,Histórica,Internacional,Obra,No
1845,Anna Karénina,Literatura,Obra,Alta,Media,Histórica,Internacional,Obra,No
1846,Guerra y paz,Literatura,Obra,Alta,Media,Histórica,Internacional,Obra,No
1847,Los miserables,Literatura,Obra,Alta,Media,Histórica,Internacional,Obra,No
1848,El perfume,Literatura,Obra,Alta,Media,Histórica,Internacional,Obra,No
1849,Isabel I de Inglaterra,Historia,Personaje histórico,Alta,Media,Histórica,Internacional,Persona,No
1850,Charles de Gaulle,Historia,Personaje histórico,Alta,Media,Histórica,Internacional,Persona,No
1851,Atila,Historia,Personaje histórico,Alta,Media,Histórica,Internacional,Persona,No
1852,Alan Turing,Historia,Personaje histórico,Alta,Media,Histórica,Internacional,Persona,No
1853,Ada Lovelace,Historia,Personaje histórico,Alta,Media,Histórica,Internacional,Persona,No
1855,Beethoven,Historia,Personaje histórico,Alta,Media,Histórica,Internacional,Persona,No
1856,Mozart,Historia,Personaje histórico,Alta,Media,Histórica,Internacional,Persona,No
1857,Bach,Historia,Personaje histórico,Alta,Media,Histórica,Internacional,Persona,No
1858,Vivaldi,Historia,Personaje histórico,Media,Difícil,Histórica,Internacional,Persona,No
1859,Chopin,Historia,Personaje histórico,Media,Difícil,Histórica,Internacional,Persona,No
1860,Tchaikovsky,Historia,Personaje histórico,Media,Difícil,Histórica,Internacional,Persona,No
1861,Verdi,Historia,Personaje histórico,Media,Difícil,Histórica,Internacional,Persona,No
1862,Wagner,Historia,Personaje histórico,Media,Difícil,Histórica,Internacional,Persona,No
1863,Walt Disney,Historia,Personaje histórico,Muy alta,Fácil,Histórica,Internacional,Persona,Sí
1864,Steve Jobs,Historia,Personaje histórico,Muy alta,Fácil,Histórica,Internacional,Persona,Sí
1865,Bill Gates,Historia,Personaje histórico,Muy alta,Fácil,Histórica,Internacional,Persona,Sí
1866,El Bosco,Arte,Artista,Alta,Media,Histórica,Internacional,Persona,No
1867,Rubens,Arte,Artista,Alta,Media,Histórica,Internacional,Persona,No
1875,Pablo Gargallo,Arte,Artista,Baja,Muy difícil,Histórica,Internacional,Persona,No
1876,Eduardo Chillida,Arte,Artista,Media,Difícil,Histórica,Internacional,Persona,No
1877,Palma de Mallorca,Lugares,Ciudad,Muy alta,Fácil,Actual,Internacional,Lugar,Sí
1878,Vigo,Lugares,Ciudad,Media,Difícil,Actual,Nacional,Lugar,No
1879,A Coruña,Lugares,Ciudad,Media,Difícil,Actual,Nacional,Lugar,No
1880,Oviedo,Lugares,Ciudad,Media,Difícil,Actual,Nacional,Lugar,No
1881,Gijón,Lugares,Ciudad,Media,Difícil,Actual,Nacional,Lugar,No
1882,Pamplona,Lugares,Ciudad,Media,Difícil,Actual,Nacional,Lugar,No
1883,Cádiz,Lugares,Ciudad,Media,Difícil,Actual,Nacional,Lugar,No
1884,Las Palmas,Lugares,Ciudad,Media,Difícil,Actual,Nacional,Lugar,No
1885,Copenhague,Lugares,Ciudad,Media,Difícil,Actual,Internacional,Lugar,No
1886,Estocolmo,Lugares,Ciudad,Media,Difícil,Actual,Internacional,Lugar,No
1887,Oslo,Lugares,Ciudad,Media,Difícil,Actual,Internacional,Lugar,No
1888,Helsinki,Lugares,Ciudad,Media,Difícil,Actual,Internacional,Lugar,No
1889,Montreal,Lugares,Ciudad,Media,Difícil,Actual,Internacional,Lugar,No
1890,São Paulo,Lugares,Ciudad,Media,Difícil,Actual,Internacional,Lugar,No
1891,Quito,Lugares,Ciudad,Media,Difícil,Actual,Internacional,Lugar,No
1892,La Paz,Lugares,Ciudad,Media,Difícil,Actual,Internacional,Lugar,No
1893,Montevideo,Lugares,Ciudad,Media,Difícil,Actual,Internacional,Lugar,No
1894,Punta Cana,Lugares,Ciudad,Media,Difícil,Actual,Internacional,Lugar,No
1895,Osaka,Lugares,Ciudad,Media,Difícil,Actual,Internacional,Lugar,No
1896,Hong Kong,Lugares,Ciudad,Media,Difícil,Actual,Internacional,Lugar,No
1897,Bombay,Lugares,Ciudad,Media,Difícil,Actual,Internacional,Lugar,No
1898,Marrakech,Lugares,Ciudad,Media,Difícil,Actual,Internacional,Lugar,No
1899,Nairobi,Lugares,Ciudad,Media,Difícil,Actual,Internacional,Lugar,No
1900,Johannesburgo,Lugares,Ciudad,Media,Difícil,Actual,Internacional,Lugar,No
1901,Fontana di Trevi,Lugares,Monumento,Media,Difícil,Actual,Internacional,Lugar,No
1902,Torre de Pisa,Lugares,Monumento,Media,Difícil,Actual,Internacional,Lugar,No
1903,Empire State Building,Lugares,Monumento,Media,Difícil,Actual,Internacional,Lugar,No
1904,Puente Golden Gate,Lugares,Monumento,Media,Difícil,Actual,Internacional,Lugar,No
1905,Pentágono,Lugares,Monumento,Media,Difícil,Actual,Internacional,Lugar,No
1906,Monte Rushmore,Lugares,Monumento,Media,Difícil,Actual,Internacional,Lugar,No
1907,Ciudad Prohibida,Lugares,Monumento,Media,Difícil,Actual,Internacional,Lugar,No
1908,Ópera de Sídney,Lugares,Monumento,Media,Difícil,Actual,Internacional,Lugar,No
1909,Burj Khalifa,Lugares,Monumento,Media,Difícil,Actual,Internacional,Lugar,No
1910,Petra,Lugares,Monumento,Media,Difícil,Actual,Internacional,Lugar,No
1911,Mar Muerto,Lugares,Monumento,Media,Difícil,Actual,Internacional,Lugar,No
1912,Islas Galápagos,Lugares,Monumento,Media,Difícil,Actual,Internacional,Lugar,No
1916,Museo Británico,Lugares,Monumento,Media,Difícil,Actual,Internacional,Lugar,No
1917,Disney World,Lugares,Monumento,Media,Difícil,Actual,Internacional,Lugar,No
1918,Silicon Valley,Lugares,Monumento,Media,Difícil,Actual,Internacional,Lugar,No
1919,Área 51,Lugares,Monumento,Media,Difícil,Actual,Internacional,Lugar,No
1921,Orangután,Naturaleza,Animales,Muy alta,Fácil,Actual,Internacional,Animal,Sí
1922,Lince,Naturaleza,Animales,Muy alta,Fácil,Actual,Internacional,Animal,Sí
1923,Murciélago,Naturaleza,Animales,Muy alta,Fácil,Actual,Internacional,Animal,Sí
1924,Calamar,Naturaleza,Animales,Muy alta,Fácil,Actual,Internacional,Animal,Sí
1925,Halcón,Naturaleza,Animales,Muy alta,Fácil,Actual,Internacional,Animal,Sí
1926,Caimán,Naturaleza,Animales,Muy alta,Fácil,Actual,Internacional,Animal,Sí
1927,Avispa,Naturaleza,Animales,Muy alta,Fácil,Actual,Internacional,Animal,Sí
1928,Saltamontes,Naturaleza,Animales,Muy alta,Fácil,Actual,Internacional,Animal,Sí
1929,Gusano,Naturaleza,Animales,Muy alta,Fácil,Actual,Internacional,Animal,Sí
1930,Aldi,Marcas,Marca,Muy alta,Fácil,Actual,Internacional,Marca,Sí
1931,Renfe,Marcas,Marca,Muy alta,Fácil,Actual,Nacional,Marca,Sí
1932,Jeep,Marcas,Marca,Muy alta,Fácil,Actual,Internacional,Marca,Sí
1933,Volvo,Marcas,Marca,Muy alta,Fácil,Actual,Internacional,Marca,Sí
1934,Hyundai,Marcas,Marca,Media,Difícil,Actual,Internacional,Marca,No
1935,Kia,Marcas,Marca,Media,Difícil,Actual,Internacional,Marca,No
1936,Nissan,Marcas,Marca,Media,Difícil,Actual,Internacional,Marca,No
1937,Doritos,Marcas,Marca,Muy alta,Fácil,Actual,Internacional,Marca,Sí
1938,Haribo,Marcas,Marca,Muy alta,Fácil,Actual,Internacional,Marca,Sí
1939,Roblox,Videojuegos,Videojuegos,Muy alta,Fácil,Actual,Internacional,Juego,Sí
1940,Sonic the Hedgehog,Videojuegos,Videojuegos,Muy alta,Fácil,Actual,Internacional,Juego,Sí
1941,Brawl Stars,Videojuegos,Videojuegos,Muy alta,Fácil,Actual,Internacional,Juego,Sí
1942,Parcheesi,Videojuegos,Juegos de mesa y cartas,Muy alta,Fácil,Actual,Internacional,Juego,Sí
1943,La oca,Videojuegos,Juegos de mesa y cartas,Muy alta,Fácil,Actual,Internacional,Juego,Sí
1944,Backgammon,Videojuegos,Juegos de mesa y cartas,Media,Difícil,Actual,Internacional,Juego,No
1945,Cartas,Videojuegos,Juegos de mesa y cartas,Muy alta,Fácil,Actual,Internacional,Juego,Sí
1946,Blackjack,Videojuegos,Juegos de mesa y cartas,Media,Difícil,Actual,Internacional,Juego,No
1947,Mus,Videojuegos,Juegos de mesa y cartas,Media,Difícil,Actual,Internacional,Juego,No
1948,Brisca,Videojuegos,Juegos de mesa y cartas,Media,Difícil,Actual,Internacional,Juego,No
1949,Tute,Videojuegos,Juegos de mesa y cartas,Media,Difícil,Actual,Internacional,Juego,No
1950,Solitario,Videojuegos,Juegos de mesa y cartas,Muy alta,Fácil,Actual,Internacional,Juego,Sí
1951,Mikado,Videojuegos,Juegos de mesa y cartas,Media,Difícil,Actual,Internacional,Juego,No
1952,Tangram,Videojuegos,Juegos de mesa y cartas,Media,Difícil,Actual,Internacional,Juego,No
1953,Boggle,Videojuegos,Juegos de mesa y cartas,Media,Difícil,Actual,Internacional,Juego,No
1954,Mastermind,Videojuegos,Juegos de mesa y cartas,Media,Difícil,Actual,Internacional,Juego,No
1955,Carcassonne,Videojuegos,Juegos de mesa y cartas,Media,Difícil,Actual,Internacional,Juego,No
1956,Dixit,Videojuegos,Juegos de mesa y cartas,Media,Difícil,Actual,Internacional,Juego,No
1957,Pandemic,Videojuegos,Juegos de mesa y cartas,Media,Difícil,Actual,Internacional,Juego,No
1958,Dioniso,Mitología,Mitología,Media,Difícil,Histórica,Internacional,Personaje,No
1960,Cíclope,Mitología,Mitología,Alta,Media,Histórica,Internacional,Personaje,Sí
1961,Quimera,Mitología,Mitología,Media,Difícil,Histórica,Internacional,Personaje,No
1963,Horus,Mitología,Mitología,Media,Difícil,Histórica,Internacional,Personaje,No
1964,Seth,Mitología,Mitología,Media,Difícil,Histórica,Internacional,Personaje,No
1965,Gilgamesh,Mitología,Mitología,Media,Difícil,Histórica,Internacional,Personaje,No
1966,Marduk,Mitología,Mitología,Baja,Muy difícil,Histórica,Internacional,Personaje,No
1967,Huitzilopochtli,Mitología,Mitología,Baja,Muy difícil,Histórica,Internacional,Personaje,No
1968,Tlaloc,Mitología,Mitología,Baja,Muy difícil,Histórica,Internacional,Personaje,No
1969,Inti,Mitología,Mitología,Baja,Muy difícil,Histórica,Internacional,Personaje,No
1970,Real Sociedad,Deportes,Equipos y clubes,Media,Difícil,Actual,Internacional,Equipo,No
1971,Tottenham,Deportes,Equipos y clubes,Media,Difícil,Actual,Internacional,Equipo,No
1972,Benfica,Deportes,Equipos y clubes,Media,Difícil,Actual,Internacional,Equipo,No
1973,Porto,Deportes,Equipos y clubes,Media,Difícil,Actual,Internacional,Equipo,No
1974,Los Angeles Lakers,Deportes,Equipos y clubes,Muy alta,Fácil,Actual,Internacional,Equipo,Sí
1975,Boston Celtics,Deportes,Equipos y clubes,Media,Difícil,Actual,Internacional,Equipo,No
1976,Chicago Bulls,Deportes,Equipos y clubes,Muy alta,Fácil,Actual,Internacional,Equipo,Sí
1977,Golden State Warriors,Deportes,Equipos y clubes,Media,Difícil,Actual,Internacional,Equipo,No
1978,Miami Heat,Deportes,Equipos y clubes,Media,Difícil,Actual,Internacional,Equipo,No
1979,New York Yankees,Deportes,Equipos y clubes,Media,Difícil,Actual,Internacional,Equipo,No
1980,Los Angeles Dodgers,Deportes,Equipos y clubes,Media,Difícil,Actual,Internacional,Equipo,No
1981,Chicago Cubs,Deportes,Equipos y clubes,Media,Difícil,Actual,Internacional,Equipo,No
1982,New England Patriots,Deportes,Equipos y clubes,Media,Difícil,Actual,Internacional,Equipo,No
1983,Dallas Cowboys,Deportes,Equipos y clubes,Media,Difícil,Actual,Internacional,Equipo,No
1984,Green Bay Packers,Deportes,Equipos y clubes,Media,Difícil,Actual,Internacional,Equipo,No
1985,Portugal,Lugares,País,Muy alta,Fácil,Actual,Internacional,Lugar,Sí
1986,Reino Unido,Lugares,País,Muy alta,Fácil,Actual,Internacional,Lugar,Sí
1987,Irlanda,Lugares,País,Muy alta,Fácil,Actual,Internacional,Lugar,Sí
1988,Islandia,Lugares,País,Muy alta,Fácil,Actual,Internacional,Lugar,Sí
1989,Noruega,Lugares,País,Muy alta,Fácil,Actual,Internacional,Lugar,Sí
1990,Suecia,Lugares,País,Muy alta,Fácil,Actual,Internacional,Lugar,Sí
1991,Finlandia,Lugares,País,Muy alta,Fácil,Actual,Internacional,Lugar,Sí
1992,Dinamarca,Lugares,País,Muy alta,Fácil,Actual,Internacional,Lugar,Sí
1993,Países Bajos,Lugares,País,Muy alta,Fácil,Actual,Internacional,Lugar,Sí
1994,Bélgica,Lugares,País,Muy alta,Fácil,Actual,Internacional,Lugar,Sí
1995,Suiza,Lugares,País,Muy alta,Fácil,Actual,Internacional,Lugar,Sí
1996,Austria,Lugares,País,Muy alta,Fácil,Actual,Internacional,Lugar,Sí
1997,Polonia,Lugares,País,Muy alta,Fácil,Actual,Internacional,Lugar,Sí
1998,Chequia,Lugares,País,Alta,Media,Actual,Internacional,Lugar,Sí
1999,Grecia,Lugares,País,Muy alta,Fácil,Actual,Internacional,Lugar,Sí
2000,Croacia,Lugares,País,Muy alta,Fácil,Actual,Internacional,Lugar,Sí
2001,Rumanía,Lugares,País,Muy alta,Fácil,Actual,Internacional,Lugar,Sí
2002,Bulgaria,Lugares,País,Baja,Muy difícil,Actual,Internacional,Lugar,No
2003,Hungría,Lugares,País,Muy alta,Fácil,Actual,Internacional,Lugar,Sí
2004,Ucrania,Lugares,País,Muy alta,Fácil,Actual,Internacional,Lugar,Sí
2005,Rusia,Lugares,País,Muy alta,Fácil,Actual,Internacional,Lugar,Sí
2006,Turquía,Lugares,País,Muy alta,Fácil,Actual,Internacional,Lugar,Sí
2007,Estados Unidos,Lugares,País,Muy alta,Fácil,Actual,Internacional,Lugar,Sí
2008,Canadá,Lugares,País,Muy alta,Fácil,Actual,Internacional,Lugar,Sí
2009,México,Lugares,País,Muy alta,Fácil,Actual,Internacional,Lugar,Sí
2010,Cuba,Lugares,País,Muy alta,Fácil,Actual,Internacional,Lugar,Sí
2011,República Dominicana,Lugares,País,Muy alta,Fácil,Actual,Internacional,Lugar,Sí
2012,Chile,Lugares,País,Muy alta,Fácil,Actual,Internacional,Lugar,Sí
2013,Perú,Lugares,País,Muy alta,Fácil,Actual,Internacional,Lugar,Sí
2014,Colombia,Lugares,País,Muy alta,Fácil,Actual,Internacional,Lugar,Sí
2015,Venezuela,Lugares,País,Muy alta,Fácil,Actual,Internacional,Lugar,Sí
2016,Ecuador,Lugares,País,Muy alta,Fácil,Actual,Internacional,Lugar,Sí
2017,Bolivia,Lugares,País,Muy alta,Fácil,Actual,Internacional,Lugar,Sí
2018,Uruguay,Lugares,País,Muy alta,Fácil,Actual,Internacional,Lugar,Sí
2019,Paraguay,Lugares,País,Muy alta,Fácil,Actual,Internacional,Lugar,Sí
2020,Australia,Lugares,País,Muy alta,Fácil,Actual,Internacional,Lugar,Sí
2021,Japón,Lugares,País,Muy alta,Fácil,Actual,Internacional,Lugar,Sí
2022,China,Lugares,País,Muy alta,Fácil,Actual,Internacional,Lugar,Sí
2023,Corea del Sur,Lugares,País,Muy alta,Fácil,Actual,Internacional,Lugar,Sí
2024,India,Lugares,País,Muy alta,Fácil,Actual,Internacional,Lugar,Sí
2025,Tailandia,Lugares,País,Muy alta,Fácil,Actual,Internacional,Lugar,Sí
2026,Vietnam,Lugares,País,Muy alta,Fácil,Actual,Internacional,Lugar,Sí
2027,Indonesia,Lugares,País,Muy alta,Fácil,Actual,Internacional,Lugar,Sí
2028,Filipinas,Lugares,País,Muy alta,Fácil,Actual,Internacional,Lugar,Sí
2029,Marruecos,Lugares,País,Muy alta,Fácil,Actual,Internacional,Lugar,Sí
2030,Argelia,Lugares,País,Muy alta,Fácil,Actual,Internacional,Lugar,Sí
2031,Túnez,Lugares,País,Muy alta,Fácil,Actual,Internacional,Lugar,Sí
2032,Sudáfrica,Lugares,País,Muy alta,Fácil,Actual,Internacional,Lugar,Sí
2033,Kenia,Lugares,País,Muy alta,Fácil,Actual,Internacional,Lugar,Sí
2034,Nigeria,Lugares,País,Muy alta,Fácil,Actual,Internacional,Lugar,Sí
2035,Etiopía,Lugares,País,Muy alta,Fácil,Actual,Internacional,Lugar,Sí
2036,Israel,Lugares,País,Muy alta,Fácil,Actual,Internacional,Lugar,Sí
2037,Arabia Saudí,Lugares,País,Muy alta,Fácil,Actual,Internacional,Lugar,Sí
2038,Emiratos Árabes Unidos,Lugares,País,Muy alta,Fácil,Actual,Internacional,Lugar,Sí
2039,Rafael Benítez,Deportes,Entrenador,Alta,Media,Actual,Internacional,Persona,Sí
2040,Unai Emery,Deportes,Entrenador,Alta,Media,Actual,Internacional,Persona,Sí
2041,Sergio Scariolo,Deportes,Baloncesto,Media,Difícil,Actual,Internacional,Persona,No
2042,Mireia Belmonte,Deportes,Natación,Muy alta,Fácil,Actual,Internacional,Persona,Sí
2043,Alberto Ginés,Deportes,Escalada,Media,Difícil,Actual,Internacional,Persona,No
2044,Teresa Perales,Deportes,Natación,Media,Difícil,Actual,Internacional,Persona,No
2045,Sergio Canales,Deportes,Futbolista,Alta,Media,Actual,Internacional,Persona,Sí
2046,Marvin Gaye,Música,Cantante,Media,Difícil,Actual,Internacional,Persona,No
2047,Rage Against the Machine,Música,Grupo,Media,Difícil,Actual,Internacional,Grupo,No
2048,The Offspring,Música,Grupo,Media,Difícil,Actual,Internacional,Grupo,No
2049,Blink-182,Música,Grupo,Media,Difícil,Actual,Internacional,Grupo,No
2050,Alicia Vikander,Cine y TV,Actor/Actriz,Media,Difícil,Actual,Internacional,Persona,No
2051,Viola Davis,Cine y TV,Actor/Actriz,Media,Difícil,Actual,Internacional,Persona,No
2052,Dustin Hoffman,Cine y TV,Actor/Actriz,Alta,Media,Actual,Internacional,Persona,No
2053,Gene Kelly,Cine y TV,Actor/Actriz,Media,Difícil,Actual,Internacional,Persona,No
2054,Jackie Chan,Cine y TV,Actor/Actriz,Muy alta,Fácil,Actual,Internacional,Persona,Sí
2055,Bruce Lee,Cine y TV,Actor/Actriz,Muy alta,Fácil,Actual,Internacional,Persona,Sí
2056,Jet Li,Cine y TV,Actor/Actriz,Media,Difícil,Actual,Internacional,Persona,No
2057,Mel Gibson,Cine y TV,Actor/Actriz,Alta,Media,Actual,Internacional,Persona,No
2058,Michelle Yeoh,Cine y TV,Actor/Actriz,Media,Difícil,Actual,Internacional,Persona,No
2059,Christopher Walken,Cine y TV,Actor/Actriz,Media,Difícil,Actual,Internacional,Persona,No
2060,Macaulay Culkin,Cine y TV,Actor/Actriz,Muy alta,Fácil,Actual,Internacional,Persona,Sí
2061,Wes Anderson,Cine y TV,Director/a,Media,Difícil,Actual,Internacional,Persona,No
2062,Steven Spielberg,Cine y TV,Director/a,Muy alta,Fácil,Actual,Internacional,Persona,Sí
2063,Martin Scorsese,Cine y TV,Director/a,Alta,Media,Actual,Internacional,Persona,No
2064,Quentin Tarantino,Cine y TV,Director/a,Muy alta,Fácil,Actual,Internacional,Persona,Sí
2065,Christopher Nolan,Cine y TV,Director/a,Muy alta,Fácil,Actual,Internacional,Persona,Sí
2066,Tim Burton,Cine y TV,Director/a,Muy alta,Fácil,Actual,Internacional,Persona,Sí
2067,Hayao Miyazaki,Cine y TV,Director/a,Muy alta,Fácil,Actual,Internacional,Persona,Sí
2068,Guillermo del Toro,Cine y TV,Director/a,Muy alta,Fácil,Actual,Internacional,Persona,Sí
2069,James Cameron,Cine y TV,Director/a,Muy alta,Fácil,Actual,Internacional,Persona,Sí
2070,Ridley Scott,Cine y TV,Director/a,Alta,Media,Actual,Internacional,Persona,No
2071,George Lucas,Cine y TV,Director/a,Muy alta,Fácil,Actual,Internacional,Persona,Sí
2072,Francis Ford Coppola,Cine y TV,Director/a,Alta,Media,Actual,Internacional,Persona,No
2073,El Principito,Literatura,Obra,Muy alta,Fácil,Histórica,Internacional,Libro,Sí
2074,El código Da Vinci,Literatura,Obra,Alta,Media,Actual,Internacional,Libro,No
2075,Carolina Marín,Deportes,Bádminton,Media,Difícil,Actual,Internacional,Persona,No
2076,Mala Rodríguez,Música,Rap,Alta,Media,Actual,Nacional,Persona,No
2077,C. Tangana,Música,Cantante,Alta,Media,Actual,Internacional,Persona,No
2078,Patricio Estrella,Personajes,Animación,Muy alta,Fácil,Actual,Internacional,Personaje,Sí
2079,Popeye,Personajes,Animación,Muy alta,Fácil,Histórica,Internacional,Personaje,Sí
2080,Sancho Panza,Personajes,Literatura,Muy alta,Fácil,Histórica,Internacional,Personaje,Sí
2081,Peter Griffin,Personajes,Animación,Alta,Media,Actual,Internacional,Personaje,No
2082,Stewie Griffin,Personajes,Animación,Alta,Media,Actual,Internacional,Personaje,No
2083,Sailor Moon,Personajes,Anime,Media,Difícil,Histórica,Internacional,Personaje,No
2084,Farmacia de Guardia,Series,Comedia,Muy alta,Fácil,Histórica,Nacional,Serie,Sí
2085,Cuéntame cómo pasó,Series,Drama,Muy alta,Fácil,Clásica,Nacional,Serie,Sí
2086,Verano Azul,Series,Drama,Muy alta,Fácil,Clásica,Nacional,Serie,Sí
2087,Los Serrano,Series,Comedia,Muy alta,Fácil,Histórica,Nacional,Serie,Sí
2088,7 vidas,Series,Comedia,Alta,Media,Clásica,Nacional,Serie,No
2089,La Casa de las Flores,Series,Comedia,Media,Difícil,Actual,Internacional,Serie,No
2090,Seinfeld,Series,Comedia,Alta,Media,Clásica,Internacional,Serie,No
2091,Merlí,Series,Drama,Alta,Media,Histórica,Nacional,Serie,No
2092,Paquita Salas,Series,Comedia,Muy alta,Fácil,Actual,Nacional,Serie,Sí
2093,El Ministerio del Tiempo,Series,Ciencia ficción,Alta,Media,Histórica,Nacional,Serie,No
2094,Los hombres de Paco,Series,Comedia,Muy alta,Fácil,Histórica,Nacional,Serie,Sí
2095,Médico de familia,Series,Comedia,Muy alta,Fácil,Histórica,Nacional,Serie,Sí
2096,Un paso adelante,Series,Drama,Alta,Media,Histórica,Nacional,Serie,No
2097,Compañeros,Series,Drama,Alta,Media,Histórica,Nacional,Serie,No
2098,Los Protegidos,Series,Fantasía,Alta,Media,Histórica,Nacional,Serie,No
2099,Los Goonies,Películas,Aventuras,Muy alta,Fácil,Histórica,Internacional,Película,Sí
2100,Depredador,Películas,Acción,Alta,Media,Histórica,Internacional,Película,No
2102,1984,Literatura,Obra,Alta,Media,Histórica,Internacional,Libro,No
2103,La Odisea,Literatura,Obra,Alta,Media,Histórica,Internacional,Libro,No
2104,La Divina Comedia,Literatura,Obra,Alta,Media,Histórica,Internacional,Libro,No
2105,Alexander Fleming,Ciencia,Científico,Alta,Media,Histórica,Internacional,Persona,No
2106,Juana de Arco,Historia,Personaje histórico,Alta,Media,Histórica,Internacional,Persona,No
2107,Gaston Lagaffe,Personajes,Cómic,Media,Difícil,Histórica,Internacional,Personaje,No
2108,Zipi,Personajes,Cómic,Media,Difícil,Histórica,Nacional,Personaje,No
2109,Zape,Personajes,Cómic,Media,Difícil,Histórica,Nacional,Personaje,No
2110,Superlópez,Personajes,Cómic,Media,Difícil,Histórica,Nacional,Personaje,No
2111,Calimero,Personajes,Animación,Media,Difícil,Histórica,Internacional,Personaje,No
2112,Tigger,Personajes,Animación,Alta,Media,Histórica,Internacional,Personaje,Sí
2113,Po,Personajes,Animación,Alta,Media,Actual,Internacional,Personaje,Sí
2114,Luffy,Personajes,Anime,Media,Difícil,Actual,Internacional,Personaje,No
2115,Expediente X,Series,Ciencia ficción,Alta,Media,Clásica,Internacional,Serie,No
2116,Dallas,Series,Drama,Alta,Media,Histórica,Internacional,Serie,No
2117,Dinastía,Series,Drama,Alta,Media,Histórica,Internacional,Serie,No
2118,Cheers,Series,Comedia,Alta,Media,Histórica,Internacional,Serie,No
2119,Embrujada,Series,Comedia,Alta,Media,Histórica,Internacional,Serie,No
2120,Los Roper,Series,Comedia,Alta,Media,Histórica,Internacional,Serie,No
2121,Scrubs,Series,Comedia,Alta,Media,Histórica,Internacional,Serie,No
2122,Hijos de la Anarquía,Series,Drama,Alta,Media,Histórica,Internacional,Serie,No
2123,Dark,Series,Ciencia ficción,Alta,Media,Actual,Internacional,Serie,No
2124,Ozark,Series,Drama,Alta,Media,Actual,Internacional,Serie,No
2125,The Bear,Series,Drama,Alta,Media,Actual,Internacional,Serie,No
2126,Succession,Series,Drama,Alta,Media,Actual,Internacional,Serie,No
2127,Yellowstone,Series,Drama,Alta,Media,Actual,Internacional,Serie,No
2128,The Good Doctor,Series,Drama,Alta,Media,Actual,Internacional,Serie,No
2129,La Unidad,Series,Policiaca,Media,Difícil,Actual,Nacional,Serie,No
2130,30 monedas,Series,Terror,Alta,Media,Actual,Nacional,Serie,No
2131,Antidisturbios,Series,Drama,Alta,Media,Actual,Nacional,Serie,No
2132,La Mesías,Series,Drama,Media,Difícil,Actual,Nacional,Serie,No
2133,Aquí no hay quien viva: Desengaño 21,Series,Comedia,Media,Difícil,Clásica,Nacional,Serie,No
2134,Los Aurones,Series,Infantil,Media,Difícil,Histórica,Nacional,Serie,No
2135,Lawrence de Arabia,Películas,Aventuras,Media,Difícil,Histórica,Internacional,Película,No
2136,Doctor Zhivago,Películas,Drama,Media,Difícil,Histórica,Internacional,Película,No
2137,El apartamento,Películas,Comedia,Media,Difícil,Histórica,Internacional,Película,No
2138,Flashdance,Películas,Musical,Media,Difícil,Histórica,Internacional,Película,No
2139,Fama,Películas,Musical,Media,Difícil,Histórica,Internacional,Película,No
2140,Creed,Películas,Deportes,Media,Difícil,Actual,Internacional,Película,No
2141,Tron,Películas,Ciencia ficción,Media,Difícil,Histórica,Internacional,Película,No
2142,Sting,Música,Cantante,Alta,Media,Histórica,Internacional,Persona,No
2143,Diana Ross,Música,Cantante,Media,Difícil,Histórica,Internacional,Persona,No
2144,Janis Joplin,Música,Cantante,Media,Difícil,Histórica,Internacional,Persona,No
2145,Louis Armstrong,Música,Cantante,Alta,Media,Histórica,Internacional,Persona,No
2146,James Brown,Música,Cantante,Media,Difícil,Histórica,Internacional,Persona,No
2147,Shania Twain,Música,Cantante,Media,Difícil,Histórica,Internacional,Persona,No
2148,Foo Fighters,Música,Grupo,Media,Difícil,Actual,Internacional,Grupo,No
2149,Duran Duran,Música,Grupo,Media,Difícil,Histórica,Internacional,Grupo,No
2150,Radiohead,Música,Grupo,Media,Difícil,Histórica,Internacional,Grupo,No
2151,Los Secretos,Música,Grupo,Media,Difícil,Histórica,Nacional,Grupo,No
2152,Fito Cabrales,Música,Cantante,Media,Difícil,Actual,Nacional,Persona,No
2153,Nathy Peluso,Música,Cantante,Media,Difícil,Actual,Internacional,Persona,No
2154,Duki,Música,Rap,Media,Difícil,Actual,Internacional,Persona,No
2155,Ronald Koeman,Deportes,Futbolista,Media,Difícil,Histórica,Internacional,Persona,No
2156,Álex Crivillé,Deportes,Motociclismo,Media,Difícil,Histórica,Internacional,Persona,No
2157,Garbiñe Muguruza,Deportes,Tenis,Media,Difícil,Histórica,Internacional,Persona,No
2158,Arantxa Sánchez Vicario,Deportes,Tenis,Media,Difícil,Histórica,Internacional,Persona,No
2159,Conchita Martínez,Deportes,Tenis,Media,Difícil,Histórica,Internacional,Persona,No
2160,El Greco,Arte,Pintor,Alta,Media,Histórica,Internacional,Persona,No
2161,Marco Polo,Historia,Explorador,Alta,Media,Histórica,Internacional,Persona,No
2162,Amelia Earhart,Historia,Aviadora,Alta,Media,Histórica,Internacional,Persona,No
2163,Miguel de Unamuno,Literatura,Escritor,Alta,Media,Histórica,Nacional,Persona,No
2164,Lope de Vega,Literatura,Escritor,Alta,Media,Histórica,Nacional,Persona,No
2165,Mark Twain,Literatura,Escritor,Alta,Media,Histórica,Internacional,Persona,No
2166,Odin,Mitología,Mitología nórdica,Alta,Media,Histórica,Internacional,Personaje,Sí
2167,Shazam!,Películas,Superhéroes,Media,Difícil,Actual,Internacional,Película,No
2168,Black Adam,Películas,Superhéroes,Media,Difícil,Actual,Internacional,Película,No
2169,Rocketman,Películas,Musical,Media,Difícil,Actual,Internacional,Película,No
2170,La mala educación,Películas,Drama español,Alta,Media,Actual,Nacional,Película,No
2171,Mientras dure la guerra,Películas,Drama histórico español,Media,Difícil,Actual,Nacional,Película,No
2172,El reino,Películas,Thriller español,Media,Difícil,Actual,Nacional,Película,No
2173,"Kiki, el amor se hace",Películas,Comedia española,Media,Difícil,Actual,Nacional,Película,No
2174,Pagafantas,Películas,Comedia española,Media,Difícil,Histórica,Nacional,Película,No
2175,Villaviciosa de al lado,Películas,Comedia española,Media,Difícil,Actual,Nacional,Película,No
2176,Secretos del corazón,Películas,Drama español,Media,Difícil,Histórica,Nacional,Película,No
2177,El bola,Películas,Drama español,Media,Difícil,Histórica,Nacional,Película,No
2178,Hannibal,Series,Thriller,Alta,Media,Histórica,Internacional,Serie,No
2179,Los Tudor,Series,Histórica,Alta,Media,Histórica,Internacional,Serie,No
2180,Mad Men,Series,Drama,Alta,Media,Histórica,Internacional,Serie,No
2181,Andor,Series,Ciencia ficción,Alta,Media,Actual,Internacional,Serie,No
2182,Falcon y el Soldado de Invierno,Series,Superhéroes,Media,Difícil,Actual,Internacional,Serie,No
2183,Jessica Jones,Series,Superhéroes,Media,Difícil,Histórica,Internacional,Serie,No
2184,Agentes de SHIELD,Series,Superhéroes,Media,Difícil,Histórica,Internacional,Serie,No
2185,Los informáticos,Series,Comedia,Media,Difícil,Histórica,Internacional,Serie,No
2186,Frasier,Series,Comedia,Alta,Media,Clásica,Internacional,Serie,No
2187,Will y Grace,Series,Comedia,Alta,Media,Histórica,Internacional,Serie,No
2188,Acacias 38,Series,Drama español,Alta,Media,Actual,Nacional,Serie,No
2189,Gran Reserva,Series,Drama español,Media,Difícil,Actual,Nacional,Serie,No
2190,Los pacientes del doctor García,Series,Drama histórico español,Media,Difícil,Actual,Nacional,Serie,No
2191,"Señor, dame paciencia",Series,Comedia española,Media,Difícil,Actual,Nacional,Serie,No
2192,Iznogoud,Personajes,Cómic,Media,Difícil,Histórica,Internacional,Personaje,No
2193,Calvin,Personajes,Cómic,Media,Difícil,Histórica,Internacional,Personaje,No
2194,Hobbes,Personajes,Cómic,Media,Difícil,Histórica,Internacional,Personaje,No
2195,Atlantis: El imperio perdido,Películas,Animación,Media,Difícil,Histórica,Internacional,Película,No
2196,El planeta del tesoro,Películas,Animación,Media,Difícil,Histórica,Internacional,Película,No
2197,Yu-Gi-Oh!,Series,Animación,Alta,Media,Histórica,Internacional,Serie,No
2198,Érase una vez... el hombre,Series,Animación educativa,Alta,Media,Histórica,Internacional,Serie,No
2199,Periodistas,Series,Drama español,Alta,Media,Histórica,Nacional,Serie,No
2200,Arde Madrid,Series,Comedia española,Alta,Media,Actual,Nacional,Serie,No
2201,Hierro,Series,Thriller español,Alta,Media,Actual,Nacional,Serie,No
2202,Patria,Series,Drama español,Alta,Media,Actual,Nacional,Serie,No
2203,La novia gitana,Series,Thriller español,Media,Difícil,Actual,Nacional,Serie,No
2204,Reina Roja,Series,Thriller español,Alta,Media,Actual,Nacional,Serie,No
2205,El cuerpo en llamas,Series,Thriller español,Media,Difícil,Actual,Nacional,Serie,No
2206,Corto Maltés,Personajes,Cómic,Media,Difícil,Histórica,Internacional,Personaje,No
2207,Kratos,Personajes,Videojuegos,Media,Difícil,Actual,Internacional,Personaje,No
2208,Master Chief,Personajes,Videojuegos,Media,Difícil,Actual,Internacional,Personaje,No
2209,Marco Antonio,Historia,Político romano,Baja,Muy difícil,Histórica,Internacional,Persona,No
2210,Nueva Delhi,Lugares,Ciudad,Media,Difícil,Actual,Internacional,Lugar,No
2212,Reservoir Dogs,Películas,Thriller,Media,Difícil,Histórica,Internacional,Película,No
2213,La huérfana,Películas,Terror,Media,Difícil,Actual,Internacional,Película,No
2214,El corredor del laberinto,Películas,Ciencia ficción,Media,Difícil,Actual,Internacional,Película,No
2217,La princesa Mononoke,Películas,Animación,Media,Difícil,Histórica,Internacional,Película,No
2218,El gigante de hierro,Películas,Animación,Media,Difícil,Histórica,Internacional,Película,No
2219,Oliver y su pandilla,Películas,Animación,Media,Difícil,Histórica,Internacional,Película,No
2220,El emperador y sus locuras,Películas,Animación,Media,Difícil,Actual,Internacional,Película,No
2221,Bolt,Películas,Animación,Muy alta,Fácil,Actual,Internacional,Película,Sí
2222,El buen dinosaurio,Películas,Animación,Media,Difícil,Actual,Internacional,Película,No
2223,Monstruos contra alienígenas,Películas,Animación,Media,Difícil,Actual,Internacional,Película,No
2224,Megamind,Películas,Animación,Media,Difícil,Actual,Internacional,Película,No
2225,Rango,Películas,Animación,Media,Difícil,Actual,Internacional,Película,No
2226,Los Mitchell contra las máquinas,Películas,Animación,Media,Difícil,Actual,Internacional,Película,No
2228,Transformers,Películas,Película,Muy alta,Fácil,Actual,Internacional,Película,Sí
2229,Minions,Películas,Película,Alta,Media,Actual,Internacional,Película,No
2231,Desayuno con diamantes,Películas,Película,Media,Difícil,Actual,Internacional,Película,No
2232,Wonka,Películas,Película,Alta,Media,Actual,Internacional,Película,No
2233,Cruella,Películas,Película,Alta,Media,Actual,Internacional,Película,No
2234,Eragon,Películas,Película,Media,Difícil,Actual,Internacional,Película,No
2235,Zodiac,Películas,Película,Media,Difícil,Actual,Internacional,Película,No
2236,La naranja mecánica,Películas,Película,Alta,Media,Actual,Internacional,Película,No
2237,1917,Películas,Película,Media,Difícil,Actual,Internacional,Película,No
2238,Speed,Películas,Película,Media,Difícil,Actual,Internacional,Película,No
2239,Zootrópolis,Películas,Película,Muy alta,Fácil,Actual,Internacional,Película,Sí
2240,Your Name,Películas,Película,Media,Difícil,Actual,Internacional,Película,No
2241,Dragon Ball,Series,Serie,Muy alta,Fácil,Clásica,Internacional,Serie,Sí
2242,Looney Tunes,Series,Serie,Muy alta,Fácil,Actual,Internacional,Serie,Sí
2243,Kim Possible,Series,Serie,Alta,Media,Actual,Internacional,Serie,No
2244,Rick y Morty,Series,Serie,Muy alta,Fácil,Actual,Internacional,Serie,No
2245,La Casa del Dragón,Series,Serie,Alta,Media,Actual,Internacional,Serie,No
2247,Fringe,Series,Serie,Alta,Media,Clásica,Internacional,Serie,No
2248,Euphoria,Series,Serie,Alta,Media,Actual,Internacional,Serie,No
2249,Orange Is the New Black,Series,Serie,Alta,Media,Actual,Internacional,Serie,No
2250,La ruta,Series,Serie,Alta,Media,Actual,Nacional,Serie,No
2251,George Harrison,Música,Cantante,Alta,Media,Actual,Internacional,Persona,No
2252,Rod Stewart,Música,Cantante,Alta,Media,Actual,Internacional,Persona,No
2253,Jimi Hendrix,Música,Cantante,Alta,Media,Actual,Internacional,Persona,No
2254,Manolo Escobar,Música,Cantante,Muy alta,Fácil,Actual,Nacional,Persona,Sí
2255,Valencia CF,Deportes,Equipos y clubes,Alta,Media,Actual,Internacional,Equipo,Sí
2256,Villarreal CF,Deportes,Equipos y clubes,Media,Difícil,Actual,Internacional,Equipo,No
2257,Manchester City,Deportes,Equipos y clubes,Muy alta,Fácil,Actual,Internacional,Equipo,Sí
2258,Bayern de Múnich,Deportes,Equipos y clubes,Muy alta,Fácil,Actual,Internacional,Equipo,Sí
2259,AC Milan,Deportes,Equipos y clubes,Media,Difícil,Actual,Internacional,Equipo,No
2260,Ajax,Deportes,Equipos y clubes,Media,Difícil,Actual,Internacional,Equipo,No
2261,Brasil,Lugares,País,Muy alta,Fácil,Actual,Internacional,Lugar,Sí
2262,Francia,Lugares,País,Muy alta,Fácil,Actual,Internacional,Lugar,Sí
2263,Inglaterra,Lugares,País,Muy alta,Fácil,Actual,Internacional,Lugar,Sí
2264,Copa del Rey,Deportes,Evento,Muy alta,Fácil,Actual,Nacional,Evento,Sí
2265,NBA,Deportes,Evento,Muy alta,Fácil,Actual,Internacional,Evento,Sí
2266,Roland Garros,Deportes,Evento,Media,Difícil,Actual,Internacional,Evento,No
2267,Fórmula 1,Deportes,Evento,Muy alta,Fácil,Actual,Internacional,Evento,Sí
2268,Maratón,Deportes,Evento,Muy alta,Fácil,Actual,Internacional,Evento,Sí
2269,Bota de Oro,Deportes,Evento,Media,Difícil,Actual,Internacional,Evento,No
2270,Capitán Trueno,Personajes,Personaje,Media,Difícil,Actual,Nacional,Personaje,No
2272,Silvestre,Personajes,Personaje,Media,Difícil,Actual,Internacional,Personaje,No
2273,Bilbo Bolsón,Personajes,Personaje,Media,Difícil,Actual,Internacional,Personaje,No
2275,Robin,Personajes,Personaje,Media,Difícil,Actual,Internacional,Personaje,No
2276,Rayo McQueen,Personajes,Animación,Muy alta,Fácil,Actual,Internacional,Personaje,Sí
2277,Remy,Personajes,Personaje,Media,Difícil,Actual,Internacional,Personaje,No
2278,Olaf,Personajes,Personaje,Muy alta,Fácil,Actual,Internacional,Personaje,Sí
2279,Bella,Personajes,Personaje,Muy alta,Fácil,Actual,Internacional,Personaje,Sí
2280,Harry el Sucio,Personajes,Personaje,Alta,Media,Actual,Internacional,Personaje,No
2281,Walter White,Personajes,Personaje,Alta,Media,Actual,Internacional,Personaje,No
2282,Jon Snow,Personajes,Personaje,Alta,Media,Actual,Internacional,Personaje,No
2283,Wednesday Addams,Personajes,Personaje,Alta,Media,Actual,Internacional,Personaje,Sí
2284,Groot,Personajes,Personaje,Alta,Media,Actual,Internacional,Personaje,Sí
2285,Macbeth,Literatura,Obra,Alta,Media,Actual,Internacional,Obra,No
2286,El conde de Montecristo,Literatura,Obra,Media,Difícil,Actual,Internacional,Obra,No
2287,Rapunzel,Literatura,Personaje,Muy alta,Fácil,Actual,Internacional,Personaje,Sí
2288,El flautista de Hamelín,Literatura,Obra,Media,Difícil,Actual,Internacional,Obra,No
2289,Tom Sawyer,Literatura,Personaje,Alta,Media,Actual,Internacional,Personaje,No
2290,Dr. Jekyll y Mr. Hyde,Literatura,Obra,Media,Difícil,Actual,Internacional,Obra,No
2291,Manolito Gafotas,Literatura,Personaje,Media,Difícil,Actual,Nacional,Personaje,No
2292,Los Pitufos,Series,Animación,Muy alta,Fácil,Actual,Internacional,Serie,Sí
2293,Rafael,Arte,Artista,Alta,Media,Actual,Internacional,Persona,No
2294,Murillo,Arte,Artista,Alta,Media,Actual,Internacional,Persona,No
2295,Sorolla,Arte,Artista,Alta,Media,Actual,Internacional,Persona,No
2300,La joven de la perla,Arte,Obra,Alta,Media,Actual,Internacional,Obra,No
2301,Saturno devorando a su hijo,Arte,Obra,Media,Difícil,Actual,Internacional,Obra,No
2302,El caballero de la mano en el pecho,Arte,Obra,Media,Difícil,Actual,Internacional,Obra,No
2303,El beso de Rodin,Arte,Obra,Media,Difícil,Actual,Internacional,Obra,No
2305,John F. Kennedy,Historia,Personaje histórico,Alta,Media,Histórica,Internacional,Persona,No
2306,Donald Trump,Historia,Personaje histórico,Muy alta,Fácil,Histórica,Internacional,Persona,Sí
2307,Adolf Hitler,Historia,Personaje histórico,Muy alta,Fácil,Histórica,Internacional,Persona,No
2308,Hipatia,Historia,Personaje histórico,Media,Difícil,Histórica,Internacional,Persona,No
2309,Américo Vespucio,Historia,Personaje histórico,Alta,Media,Histórica,Internacional,Persona,No
2310,Revolución Industrial,Historia,Evento,Alta,Media,Histórica,Internacional,Evento,No
2311,Guerra Civil Española,Historia,Evento,Muy alta,Fácil,Histórica,Nacional,Evento,No
2312,Descubrimiento de América,Historia,Evento,Muy alta,Fácil,Histórica,Internacional,Evento,Sí
2313,Edad Media,Historia,Evento,Muy alta,Fácil,Actual,Internacional,Evento,Sí
2314,Imperio Griego,Historia,Civilización,Alta,Media,Actual,Internacional,Evento,No
2315,Cruzadas,Historia,Evento,Alta,Media,Actual,Internacional,Evento,No
2316,Tratado de Versalles,Historia,Evento,Alta,Media,Actual,Internacional,Evento,No
2317,Batalla de Lepanto,Historia,Evento,Alta,Media,Histórica,Nacional,Evento,No
2318,Pompeya,Lugares,Ciudad,Media,Difícil,Actual,Internacional,Lugar,No
2320,Puerta de Brandeburgo,Lugares,Monumento,Baja,Muy difícil,Actual,Internacional,Lugar,No
2321,Castillo de Neuschwanstein,Lugares,Monumento,Baja,Muy difícil,Actual,Internacional,Lugar,No
2322,Teatro Romano de Mérida,Lugares,Monumento,Baja,Muy difícil,Actual,Nacional,Lugar,No
2323,Córdoba,Lugares,Lugar,Media,Difícil,Actual,Nacional,Lugar,No
2324,San Sebastián,Lugares,Lugar,Media,Difícil,Actual,Nacional,Lugar,No
2325,Murcia,Lugares,Lugar,Media,Difícil,Actual,Nacional,Lugar,No
2326,Lanzarote,Lugares,Lugar,Muy alta,Fácil,Actual,Nacional,Lugar,Sí
2327,Asturias,Lugares,Lugar,Media,Difícil,Actual,Nacional,Lugar,No
2328,Cataluña,Lugares,Lugar,Muy alta,Fácil,Actual,Nacional,Lugar,Sí
2329,Castilla-La Mancha,Lugares,Lugar,Media,Difícil,Actual,Nacional,Lugar,No
2330,La Rioja,Lugares,Lugar,Media,Difícil,Actual,Nacional,Lugar,No
2331,Pirineos,Lugares,Lugar,Media,Difícil,Actual,Internacional,Lugar,No
2333,Himalaya,Lugares,Lugar,Media,Difícil,Actual,Internacional,Lugar,No
2335,Polo Norte,Lugares,Lugar,Muy alta,Fácil,Actual,Internacional,Lugar,Sí
2337,Cancún,Lugares,Lugar,Media,Difícil,Actual,Internacional,Lugar,No
2338,Santiago de Chile,Lugares,Lugar,Media,Difícil,Actual,Internacional,Lugar,No
2339,Milán,Lugares,Lugar,Media,Difícil,Actual,Internacional,Lugar,No
2340,Moscú,Lugares,Lugar,Muy alta,Fácil,Actual,Internacional,Lugar,Sí
2341,Melbourne,Lugares,Lugar,Media,Difícil,Actual,Internacional,Lugar,No
2342,Bali,Lugares,Lugar,Media,Difícil,Actual,Internacional,Lugar,No
2343,Hawái,Lugares,Lugar,Muy alta,Fácil,Actual,Internacional,Lugar,Sí
2344,Universal Studios,Lugares,Lugar,Media,Difícil,Actual,Internacional,Lugar,No
2345,Nocilla,Marcas,Marca,Muy alta,Fácil,Actual,Nacional,Marca,Sí
2346,Campofrío,Marcas,Marca,Muy alta,Fácil,Actual,Nacional,Marca,Sí
2347,New Balance,Marcas,Marca,Media,Difícil,Actual,Internacional,Marca,No
2348,Marvel,Marcas,Marca,Muy alta,Fácil,Actual,Internacional,Marca,Sí
2349,Atari,Marcas,Marca,Media,Difícil,Actual,Internacional,Marca,No
2350,Nokia,Marcas,Marca,Muy alta,Fácil,Actual,Internacional,Marca,Sí
2351,Lamborghini,Marcas,Marca,Muy alta,Fácil,Actual,Internacional,Marca,Sí
2352,Fiat,Marcas,Marca,Muy alta,Fácil,Actual,Internacional,Marca,Sí
2353,Vespa,Marcas,Marca,Muy alta,Fácil,Actual,Internacional,Marca,Sí
2354,Lidl,Marcas,Marca,Muy alta,Fácil,Actual,Internacional,Marca,Sí
2355,Perseo,Mitología,Mitología,Media,Difícil,Actual,Internacional,Personaje,No
2356,Vampiro,Mitología,Mitología,Muy alta,Fácil,Actual,Internacional,Personaje,Sí
2357,Hada,Mitología,Mitología,Muy alta,Fácil,Actual,Internacional,Personaje,Sí
2358,Elfo,Mitología,Mitología,Muy alta,Fácil,Actual,Internacional,Personaje,Sí
2359,Orco,Mitología,Mitología,Media,Difícil,Actual,Internacional,Personaje,No
2360,Merlín,Mitología,Mitología,Muy alta,Fácil,Actual,Internacional,Personaje,Sí
2362,Viracocha,Mitología,Mitología,Baja,Muy difícil,Actual,Internacional,Personaje,No
2364,Grecia Antigua,Historia,Civilizaciones y acontecimientos,Alta,Media,Histórica,Internacional,Evento,No
2365,Imperio Bizantino,Historia,Civilizaciones y acontecimientos,Alta,Media,Histórica,Internacional,Evento,No
2366,Imperio Otomano,Historia,Civilizaciones y acontecimientos,Alta,Media,Histórica,Internacional,Evento,No
2367,Imperio Mongol,Historia,Civilizaciones y acontecimientos,Alta,Media,Histórica,Internacional,Evento,No
2368,Civilización Maya,Historia,Evento,Alta,Media,Histórica,Internacional,Evento,No
2369,Día D,Historia,Evento,Alta,Media,Histórica,Internacional,Evento,No
2370,Caída del Muro de Berlín,Historia,Evento,Muy alta,Fácil,Histórica,Internacional,Evento,Sí
2371,Hundimiento del Titanic,Historia,Evento,Muy alta,Fácil,Clásica,Internacional,Evento,No
2372,Peste Negra,Historia,Civilizaciones y acontecimientos,Alta,Media,Histórica,Internacional,Evento,No
2373,Esparta,Historia,Civilizaciones y acontecimientos,Alta,Media,Histórica,Internacional,Evento,No
2374,Woodstock,Historia,Civilizaciones y acontecimientos,Alta,Media,Histórica,Internacional,Evento,No
2375,Salvador Allende,Historia,Personaje histórico,Alta,Media,Histórica,Internacional,Persona,No
2376,Ramsés III,Historia,Personaje histórico,Baja,Muy difícil,Histórica,Internacional,Persona,No
2377,Constantino,Historia,Personaje histórico,Alta,Media,Histórica,Internacional,Persona,No
2378,Carlomagno,Historia,Personaje histórico,Alta,Media,Histórica,Internacional,Persona,No
2379,Marco Aurelio,Historia,Personaje histórico,Alta,Media,Histórica,Internacional,Persona,No
2380,Aníbal Barca,Historia,Personaje histórico,Media,Difícil,Histórica,Internacional,Persona,No
2381,Miyamoto Musashi,Historia,Personaje histórico,Baja,Muy difícil,Histórica,Internacional,Persona,No
2382,Sun Tzu,Historia,Personaje histórico,Alta,Media,Histórica,Internacional,Persona,No
2383,Nostradamus,Historia,Personaje histórico,Alta,Media,Histórica,Internacional,Persona,No
2384,Florence Nightingale,Historia,Personaje histórico,Alta,Media,Histórica,Internacional,Persona,No
2385,Hedy Lamarr,Ciencia,Científicos e inventores,Baja,Muy difícil,Actual,Internacional,Persona,No
2386,Katherine Johnson,Ciencia,Científicos e inventores,Baja,Muy difícil,Actual,Internacional,Persona,No
2387,Tim Berners-Lee,Ciencia,Científicos e inventores,Media,Difícil,Actual,Internacional,Persona,No
2388,Steve Wozniak,Ciencia,Tecnología,Media,Difícil,Actual,Internacional,Persona,No
2389,Elon Musk,Ciencia,Tecnología,Muy alta,Fácil,Actual,Internacional,Persona,Sí
2390,Mark Zuckerberg,Ciencia,Tecnología,Alta,Media,Actual,Internacional,Persona,No
2391,Jeff Bezos,Ciencia,Tecnología,Alta,Media,Actual,Internacional,Persona,No
2392,Jane Goodall,Ciencia,Personas y descubrimientos,Media,Difícil,Histórica,Internacional,Persona,No
2393,Carl Sagan,Ciencia,Personas y descubrimientos,Media,Difícil,Histórica,Internacional,Persona,No
2394,Richard Feynman,Ciencia,Personas y descubrimientos,Baja,Muy difícil,Histórica,Internacional,Persona,No
2395,Gregor Mendel,Ciencia,Personas y descubrimientos,Media,Difícil,Histórica,Internacional,Persona,No
2396,Rosalind Franklin,Ciencia,Personas y descubrimientos,Baja,Muy difícil,Histórica,Internacional,Persona,No
2397,Dmitri Mendeléyev,Ciencia,Personas y descubrimientos,Baja,Muy difícil,Histórica,Internacional,Persona,No
2398,Niels Bohr,Ciencia,Personas y descubrimientos,Baja,Muy difícil,Histórica,Internacional,Persona,No
2399,Erwin Schrödinger,Ciencia,Personas y descubrimientos,Baja,Muy difícil,Histórica,Internacional,Persona,No
2400,Werner Heisenberg,Ciencia,Personas y descubrimientos,Baja,Muy difícil,Histórica,Internacional,Persona,No
2401,James Clerk Maxwell,Ciencia,Personas y descubrimientos,Baja,Muy difícil,Histórica,Internacional,Persona,No
2402,Michael Faraday,Ciencia,Personas y descubrimientos,Baja,Muy difícil,Histórica,Internacional,Persona,No
2403,Robert Hooke,Ciencia,Personas y descubrimientos,Baja,Muy difícil,Histórica,Internacional,Persona,No
2404,Antoine Lavoisier,Ciencia,Personas y descubrimientos,Baja,Muy difícil,Histórica,Internacional,Persona,No
2405,Arquímedes,Ciencia,Personas y descubrimientos,Alta,Media,Histórica,Internacional,Persona,No
2406,Santiago Ramón y Cajal,Ciencia,Personas y descubrimientos,Alta,Media,Histórica,Internacional,Persona,No
2407,Severo Ochoa,Ciencia,Personas y descubrimientos,Media,Difícil,Histórica,Internacional,Persona,No
2411,Motivos personales,Series,Drama,Media,Difícil,Histórica,Nacional,Serie,No
2412,Bobobo,Personajes,Anime,Media,Difícil,Histórica,Internacional,Personaje,No
2413,Aruba,Lugares,País,Baja,Muy difícil,Actual,Internacional,Lugar,No
2414,Afganistán,Lugares,País,Muy alta,Fácil,Actual,Internacional,Lugar,Sí
2415,Angola,Lugares,País,Baja,Muy difícil,Actual,Internacional,Lugar,No
2416,Anguila,Lugares,País,Baja,Muy difícil,Actual,Internacional,Lugar,No
2417,Islas Aland,Lugares,País,Baja,Muy difícil,Actual,Internacional,Lugar,No
2418,Albania,Lugares,País,Baja,Muy difícil,Actual,Internacional,Lugar,No
2419,Andorra,Lugares,País,Muy alta,Fácil,Actual,Internacional,Lugar,Sí
2421,Armenia,Lugares,País,Baja,Muy difícil,Actual,Internacional,Lugar,No
2422,Samoa Americana,Lugares,País,Baja,Muy difícil,Actual,Internacional,Lugar,No
2423,Antártida,Lugares,País,Baja,Muy difícil,Actual,Internacional,Lugar,No
2424,Territorios Australes Franceses,Lugares,País,Baja,Muy difícil,Actual,Internacional,Lugar,No
2425,Antigua y Barbuda,Lugares,País,Baja,Muy difícil,Actual,Internacional,Lugar,No
2426,Azerbaiyán,Lugares,País,Baja,Muy difícil,Actual,Internacional,Lugar,No
2427,Burundi,Lugares,País,Baja,Muy difícil,Actual,Internacional,Lugar,No
2429,Benín,Lugares,País,Baja,Muy difícil,Actual,Internacional,Lugar,No
2430,Caribe neerlandés,Lugares,País,Baja,Muy difícil,Actual,Internacional,Lugar,No
2431,Burkina Faso,Lugares,País,Baja,Muy difícil,Actual,Internacional,Lugar,No
2432,Bangladés,Lugares,País,Baja,Muy difícil,Actual,Internacional,Lugar,No
2433,Baréin,Lugares,País,Baja,Muy difícil,Actual,Internacional,Lugar,No
2434,Bahamas,Lugares,País,Baja,Muy difícil,Actual,Internacional,Lugar,No
2435,Bosnia y Herzegovina,Lugares,País,Baja,Muy difícil,Actual,Internacional,Lugar,No
2436,San Bartolomé,Lugares,País,Baja,Muy difícil,Actual,Internacional,Lugar,No
2437,Bielorrusia,Lugares,País,Baja,Muy difícil,Actual,Internacional,Lugar,No
2438,Belice,Lugares,País,Baja,Muy difícil,Actual,Internacional,Lugar,No
2439,Bermudas,Lugares,País,Baja,Muy difícil,Actual,Internacional,Lugar,No
2442,Barbados,Lugares,País,Baja,Muy difícil,Actual,Internacional,Lugar,No
2443,Brunéi,Lugares,País,Baja,Muy difícil,Actual,Internacional,Lugar,No
2444,Bután,Lugares,País,Baja,Muy difícil,Actual,Internacional,Lugar,No
2445,Isla Bouvet,Lugares,País,Baja,Muy difícil,Actual,Internacional,Lugar,No
2446,Botsuana,Lugares,País,Baja,Muy difícil,Actual,Internacional,Lugar,No
2447,República Centroafricana,Lugares,País,Baja,Muy difícil,Actual,Internacional,Lugar,No
2448,Islas Cocos,Lugares,País,Baja,Muy difícil,Actual,Internacional,Lugar,No
2450,Costa de Marfil,Lugares,País,Baja,Muy difícil,Actual,Internacional,Lugar,No
2451,Camerún,Lugares,País,Baja,Muy difícil,Actual,Internacional,Lugar,No
2452,República Democrática del Congo,Lugares,País,Baja,Muy difícil,Actual,Internacional,Lugar,No
2453,República del Congo,Lugares,País,Baja,Muy difícil,Actual,Internacional,Lugar,No
2454,Islas Cook,Lugares,País,Baja,Muy difícil,Actual,Internacional,Lugar,No
2455,Comoras,Lugares,País,Baja,Muy difícil,Actual,Internacional,Lugar,No
2456,Cabo Verde,Lugares,País,Baja,Muy difícil,Actual,Internacional,Lugar,No
2457,Costa Rica,Lugares,País,Muy alta,Fácil,Actual,Internacional,Lugar,Sí
2458,Curazao,Lugares,País,Baja,Muy difícil,Actual,Internacional,Lugar,No
2459,Isla de Navidad,Lugares,País,Baja,Muy difícil,Actual,Internacional,Lugar,No
2460,Islas Caimán,Lugares,País,Baja,Muy difícil,Actual,Internacional,Lugar,No
2461,Chipre,Lugares,País,Muy alta,Fácil,Actual,Internacional,Lugar,Sí
2463,Alemania,Lugares,País,Muy alta,Fácil,Actual,Internacional,Lugar,Sí
2464,Yibuti,Lugares,País,Baja,Muy difícil,Actual,Internacional,Lugar,No
2465,Dominica,Lugares,País,Baja,Muy difícil,Actual,Internacional,Lugar,No
2470,Eritrea,Lugares,País,Baja,Muy difícil,Actual,Internacional,Lugar,No
2471,Sáhara Occidental,Lugares,País,Baja,Muy difícil,Actual,Internacional,Lugar,No
2473,Estonia,Lugares,País,Baja,Muy difícil,Actual,Internacional,Lugar,No
2476,Fiyi,Lugares,País,Baja,Muy difícil,Actual,Internacional,Lugar,No
2477,Islas Malvinas,Lugares,País,Baja,Muy difícil,Actual,Internacional,Lugar,No
2479,Islas Feroe,Lugares,País,Baja,Muy difícil,Actual,Internacional,Lugar,No
2480,Micronesia,Lugares,País,Baja,Muy difícil,Actual,Internacional,Lugar,No
2481,Gabón,Lugares,País,Baja,Muy difícil,Actual,Internacional,Lugar,No
2483,Georgia,Lugares,País,Baja,Muy difícil,Actual,Internacional,Lugar,No
2484,Guernesey,Lugares,País,Baja,Muy difícil,Actual,Internacional,Lugar,No
2485,Ghana,Lugares,País,Baja,Muy difícil,Actual,Internacional,Lugar,No
2486,Gibraltar,Lugares,País,Baja,Muy difícil,Actual,Internacional,Lugar,No
2487,Guinea,Lugares,País,Baja,Muy difícil,Actual,Internacional,Lugar,No
2488,Guadalupe,Lugares,País,Baja,Muy difícil,Actual,Internacional,Lugar,No
2489,Gambia,Lugares,País,Baja,Muy difícil,Actual,Internacional,Lugar,No
2490,Guinea-Bisáu,Lugares,País,Baja,Muy difícil,Actual,Internacional,Lugar,No
2491,Guinea Ecuatorial,Lugares,País,Baja,Muy difícil,Actual,Internacional,Lugar,No
2494,Groenlandia,Lugares,País,Baja,Muy difícil,Actual,Internacional,Lugar,No
2495,Guatemala,Lugares,País,Muy alta,Fácil,Actual,Internacional,Lugar,Sí
2496,Guayana Francesa,Lugares,País,Baja,Muy difícil,Actual,Internacional,Lugar,No
2497,Guam,Lugares,País,Baja,Muy difícil,Actual,Internacional,Lugar,No
2498,Guyana,Lugares,País,Baja,Muy difícil,Actual,Internacional,Lugar,No
2499,Islas Heard y McDonald,Lugares,País,Baja,Muy difícil,Actual,Internacional,Lugar,No
2500,Honduras,Lugares,País,Baja,Muy difícil,Actual,Internacional,Lugar,No
2502,Haití,Lugares,País,Baja,Muy difícil,Actual,Internacional,Lugar,No
2504,Isla de Man,Lugares,País,Baja,Muy difícil,Actual,Internacional,Lugar,No
2505,Territorio Británico del Océano Índico,Lugares,País,Baja,Muy difícil,Actual,Internacional,Lugar,No
2507,Irán,Lugares,País,Muy alta,Fácil,Actual,Internacional,Lugar,Sí
2508,Irak,Lugares,País,Muy alta,Fácil,Actual,Internacional,Lugar,Sí
2510,Italia,Lugares,País,Muy alta,Fácil,Actual,Internacional,Lugar,Sí
2511,Jamaica,Lugares,País,Muy alta,Fácil,Actual,Internacional,Lugar,Sí
2512,Jersey,Lugares,País,Baja,Muy difícil,Actual,Internacional,Lugar,No
2513,Jordania,Lugares,País,Baja,Muy difícil,Actual,Internacional,Lugar,No
2515,Kazajistán,Lugares,País,Baja,Muy difícil,Actual,Internacional,Lugar,No
2517,Kirguistán,Lugares,País,Baja,Muy difícil,Actual,Internacional,Lugar,No
2518,Camboya,Lugares,País,Baja,Muy difícil,Actual,Internacional,Lugar,No
2519,Kiribati,Lugares,País,Baja,Muy difícil,Actual,Internacional,Lugar,No
2520,San Cristóbal y Nieves,Lugares,País,Baja,Muy difícil,Actual,Internacional,Lugar,No
2522,Kuwait,Lugares,País,Baja,Muy difícil,Actual,Internacional,Lugar,No
2523,Laos,Lugares,País,Baja,Muy difícil,Actual,Internacional,Lugar,No
2524,Líbano,Lugares,País,Baja,Muy difícil,Actual,Internacional,Lugar,No
2525,Liberia,Lugares,País,Baja,Muy difícil,Actual,Internacional,Lugar,No
2526,Libia,Lugares,País,Baja,Muy difícil,Actual,Internacional,Lugar,No
2527,Santa Lucía,Lugares,País,Baja,Muy difícil,Actual,Internacional,Lugar,No
2528,Liechtenstein,Lugares,País,Baja,Muy difícil,Actual,Internacional,Lugar,No
2529,Sri Lanka,Lugares,País,Baja,Muy difícil,Actual,Internacional,Lugar,No
2530,Lesoto,Lugares,País,Baja,Muy difícil,Actual,Internacional,Lugar,No
2531,Lituania,Lugares,País,Baja,Muy difícil,Actual,Internacional,Lugar,No
2532,Luxemburgo,Lugares,País,Baja,Muy difícil,Actual,Internacional,Lugar,No
2533,Letonia,Lugares,País,Baja,Muy difícil,Actual,Internacional,Lugar,No
2534,Macao,Lugares,País,Baja,Muy difícil,Actual,Internacional,Lugar,No
2535,San Martín,Lugares,País,Baja,Muy difícil,Actual,Internacional,Lugar,No
2537,Moldavia,Lugares,País,Baja,Muy difícil,Actual,Internacional,Lugar,No
2538,Maldivas,Lugares,País,Baja,Muy difícil,Actual,Internacional,Lugar,No
2539,Islas Marshall,Lugares,País,Baja,Muy difícil,Actual,Internacional,Lugar,No
2540,Macedonia del Norte,Lugares,País,Baja,Muy difícil,Actual,Internacional,Lugar,No
2541,Mali,Lugares,País,Baja,Muy difícil,Actual,Internacional,Lugar,No
2542,Myanmar (Birmania),Lugares,País,Baja,Muy difícil,Actual,Internacional,Lugar,No
2543,Montenegro,Lugares,País,Baja,Muy difícil,Actual,Internacional,Lugar,No
2544,Mongolia,Lugares,País,Baja,Muy difícil,Actual,Internacional,Lugar,No
2545,Islas Marianas del Norte,Lugares,País,Baja,Muy difícil,Actual,Internacional,Lugar,No
2546,Mozambique,Lugares,País,Baja,Muy difícil,Actual,Internacional,Lugar,No
2547,Mauritania,Lugares,País,Baja,Muy difícil,Actual,Internacional,Lugar,No
2548,Montserrat,Lugares,País,Baja,Muy difícil,Actual,Internacional,Lugar,No
2549,Martinica,Lugares,País,Baja,Muy difícil,Actual,Internacional,Lugar,No
2550,Mauricio,Lugares,País,Baja,Muy difícil,Actual,Internacional,Lugar,No
2551,Malaui,Lugares,País,Baja,Muy difícil,Actual,Internacional,Lugar,No
2552,Malasia,Lugares,País,Baja,Muy difícil,Actual,Internacional,Lugar,No
2553,Mayotte,Lugares,País,Baja,Muy difícil,Actual,Internacional,Lugar,No
2554,Namibia,Lugares,País,Baja,Muy difícil,Actual,Internacional,Lugar,No
2555,Nueva Caledonia,Lugares,País,Baja,Muy difícil,Actual,Internacional,Lugar,No
2556,Níger,Lugares,País,Baja,Muy difícil,Actual,Internacional,Lugar,No
2557,Isla Norfolk,Lugares,País,Baja,Muy difícil,Actual,Internacional,Lugar,No
2558,Nicaragua,Lugares,País,Baja,Muy difícil,Actual,Internacional,Lugar,No
2559,Niue,Lugares,País,Baja,Muy difícil,Actual,Internacional,Lugar,No
2562,Nepal,Lugares,País,Baja,Muy difícil,Actual,Internacional,Lugar,No
2563,Nauru,Lugares,País,Baja,Muy difícil,Actual,Internacional,Lugar,No
2564,Nueva Zelanda,Lugares,País,Muy alta,Fácil,Actual,Internacional,Lugar,Sí
2565,Omán,Lugares,País,Baja,Muy difícil,Actual,Internacional,Lugar,No
2566,Pakistán,Lugares,País,Muy alta,Fácil,Actual,Internacional,Lugar,Sí
2567,Panamá,Lugares,País,Muy alta,Fácil,Actual,Internacional,Lugar,Sí
2568,Islas Pitcairn,Lugares,País,Baja,Muy difícil,Actual,Internacional,Lugar,No
2570,Palaos,Lugares,País,Baja,Muy difícil,Actual,Internacional,Lugar,No
2571,Papúa Nueva Guinea,Lugares,País,Alta,Media,Actual,Internacional,Lugar,Sí
2573,Puerto Rico,Lugares,País,Muy alta,Fácil,Actual,Internacional,Lugar,Sí
2574,Corea del Norte,Lugares,País,Muy alta,Fácil,Actual,Internacional,Lugar,Sí
2575,Palestina,Lugares,País,Media,Difícil,Actual,Internacional,Lugar,No
2576,Polinesia Francesa,Lugares,País,Baja,Muy difícil,Actual,Internacional,Lugar,No
2577,Catar,Lugares,País,Baja,Muy difícil,Actual,Internacional,Lugar,No
2578,Reunión,Lugares,País,Baja,Muy difícil,Actual,Internacional,Lugar,No
2581,Ruanda,Lugares,País,Baja,Muy difícil,Actual,Internacional,Lugar,No
2583,Sudán,Lugares,País,Baja,Muy difícil,Actual,Internacional,Lugar,No
2584,Senegal,Lugares,País,Baja,Muy difícil,Actual,Internacional,Lugar,No
2585,Singapur,Lugares,País,Media,Difícil,Actual,Internacional,Lugar,No
2586,Islas Georgia del Sur y Sandwich del Sur,Lugares,País,Baja,Muy difícil,Actual,Internacional,Lugar,No
2587,Santa Elena,Lugares,País,Baja,Muy difícil,Actual,Internacional,Lugar,No
2588,Svalbard y Jan Mayen,Lugares,País,Baja,Muy difícil,Actual,Internacional,Lugar,No
2589,Islas Salomón,Lugares,País,Baja,Muy difícil,Actual,Internacional,Lugar,No
2590,Sierra Leona,Lugares,País,Baja,Muy difícil,Actual,Internacional,Lugar,No
2591,El Salvador,Lugares,País,Baja,Muy difícil,Actual,Internacional,Lugar,No
2592,San Marino,Lugares,País,Baja,Muy difícil,Actual,Internacional,Lugar,No
2593,Somalia,Lugares,País,Baja,Muy difícil,Actual,Internacional,Lugar,No
2594,San Pedro y Miquelón,Lugares,País,Baja,Muy difícil,Actual,Internacional,Lugar,No
2595,Serbia,Lugares,País,Baja,Muy difícil,Actual,Internacional,Lugar,No
2596,Sudán del Sur,Lugares,País,Baja,Muy difícil,Actual,Internacional,Lugar,No
2597,Santo Tomé y Príncipe,Lugares,País,Baja,Muy difícil,Actual,Internacional,Lugar,No
2598,Surinam,Lugares,País,Baja,Muy difícil,Actual,Internacional,Lugar,No
2599,Eslovaquia,Lugares,País,Baja,Muy difícil,Actual,Internacional,Lugar,No
2600,Eslovenia,Lugares,País,Baja,Muy difícil,Actual,Internacional,Lugar,No
2602,Esuatini,Lugares,País,Baja,Muy difícil,Actual,Internacional,Lugar,No
2603,Sint Maarten,Lugares,País,Baja,Muy difícil,Actual,Internacional,Lugar,No
2604,Seychelles,Lugares,País,Baja,Muy difícil,Actual,Internacional,Lugar,No
2605,Siria,Lugares,País,Muy alta,Fácil,Actual,Internacional,Lugar,Sí
2606,Islas Turcas y Caicos,Lugares,País,Baja,Muy difícil,Actual,Internacional,Lugar,No
2607,Chad,Lugares,País,Baja,Muy difícil,Actual,Internacional,Lugar,No
2608,Togo,Lugares,País,Baja,Muy difícil,Actual,Internacional,Lugar,No
2610,Tayikistán,Lugares,País,Baja,Muy difícil,Actual,Internacional,Lugar,No
2611,Tokelau,Lugares,País,Baja,Muy difícil,Actual,Internacional,Lugar,No
2612,Turkmenistán,Lugares,País,Baja,Muy difícil,Actual,Internacional,Lugar,No
2613,Timor-Leste,Lugares,País,Baja,Muy difícil,Actual,Internacional,Lugar,No
2614,Tonga,Lugares,País,Baja,Muy difícil,Actual,Internacional,Lugar,No
2615,Trinidad y Tobago,Lugares,País,Baja,Muy difícil,Actual,Internacional,Lugar,No
2618,Tuvalu,Lugares,País,Baja,Muy difícil,Actual,Internacional,Lugar,No
2619,Taiwán,Lugares,País,Baja,Muy difícil,Actual,Internacional,Lugar,No
2620,Tanzania,Lugares,País,Baja,Muy difícil,Actual,Internacional,Lugar,No
2621,Uganda,Lugares,País,Baja,Muy difícil,Actual,Internacional,Lugar,No
2623,Islas menores alejadas de EE. UU.,Lugares,País,Baja,Muy difícil,Actual,Internacional,Lugar,No
2625,Uzbekistán,Lugares,País,Baja,Muy difícil,Actual,Internacional,Lugar,No
2626,Ciudad del Vaticano,Lugares,País,Muy alta,Fácil,Actual,Internacional,Lugar,Sí
2627,San Vicente y las Granadinas,Lugares,País,Baja,Muy difícil,Actual,Internacional,Lugar,No
2629,Islas Vírgenes Británicas,Lugares,País,Baja,Muy difícil,Actual,Internacional,Lugar,No
2630,Islas Vírgenes de EE. UU.,Lugares,País,Baja,Muy difícil,Actual,Internacional,Lugar,No
2631,Vanuatu,Lugares,País,Baja,Muy difícil,Actual,Internacional,Lugar,No
2632,Wallis y Futuna,Lugares,País,Baja,Muy difícil,Actual,Internacional,Lugar,No
2633,Samoa,Lugares,País,Baja,Muy difícil,Actual,Internacional,Lugar,No
2634,Yemen,Lugares,País,Baja,Muy difícil,Actual,Internacional,Lugar,No
2636,Zambia,Lugares,País,Baja,Muy difícil,Actual,Internacional,Lugar,No
2637,Zimbabue,Lugares,País,Baja,Muy difícil,Actual,Internacional,Lugar,No
2640,Naomi Osaka,Deportes,Deportista,Alta,Media,Actual,Internacional,Persona,Sí
2641,Juan Carlos Navarro,Deportes,Deportista,Media,Difícil,Actual,Internacional,Persona,No
2642,Tom Brady,Deportes,Deportista,Alta,Media,Actual,Internacional,Persona,Sí
2643,Patrick Mahomes,Deportes,Deportista,Alta,Media,Actual,Internacional,Persona,Sí
2644,Wayne Gretzky,Deportes,Deportista,Media,Difícil,Actual,Internacional,Persona,No
2645,Jon Jones,Deportes,Deportista,Media,Difícil,Actual,Internacional,Persona,No
2646,Johan Neeskens,Deportes,Deportista,Media,Difícil,Actual,Internacional,Persona,No
2647,Bobby Charlton,Deportes,Deportista,Media,Difícil,Actual,Internacional,Persona,No
2649,Thiago Alcántara,Deportes,Deportista,Alta,Media,Actual,Internacional,Persona,Sí
2650,Ferran Torres,Deportes,Deportista,Alta,Media,Actual,Internacional,Persona,Sí
2651,Mikel Oyarzabal,Deportes,Deportista,Alta,Media,Actual,Internacional,Persona,Sí
2652,Unai Simón,Deportes,Deportista,Alta,Media,Actual,Internacional,Persona,Sí
2653,Marc-André ter Stegen,Deportes,Deportista,Alta,Media,Actual,Internacional,Persona,Sí
2654,Giorgio Chiellini,Deportes,Deportista,Alta,Media,Actual,Internacional,Persona,Sí
2655,Gianfranco Zola,Deportes,Deportista,Media,Difícil,Actual,Internacional,Persona,No
2656,Roberto Baggio,Deportes,Deportista,Alta,Media,Actual,Internacional,Persona,Sí
2657,Clarence Seedorf,Deportes,Deportista,Media,Difícil,Actual,Internacional,Persona,No
2658,Ruud Gullit,Deportes,Deportista,Alta,Media,Actual,Internacional,Persona,Sí
2659,Dennis Bergkamp,Deportes,Deportista,Media,Difícil,Actual,Internacional,Persona,No
2660,Patrick Vieira,Deportes,Deportista,Alta,Media,Actual,Internacional,Persona,Sí
2662,Yaya Touré,Deportes,Deportista,Media,Difícil,Actual,Internacional,Persona,No
2663,Sergio Agüero,Deportes,Deportista,Alta,Media,Actual,Internacional,Persona,Sí
2664,Javier Zanetti,Deportes,Deportista,Alta,Media,Actual,Internacional,Persona,Sí
2665,Diego Forlán,Deportes,Deportista,Media,Difícil,Actual,Internacional,Persona,No
2666,Edinson Cavani,Deportes,Deportista,Alta,Media,Actual,Internacional,Persona,Sí
2667,James Rodríguez,Deportes,Deportista,Alta,Media,Actual,Internacional,Persona,Sí
2668,Radamel Falcao,Deportes,Deportista,Alta,Media,Actual,Internacional,Persona,Sí
2669,Keylor Navas,Deportes,Deportista,Media,Difícil,Actual,Internacional,Persona,No
2670,Rafael Márquez,Deportes,Deportista,Media,Difícil,Actual,Internacional,Persona,No
2671,Chicharito Hernández,Deportes,Deportista,Alta,Media,Actual,Internacional,Persona,Sí
2672,Guillermo Ochoa,Deportes,Deportista,Media,Difícil,Actual,Internacional,Persona,No
2673,Marta Vieira,Deportes,Deportista,Media,Difícil,Actual,Internacional,Persona,No
2674,Alex Morgan,Deportes,Deportista,Alta,Media,Actual,Internacional,Persona,Sí
2675,Megan Rapinoe,Deportes,Deportista,Media,Difícil,Actual,Internacional,Persona,No
2676,Allyson Felix,Deportes,Deportista,Media,Difícil,Actual,Internacional,Persona,No
2677,Katie Ledecky,Deportes,Deportista,Media,Difícil,Actual,Internacional,Persona,No
2678,Eliud Kipchoge,Deportes,Deportista,Media,Difícil,Actual,Internacional,Persona,No
2679,Paula Radcliffe,Deportes,Deportista,Media,Difícil,Actual,Internacional,Persona,No
2680,Marit Bjørgen,Deportes,Deportista,Media,Difícil,Actual,Internacional,Persona,No
2681,Jonas Vingegaard,Deportes,Deportista,Media,Difícil,Actual,Internacional,Persona,No
2682,Mark Cavendish,Deportes,Deportista,Media,Difícil,Actual,Internacional,Persona,No
2683,Peter Sagan,Deportes,Deportista,Media,Difícil,Actual,Internacional,Persona,No
2684,Fabio Wibmer,Deportes,Deportista,Media,Difícil,Actual,Internacional,Persona,No
2685,Tony Parker,Deportes,Deportista,Media,Difícil,Actual,Internacional,Persona,No
2686,Manu Ginóbili,Deportes,Deportista,Media,Difícil,Actual,Internacional,Persona,No
2687,Kyrie Irving,Deportes,Deportista,Media,Difícil,Actual,Internacional,Persona,No
2688,Russell Westbrook,Deportes,Deportista,Media,Difícil,Actual,Internacional,Persona,No
2689,Vince Carter,Deportes,Deportista,Media,Difícil,Actual,Internacional,Persona,No
2690,Dwyane Wade,Deportes,Deportista,Media,Difícil,Actual,Internacional,Persona,No
2692,Anuel AA,Música,Cantante,Muy alta,Fácil,Clásica,Internacional,Persona,No
2693,Pablo López,Música,Cantante,Muy alta,Fácil,Clásica,Nacional,Persona,Sí
2694,Massiel,Música,Cantante,Media,Difícil,Clásica,Nacional,Persona,No
2695,Yandel,Música,Cantante,Media,Difícil,Clásica,Internacional,Persona,No
2696,Celia Cruz,Música,Cantante,Media,Difícil,Clásica,Internacional,Persona,No
2697,Rubén Blades,Música,Cantante,Media,Difícil,Clásica,Internacional,Persona,No
2698,Molotov,Música,Grupo,Media,Difícil,Clásica,Internacional,Grupo,No
2699,Izal,Música,Grupo,Media,Difícil,Clásica,Nacional,Grupo,No
2700,Love of Lesbian,Música,Grupo,Media,Difícil,Clásica,Nacional,Grupo,No
2701,Viva Suecia,Música,Grupo,Media,Difícil,Clásica,Nacional,Grupo,No
2702,Pignoise,Música,Grupo,Media,Difícil,Clásica,Nacional,Grupo,No
2703,La Casa Azul,Música,Grupo,Media,Difícil,Clásica,Nacional,Grupo,No
2704,Camela,Música,Grupo,Muy alta,Fácil,Clásica,Nacional,Grupo,Sí
2705,Los Ronaldos,Música,Grupo,Media,Difícil,Clásica,Nacional,Grupo,No
2707,A-ha,Música,Grupo,Media,Difícil,Clásica,Internacional,Grupo,No
2708,Wham!,Música,Grupo,Media,Difícil,Clásica,Internacional,Grupo,No
2710,Twenty One Pilots,Música,Grupo,Media,Difícil,Clásica,Internacional,Grupo,No
2711,Billie Joe Armstrong,Música,Cantante,Media,Difícil,Clásica,Internacional,Persona,No
2712,Ozzy Osbourne,Música,Cantante,Alta,Media,Clásica,Internacional,Persona,No
2713,Mick Jagger,Música,Cantante,Alta,Media,Clásica,Internacional,Persona,No
2714,Keith Richards,Música,Cantante,Media,Difícil,Clásica,Internacional,Persona,No
2715,Bonnie Tyler,Música,Cantante,Media,Difícil,Clásica,Internacional,Persona,No
2716,Chappell Roan,Música,Cantante,Media,Difícil,Clásica,Internacional,Persona,No
2717,Sabrina Carpenter,Música,Cantante,Alta,Media,Clásica,Internacional,Persona,No
2718,Doja Cat,Música,Cantante,Media,Difícil,Clásica,Internacional,Persona,No
2719,Nicki Minaj,Música,Cantante,Muy alta,Fácil,Clásica,Internacional,Persona,No
2720,Cardi B,Música,Cantante,Media,Difícil,Clásica,Internacional,Persona,No
2721,Travis Scott,Música,Cantante,Media,Difícil,Clásica,Internacional,Persona,No
2722,Post Malone,Música,Cantante,Media,Difícil,Clásica,Internacional,Persona,No
2723,Akon,Música,Cantante,Media,Difícil,Clásica,Internacional,Persona,No
2724,Misión: Imposible,Películas,Saga,Muy alta,Fácil,Actual,Internacional,Saga,Sí
2727,Detective Pikachu,Películas,Película,Media,Difícil,Clásica,Internacional,Película,No
2729,Los Vengadores,Películas,Saga,Muy alta,Fácil,Actual,Internacional,Saga,Sí
2732,La novia cadáver,Películas,Película,Media,Difícil,Clásica,Internacional,Película,No
2733,"El bueno, el feo y el malo",Películas,Película,Alta,Media,Clásica,Internacional,Película,No
2734,Por un puñado de dólares,Películas,Película,Media,Difícil,Clásica,Internacional,Película,No
2735,Érase una vez en América,Películas,Película,Media,Difícil,Clásica,Internacional,Película,No
2736,Érase una vez en el Oeste,Películas,Película,Media,Difícil,Clásica,Internacional,Película,No
2738,Stardust,Películas,Película,Media,Difícil,Clásica,Internacional,Película,No
2739,Drácula de Bram Stoker,Películas,Película,Media,Difícil,Clásica,Internacional,Película,No
2740,El fantasma de la ópera,Películas,Película,Alta,Media,Clásica,Internacional,Película,No
2741,Patrulla Canina,Series,Serie,Muy alta,Fácil,Actual,Internacional,Serie,Sí
2742,Miraculous,Series,Serie,Alta,Media,Actual,Internacional,Serie,No
2743,Winx,Series,Serie,Alta,Media,Actual,Internacional,Serie,No
2744,Demon Slayer,Series,Serie,Alta,Media,Actual,Internacional,Serie,No
2745,My Hero Academia,Series,Serie,Alta,Media,Actual,Internacional,Serie,No
2746,Los Caballeros del Zodiaco,Series,Serie,Muy alta,Fácil,Clásica,Internacional,Serie,Sí
2747,La mesita del comedor,Series,Serie,Media,Difícil,Actual,Nacional,Serie,No
2748,Parks and Recreation,Series,Serie,Alta,Media,Actual,Internacional,Serie,No
2749,Ahsoka,Series,Serie,Alta,Media,Actual,Internacional,Serie,No
2750,The Punisher,Series,Serie,Alta,Media,Actual,Internacional,Serie,No
2752,Monk,Series,Serie,Alta,Media,Actual,Internacional,Serie,No
2753,Colombo,Series,Serie,Alta,Media,Actual,Internacional,Serie,No
2754,Xena,Series,Serie,Media,Difícil,Clásica,Internacional,Serie,No
2756,Melrose Place,Series,Serie,Alta,Media,Actual,Internacional,Serie,No
2757,Gym Tony,Series,Serie,Alta,Media,Actual,Nacional,Serie,No
2758,La víctima número 8,Series,Serie,Media,Difícil,Actual,Nacional,Serie,No
2759,Velma,Personajes,Personaje,Muy alta,Fácil,Actual,Internacional,Personaje,Sí
2760,Daphne,Personajes,Personaje,Media,Difícil,Actual,Internacional,Personaje,No
2761,Fred,Personajes,Personaje,Media,Difícil,Actual,Internacional,Personaje,No
2762,Maggie Simpson,Personajes,Personaje,Muy alta,Fácil,Actual,Internacional,Personaje,Sí
2764,Arenita,Personajes,Personaje,Media,Difícil,Actual,Internacional,Personaje,No
2765,Nobita,Personajes,Personaje,Muy alta,Fácil,Actual,Internacional,Personaje,Sí
2766,Trunks,Personajes,Personaje,Muy alta,Fácil,Actual,Internacional,Personaje,Sí
2767,Krillin,Personajes,Personaje,Muy alta,Fácil,Actual,Internacional,Personaje,Sí
2768,Sasuke,Personajes,Personaje,Muy alta,Fácil,Actual,Internacional,Personaje,Sí
2769,Zoro,Personajes,Personaje,Media,Difícil,Actual,Internacional,Personaje,No
2770,Nami,Personajes,Personaje,Media,Difícil,Actual,Internacional,Personaje,No
2771,Bowser,Personajes,Personaje,Muy alta,Fácil,Actual,Internacional,Personaje,Sí
2772,Tails,Personajes,Personaje,Media,Difícil,Actual,Internacional,Personaje,No
2775,Wolverine,Personajes,Personaje,Muy alta,Fácil,Actual,Internacional,Personaje,No
2776,Darth Maul,Personajes,Personaje,Media,Difícil,Actual,Internacional,Personaje,No
2778,Jessie,Personajes,Personaje,Media,Difícil,Actual,Internacional,Personaje,No
2779,Mr. Potato,Personajes,Personaje,Media,Difícil,Actual,Internacional,Personaje,No
2780,Fiona,Personajes,Personaje,Muy alta,Fácil,Actual,Internacional,Personaje,Sí
2781,Gato con Botas,Personajes,Personaje,Muy alta,Fácil,Actual,Internacional,Personaje,Sí
2782,Jafar,Personajes,Personaje,Muy alta,Fácil,Actual,Internacional,Personaje,Sí
2783,Mushu,Personajes,Personaje,Muy alta,Fácil,Actual,Internacional,Personaje,Sí
2784,He-Man,Personajes,Personaje,Alta,Media,Actual,Internacional,Personaje,Sí
2785,Skeletor,Personajes,Personaje,Media,Difícil,Actual,Internacional,Personaje,No
2786,She-Ra,Personajes,Personaje,Media,Difícil,Actual,Internacional,Personaje,No
2787,Pitufo,Personajes,Personaje,Muy alta,Fácil,Actual,Internacional,Personaje,Sí
2788,D'Artagnan,Personajes,Personaje,Media,Difícil,Actual,Internacional,Personaje,No
2789,Carmen Sandiego,Personajes,Personaje,Media,Difícil,Actual,Internacional,Personaje,No
2790,Barney Stinson,Personajes,Personaje,Alta,Media,Actual,Internacional,Personaje,No
2791,Jesse Pinkman,Personajes,Personaje,Alta,Media,Actual,Internacional,Personaje,No
2792,Michael Scott,Personajes,Personaje,Media,Difícil,Actual,Internacional,Personaje,No
2793,Dwight Schrute,Personajes,Personaje,Media,Difícil,Actual,Internacional,Personaje,No
2794,Sheldon Cooper,Personajes,Personaje,Alta,Media,Actual,Internacional,Personaje,Sí
2795,Leonard Hofstadter,Personajes,Personaje,Media,Difícil,Actual,Internacional,Personaje,No
2796,Rachel Green,Personajes,Personaje,Alta,Media,Actual,Internacional,Personaje,Sí
2797,Ross Geller,Personajes,Personaje,Alta,Media,Actual,Internacional,Personaje,Sí
2798,Joey Tribbiani,Personajes,Personaje,Alta,Media,Actual,Internacional,Personaje,Sí
2799,Chandler Bing,Personajes,Personaje,Alta,Media,Actual,Internacional,Personaje,Sí
2800,Monica Geller,Personajes,Personaje,Alta,Media,Actual,Internacional,Personaje,Sí
2802,Cersei Lannister,Personajes,Personaje,Alta,Media,Actual,Internacional,Personaje,No
2803,Vecna,Personajes,Personaje,Media,Difícil,Actual,Internacional,Personaje,No
2804,Joel Miller,Personajes,Personaje,Media,Difícil,Actual,Internacional,Personaje,No
2805,Ellie Williams,Personajes,Personaje,Media,Difícil,Actual,Internacional,Personaje,No
2806,Free Fire,Videojuegos,Videojuegos,Media,Difícil,Actual,Internacional,Juego,No
2807,Warner Bros.,Marcas,Marca,Muy alta,Fácil,Actual,Internacional,Marca,Sí
2808,Universal,Marcas,Marca,Media,Difícil,Actual,Internacional,Marca,No
2809,Nescafé,Marcas,Marca,Media,Difícil,Actual,Internacional,Marca,No
2810,Bimbo,Marcas,Marca,Muy alta,Fácil,Actual,Internacional,Marca,Sí
2811,Toblerone,Marcas,Marca,Muy alta,Fácil,Actual,Internacional,Marca,Sí
2812,Gucci,Marcas,Marca,Muy alta,Fácil,Actual,Internacional,Marca,Sí
2813,Prada,Marcas,Marca,Muy alta,Fácil,Actual,Internacional,Marca,Sí
2814,Louis Vuitton,Marcas,Marca,Muy alta,Fácil,Actual,Internacional,Marca,Sí
2815,Chanel,Marcas,Marca,Muy alta,Fácil,Actual,Internacional,Marca,Sí
2816,Dior,Marcas,Marca,Muy alta,Fácil,Actual,Internacional,Marca,Sí
2817,Versace,Marcas,Marca,Media,Difícil,Actual,Internacional,Marca,No
2818,Hugo Boss,Marcas,Marca,Media,Difícil,Actual,Internacional,Marca,No
2819,Air Jordan,Marcas,Marca,Muy alta,Fácil,Actual,Internacional,Marca,Sí
2820,Twitch,Marcas,Marca,Muy alta,Fácil,Actual,Internacional,Marca,Sí
2821,Guillermo el Conquistador,Historia,Personaje histórico,Baja,Muy difícil,Histórica,Internacional,Persona,No
2822,Leonor de Aquitania,Historia,Personaje histórico,Baja,Muy difícil,Histórica,Internacional,Persona,No
2824,Pitágoras,Historia,Personaje histórico,Alta,Media,Histórica,Internacional,Persona,No
2825,Rodin,Historia,Personaje histórico,Media,Difícil,Histórica,Internacional,Persona,No
2830,Goethe,Historia,Personaje histórico,Media,Difícil,Histórica,Internacional,Persona,No
2831,Miguel Hernández,Historia,Personaje histórico,Media,Difícil,Histórica,Internacional,Persona,No
2832,Benidorm,Lugares,Lugar,Muy alta,Fácil,Clásica,Internacional,Lugar,Sí
2833,Marbella,Lugares,Lugar,Muy alta,Fácil,Clásica,Internacional,Lugar,Sí
2834,Patagonia,Lugares,Lugar,Media,Difícil,Clásica,Internacional,Lugar,No
2836,Delhi,Lugares,Lugar,Media,Difícil,Clásica,Internacional,Lugar,No
2838,Museo del Louvre,Lugares,Lugar,Media,Difícil,Clásica,Internacional,Lugar,No
2840,Acrópolis,Lugares,Lugar,Media,Difícil,Clásica,Internacional,Lugar,No
2841,Casa Blanca,Lugares,Lugar,Muy alta,Fácil,Clásica,Internacional,Lugar,Sí
2842,Wall Street,Lugares,Lugar,Media,Difícil,Clásica,Internacional,Lugar,No
2843,Downing Street,Lugares,Lugar,Media,Difícil,Clásica,Internacional,Lugar,No
2844,Buckingham Palace,Lugares,Lugar,Media,Difícil,Clásica,Internacional,Lugar,No
2845,Montecarlo,Lugares,Lugar,Media,Difícil,Clásica,Internacional,Lugar,No
2846,Cannes,Lugares,Lugar,Media,Difícil,Clásica,Internacional,Lugar,No
2847,Polseres vermelles,Series,Serie,Media,Difícil,Actual,Nacional,Serie,No
2848,Pulseras rojas,Series,Serie,Alta,Media,Actual,Nacional,Serie,No
2849,Sin tetas no hay paraíso,Series,Serie,Alta,Media,Actual,Nacional,Serie,No
2851,Los mundos de Yupi,Series,Serie,Alta,Media,Actual,Nacional,Serie,No
2852,Los padrinos mágicos,Series,Serie,Alta,Media,Actual,Internacional,Serie,No
2853,American Dad,Series,Serie,Alta,Media,Actual,Internacional,Serie,No
2854,Black Sails,Series,Serie,Media,Difícil,Actual,Internacional,Serie,No
2855,Sex Education,Series,Serie,Alta,Media,Actual,Internacional,Serie,No
2856,Suits,Series,Serie,Alta,Media,Actual,Internacional,Serie,No
2857,Fleabag,Series,Serie,Alta,Media,Actual,Internacional,Serie,No
2858,Big Little Lies,Series,Serie,Alta,Media,Actual,Internacional,Serie,No
2859,This Is Us,Series,Serie,Alta,Media,Actual,Internacional,Serie,No
2860,Gossip Girl,Series,Serie,Alta,Media,Actual,Internacional,Serie,No
2861,Glee,Series,Serie,Alta,Media,Actual,Internacional,Serie,No
2863,Matrimonio con hijos,Series,Serie,Alta,Media,Actual,Internacional,Serie,No
2864,"Walker, Texas Ranger",Series,Serie,Alta,Media,Actual,Internacional,Serie,No
2865,Homeland,Series,Serie,Alta,Media,Actual,Internacional,Serie,No
2866,House of Cards,Series,Serie,Alta,Media,Actual,Internacional,Serie,No
2867,Unbreakable Kimmy Schmidt,Series,Serie,Media,Difícil,Actual,Internacional,Serie,No
2868,Derry Girls,Series,Serie,Media,Difícil,Actual,Internacional,Serie,No
2869,Engaños,Series,Serie,Media,Difícil,Actual,Nacional,Serie,No
2870,The Night Agent,Series,Serie,Media,Difícil,Actual,Internacional,Serie,No
2871,The Recruit,Series,Serie,Media,Difícil,Actual,Internacional,Serie,No
2872,Rauw Alejandro,Música,Cantante,Muy alta,Fácil,Actual,Internacional,Persona,Sí
2873,David Otero,Música,Cantante,Media,Difícil,Actual,Nacional,Persona,No
2874,Camarón de la Isla,Música,Cantante,Muy alta,Fácil,Actual,Nacional,Persona,Sí
2875,Paco de Lucía,Música,Cantante,Muy alta,Fácil,Actual,Nacional,Persona,Sí
2876,Kortatu,Música,Grupo,Media,Difícil,Actual,Nacional,Grupo,No
2877,La Polla Records,Música,Grupo,Media,Difícil,Actual,Nacional,Grupo,No
2878,Zahara,Música,Cantante,Media,Difícil,Actual,Nacional,Persona,No
2879,Niña Pastori,Música,Cantante,Alta,Media,Actual,Nacional,Persona,No
2880,Rosario Flores,Música,Cantante,Alta,Media,Actual,Nacional,Persona,No
2881,Antonio Flores,Música,Cantante,Media,Difícil,Actual,Nacional,Persona,No
2882,Bunbury,Música,Cantante,Media,Difícil,Actual,Nacional,Persona,No
2883,The Black Eyed Peas,Música,Grupo,Alta,Media,Actual,Internacional,Grupo,No
2884,Jonas Brothers,Música,Grupo,Media,Difícil,Actual,Internacional,Grupo,No
2885,Westlife,Música,Grupo,Media,Difícil,Actual,Internacional,Grupo,No
2886,Take That,Música,Grupo,Media,Difícil,Actual,Internacional,Grupo,No
2887,Rudy Fernández,Deportes,Deportista,Muy alta,Fácil,Actual,Internacional,Persona,Sí
2888,Felipe Reyes,Deportes,Deportista,Media,Difícil,Actual,Internacional,Persona,No
2889,José Calderón,Deportes,Deportista,Media,Difícil,Actual,Internacional,Persona,No
2890,Laia Palau,Deportes,Deportista,Media,Difícil,Actual,Internacional,Persona,No
2891,Jennifer Hermoso,Deportes,Deportista,Muy alta,Fácil,Actual,Internacional,Persona,Sí
2892,Xabi Alonso,Deportes,Deportista,Muy alta,Fácil,Actual,Internacional,Persona,Sí
2893,Gigi Riva,Deportes,Deportista,Media,Difícil,Actual,Internacional,Persona,No
2894,Franco Baresi,Deportes,Deportista,Media,Difícil,Actual,Internacional,Persona,No
2895,Miroslav Klose,Deportes,Deportista,Media,Difícil,Actual,Internacional,Persona,No
2896,Alejandro Valverde,Deportes,Deportista,Alta,Media,Actual,Internacional,Persona,Sí
2897,Lance Armstrong,Deportes,Deportista,Alta,Media,Actual,Internacional,Persona,Sí
2898,Boris Becker,Deportes,Deportista,Alta,Media,Actual,Internacional,Persona,Sí
2899,Severiano Ballesteros,Deportes,Deportista,Alta,Media,Actual,Internacional,Persona,Sí
2900,Meta,Marcas,Marca,Media,Difícil,Actual,Internacional,Marca,No
2901,Intel,Marcas,Marca,Muy alta,Fácil,Actual,Internacional,Marca,Sí
2902,AMD,Marcas,Marca,Media,Difícil,Actual,Internacional,Marca,No
2903,NVIDIA,Marcas,Marca,Media,Difícil,Actual,Internacional,Marca,No
2904,Chevrolet,Marcas,Marca,Muy alta,Fácil,Actual,Internacional,Marca,Sí
2905,Subway,Marcas,Marca,Muy alta,Fácil,Actual,Internacional,Marca,Sí
2906,Domino's,Marcas,Marca,Muy alta,Fácil,Actual,Internacional,Marca,Sí
2907,Telepizza,Marcas,Marca,Muy alta,Fácil,Actual,Nacional,Marca,Sí
2908,Lacoste,Marcas,Marca,Muy alta,Fácil,Actual,Internacional,Marca,Sí
2909,Ralph Lauren,Marcas,Marca,Media,Difícil,Actual,Internacional,Marca,No
2910,Hermès París,Marcas,Marca,Media,Difícil,Actual,Internacional,Marca,No
2911,Leroy Merlin,Marcas,Marca,Media,Difícil,Actual,Internacional,Marca,No
2912,Cabify,Marcas,Marca,Media,Difícil,Actual,Nacional,Marca,No
2913,LinkedIn,Marcas,Marca,Muy alta,Fácil,Actual,Internacional,Marca,Sí
2914,Amazon Prime,Marcas,Marca,Muy alta,Fácil,Actual,Internacional,Marca,Sí
2915,HBO Max,Marcas,Marca,Muy alta,Fácil,Actual,Internacional,Marca,Sí
2917,Prime Video,Marcas,Marca,Muy alta,Fácil,Actual,Internacional,Marca,Sí
2918,Hasbro,Marcas,Marca,Muy alta,Fácil,Actual,Internacional,Marca,Sí
2919,Fisher-Price,Marcas,Marca,Muy alta,Fácil,Actual,Internacional,Marca,Sí
2920,Garnier,Marcas,Marca,Media,Difícil,Actual,Internacional,Marca,No
2921,Kellogg's,Marcas,Marca,Muy alta,Fácil,Actual,Internacional,Marca,Sí
2922,Heinz,Marcas,Marca,Muy alta,Fácil,Actual,Internacional,Marca,Sí
2923,Rayuela,Literatura,Obra,Baja,Muy difícil,Actual,Internacional,Obra,No
2924,Ficciones,Literatura,Obra,Baja,Muy difícil,Actual,Internacional,Obra,No
2925,Pedro Páramo,Literatura,Obra,Baja,Muy difícil,Actual,Internacional,Obra,No
2926,Como agua para chocolate,Literatura,Obra,Baja,Muy difícil,Actual,Internacional,Obra,No
2927,Notre Dame de París,Literatura,Obra,Baja,Muy difícil,Actual,Internacional,Obra,No
2928,Madame Bovary,Literatura,Obra,Media,Difícil,Actual,Internacional,Obra,No
2929,Los hermanos Karamázov,Literatura,Obra,Baja,Muy difícil,Actual,Internacional,Obra,No
2930,Fahrenheit 451,Literatura,Obra,Alta,Media,Actual,Internacional,Obra,No
2931,Matar a un ruiseñor,Literatura,Obra,Alta,Media,Actual,Internacional,Obra,No
2932,Las uvas de la ira,Literatura,Obra,Baja,Muy difícil,Actual,Internacional,Obra,No
2933,El guardián entre el centeno,Literatura,Obra,Media,Difícil,Actual,Internacional,Obra,No
2935,Bodas de sangre,Literatura,Obra,Alta,Media,Actual,Nacional,Obra,No
2936,Yerma,Literatura,Obra,Media,Difícil,Actual,Nacional,Obra,No
2937,Luces de bohemia,Literatura,Obra,Media,Difícil,Actual,Nacional,Obra,No
2938,Los pazos de Ulloa,Literatura,Obra,Baja,Muy difícil,Actual,Nacional,Obra,No
2939,Tiempo de silencio,Literatura,Obra,Baja,Muy difícil,Actual,Nacional,Obra,No
2940,Soldados de Salamina,Literatura,Obra,Baja,Muy difícil,Actual,Nacional,Obra,No
2941,La verdad sobre el caso Harry Quebert,Literatura,Obra,Baja,Muy difícil,Actual,Internacional,Obra,No
2942,Millennium,Literatura,Obra,Alta,Media,Actual,Internacional,Obra,No
2943,Misery,Literatura,Obra,Alta,Media,Actual,Internacional,Obra,No
2944,El cementerio de animales,Literatura,Obra,Media,Difícil,Actual,Internacional,Obra,No
2945,Ensayo sobre la ceguera,Literatura,Obra,Baja,Muy difícil,Actual,Internacional,Obra,No
2946,Seda,Literatura,Obra,Baja,Muy difícil,Actual,Internacional,Obra,No
2947,Cometas en el cielo,Literatura,Obra,Baja,Muy difícil,Actual,Internacional,Obra,No
2948,La vida de Pi,Literatura,Obra,Alta,Media,Actual,Internacional,Obra,No
2949,El médico,Literatura,Obra,Media,Difícil,Actual,Internacional,Obra,No
2950,Fundación,Literatura,Obra,Media,Difícil,Actual,Internacional,Obra,No
2951,"Yo, robot",Literatura,Obra,Media,Difícil,Actual,Internacional,Obra,No
2952,Neuromante,Literatura,Obra,Baja,Muy difícil,Actual,Internacional,Obra,No
2953,Trajano,Historia,Personaje histórico,Media,Difícil,Actual,Internacional,Persona,No
2954,Felipe III,Historia,Personaje histórico,Media,Difícil,Actual,Nacional,Persona,No
2955,Felipe IV,Historia,Personaje histórico,Media,Difícil,Actual,Nacional,Persona,No
2956,Carlos II,Historia,Personaje histórico,Baja,Muy difícil,Actual,Nacional,Persona,No
2957,Felipe V,Historia,Personaje histórico,Alta,Media,Actual,Nacional,Persona,No
2958,Carlos III,Historia,Personaje histórico,Alta,Media,Actual,Nacional,Persona,No
2959,Carlos IV,Historia,Personaje histórico,Baja,Muy difícil,Actual,Nacional,Persona,No
2960,Fernando VII,Historia,Personaje histórico,Alta,Media,Actual,Nacional,Persona,No
2961,Isabel II de España,Historia,Personaje histórico,Alta,Media,Actual,Nacional,Persona,No
2962,Alfonso XIII,Historia,Personaje histórico,Alta,Media,Clásica,Nacional,Persona,No
2963,Adolfo Suárez,Historia,Personaje histórico,Alta,Media,Actual,Nacional,Persona,No
2964,Felipe González,Historia,Personaje histórico,Alta,Media,Actual,Nacional,Persona,No
2965,Francisco Franco,Historia,Personaje histórico,Muy alta,Fácil,Histórica,Nacional,Persona,No
2968,Lenin,Historia,Personaje histórico,Alta,Media,Histórica,Internacional,Persona,No
2969,Trotski,Historia,Personaje histórico,Media,Difícil,Actual,Internacional,Persona,No
2973,Juan Pablo II,Historia,Personaje histórico,Alta,Media,Actual,Internacional,Persona,No
2975,Ho Chi Minh,Historia,Personaje histórico,Alta,Media,Actual,Internacional,Persona,No
2976,Akhenatón,Historia,Personaje histórico,Alta,Media,Actual,Internacional,Persona,No
2977,Hammurabi,Historia,Personaje histórico,Media,Difícil,Histórica,Internacional,Persona,No
2978,Vercingétorix,Historia,Personaje histórico,Baja,Muy difícil,Actual,Internacional,Persona,No
2979,Boudica,Historia,Personaje histórico,Baja,Muy difícil,Actual,Internacional,Persona,No
2980,Saladino,Historia,Personaje histórico,Media,Difícil,Histórica,Internacional,Persona,No
2981,Suleimán el Magnífico,Historia,Personaje histórico,Media,Difícil,Actual,Internacional,Persona,No
2982,Mehmed II,Historia,Personaje histórico,Baja,Muy difícil,Actual,Internacional,Persona,No
2983,Murasaki Shikibu,Historia,Personaje histórico,Baja,Muy difícil,Actual,Internacional,Persona,No
2984,Tokugawa Ieyasu,Historia,Personaje histórico,Baja,Muy difícil,Actual,Internacional,Persona,No
2985,Shogun,Historia,Personaje histórico,Media,Difícil,Actual,Internacional,Persona,No
2986,Samurái,Historia,Personaje histórico,Media,Difícil,Actual,Internacional,Persona,No
2987,Templarios,Historia,Personaje histórico,Media,Difícil,Actual,Internacional,Persona,No
2989,Transición española,Historia,Evento,Alta,Media,Actual,Nacional,Evento,No
2990,Guernica,Arte,Obra,Alta,Media,Actual,Internacional,Obra,No
2991,La maja vestida,Arte,Obra,Media,Difícil,Actual,Internacional,Obra,No
2992,David de Donatello,Arte,Obra,Media,Difícil,Actual,Internacional,Obra,No
2993,La escuela de Atenas,Arte,Obra,Media,Difícil,Actual,Internacional,Obra,No
2994,Las señoritas de Avignon,Arte,Obra,Media,Difícil,Actual,Internacional,Obra,No
2995,El hijo del hombre,Arte,Obra,Media,Difícil,Actual,Internacional,Obra,No
2996,American Gothic,Arte,Obra,Media,Difícil,Actual,Internacional,Obra,No
2997,Campbell's Soup Cans,Arte,Obra,Baja,Muy difícil,Actual,Internacional,Obra,No
2998,Marilyn Diptych,Arte,Obra,Baja,Muy difícil,Actual,Internacional,Obra,No
2999,Nighthawks,Arte,Obra,Baja,Muy difícil,Actual,Internacional,Obra,No
3000,Nenúfares,Arte,Obra,Media,Difícil,Actual,Internacional,Obra,No
3001,El almuerzo de los remeros,Arte,Obra,Baja,Muy difícil,Actual,Internacional,Obra,No
3002,Bailarina de Degas,Arte,Obra,Baja,Muy difícil,Actual,Internacional,Obra,No
3003,La balsa de la Medusa,Arte,Obra,Media,Difícil,Actual,Internacional,Obra,No
3004,El 3 de mayo en Madrid,Arte,Obra,Media,Difícil,Actual,Internacional,Obra,No
3005,El coloso,Arte,Obra,Media,Difícil,Actual,Internacional,Obra,No
3006,La ronda de noche,Arte,Obra,Media,Difícil,Actual,Internacional,Obra,No
3007,El rapto de las sabinas,Arte,Obra,Media,Difícil,Actual,Internacional,Obra,No
3008,El arte de la guerra,Arte,Obra,Media,Difícil,Actual,Internacional,Obra,No
3009,Antoni Tàpies,Arte,Artista,Media,Difícil,Actual,Internacional,Persona,No
3010,Tiziano,Arte,Artista,Alta,Media,Actual,Internacional,Persona,No
3011,Brancusi,Arte,Artista,Baja,Muy difícil,Actual,Internacional,Persona,No
3012,Paul Klee,Arte,Artista,Media,Difícil,Actual,Internacional,Persona,No
3013,Toulouse-Lautrec,Arte,Artista,Media,Difícil,Actual,Internacional,Persona,No
3014,Egon Schiele,Arte,Artista,Baja,Muy difícil,Actual,Internacional,Persona,No
3015,Edward Hopper,Arte,Artista,Media,Difícil,Actual,Internacional,Persona,No
3016,Jean-Michel Basquiat,Arte,Artista,Media,Difícil,Actual,Internacional,Persona,No
3017,Damien Hirst,Arte,Artista,Media,Difícil,Actual,Internacional,Persona,No
3018,Jeff Koons,Arte,Artista,Media,Difícil,Actual,Internacional,Persona,No
3019,Ai Weiwei,Arte,Artista,Media,Difícil,Actual,Internacional,Persona,No
3020,Anish Kapoor,Arte,Artista,Baja,Muy difícil,Actual,Internacional,Persona,No
3021,Louise Bourgeois,Arte,Artista,Baja,Muy difícil,Actual,Internacional,Persona,No
3022,Casa Batlló,Arte,Obra,Media,Difícil,Actual,Internacional,Obra,No
3023,Casa Milà,Arte,Obra,Media,Difícil,Actual,Internacional,Obra,No
3024,Museo Guggenheim,Arte,Obra,Media,Difícil,Actual,Internacional,Obra,No
3025,Tate Modern,Arte,Obra,Media,Difícil,Actual,Internacional,Obra,No
3026,MOMA,Arte,Obra,Media,Difícil,Actual,Internacional,Obra,No
3027,Perséfone,Mitología,Mitología,Media,Difícil,Actual,Internacional,Personaje,No
3028,Hestia,Mitología,Mitología,Baja,Muy difícil,Actual,Internacional,Personaje,No
3029,Cronos,Mitología,Mitología,Media,Difícil,Actual,Internacional,Personaje,No
3030,Rea,Mitología,Mitología,Baja,Muy difícil,Actual,Internacional,Personaje,No
3031,Gea,Mitología,Mitología,Media,Difícil,Actual,Internacional,Personaje,No
3032,Eros,Mitología,Mitología,Media,Difícil,Actual,Internacional,Personaje,No
3033,Némesis,Mitología,Mitología,Media,Difícil,Actual,Internacional,Personaje,No
3034,Hidra de Lerna,Mitología,Mitología,Media,Difícil,Actual,Internacional,Personaje,No
3035,Balder,Mitología,Mitología,Media,Difícil,Actual,Internacional,Personaje,No
3036,Heimdall,Mitología,Mitología,Media,Difícil,Actual,Internacional,Personaje,No
3037,Fenrir,Mitología,Mitología,Media,Difícil,Actual,Internacional,Personaje,No
3038,Jörmungandr,Mitología,Mitología,Baja,Muy difícil,Actual,Internacional,Personaje,No
3039,Set,Mitología,Mitología,Media,Difícil,Actual,Internacional,Personaje,No
3040,Thot,Mitología,Mitología,Media,Difícil,Actual,Internacional,Personaje,No
3041,Kukulkán,Mitología,Mitología,Baja,Muy difícil,Actual,Internacional,Personaje,No
3042,Chaac,Mitología,Mitología,Baja,Muy difícil,Actual,Internacional,Personaje,No
3043,Manco Cápac,Mitología,Mitología,Baja,Muy difícil,Actual,Internacional,Personaje,No
3044,Susanoo,Mitología,Mitología,Baja,Muy difícil,Actual,Internacional,Personaje,No
3045,Tsukuyomi,Mitología,Mitología,Baja,Muy difícil,Actual,Internacional,Personaje,No
3046,Anansi,Mitología,Mitología,Baja,Muy difícil,Actual,Internacional,Personaje,No
3047,Maui,Mitología,Mitología,Media,Difícil,Actual,Internacional,Personaje,No
3048,Enkidu,Mitología,Mitología,Baja,Muy difícil,Actual,Internacional,Personaje,No
3049,Ishtar,Mitología,Mitología,Baja,Muy difícil,Actual,Internacional,Personaje,No
3050,Tiamat,Mitología,Mitología,Baja,Muy difícil,Actual,Internacional,Personaje,No
3051,Beowulf,Mitología,Mitología,Media,Difícil,Actual,Internacional,Personaje,No
3052,Lancelot,Mitología,Mitología,Alta,Media,Actual,Internacional,Personaje,Sí
3053,Ginebra,Mitología,Mitología,Media,Difícil,Actual,Internacional,Personaje,No
3054,Morgana,Mitología,Mitología,Media,Difícil,Actual,Internacional,Personaje,No
3055,Reikiavik,Lugares,Lugar,Baja,Muy difícil,Actual,Internacional,Lugar,No
3056,Zúrich,Lugares,Lugar,Baja,Muy difícil,Actual,Internacional,Lugar,No
3057,Nápoles,Lugares,Lugar,Media,Difícil,Actual,Internacional,Lugar,No
3058,Abu Dabi,Lugares,Lugar,Baja,Muy difícil,Actual,Internacional,Lugar,No
3059,Washington D. C.,Lugares,Lugar,Media,Difícil,Actual,Internacional,Lugar,No
3060,Vancouver,Lugares,Lugar,Media,Difícil,Actual,Internacional,Lugar,No
3061,Cerdeña,Lugares,Lugar,Baja,Muy difícil,Actual,Internacional,Lugar,No
3062,Creta,Lugares,Lugar,Baja,Muy difícil,Actual,Internacional,Lugar,No
3063,Tahití,Lugares,Lugar,Baja,Muy difícil,Actual,Internacional,Lugar,No
3064,Río Nilo,Lugares,Lugar,Muy alta,Fácil,Actual,Internacional,Lugar,Sí
3065,Kilimanjaro,Lugares,Lugar,Baja,Muy difícil,Actual,Internacional,Lugar,No
3066,Uluru,Lugares,Lugar,Baja,Muy difícil,Actual,Internacional,Lugar,No
3067,Gran Barrera de Coral,Lugares,Lugar,Media,Difícil,Actual,Internacional,Lugar,No
3068,Mar Caribe,Lugares,Lugar,Media,Difícil,Actual,Internacional,Lugar,No
3069,Océano Atlántico,Lugares,Lugar,Muy alta,Fácil,Actual,Internacional,Lugar,Sí
3070,Océano Pacífico,Lugares,Lugar,Muy alta,Fácil,Actual,Internacional,Lugar,Sí
3071,Lago Baikal,Lugares,Lugar,Baja,Muy difícil,Actual,Internacional,Lugar,No
3072,Lago Victoria,Lugares,Lugar,Baja,Muy difícil,Actual,Internacional,Lugar,No
3073,Río Támesis,Lugares,Lugar,Media,Difícil,Actual,Internacional,Lugar,No
3074,Río Sena,Lugares,Lugar,Media,Difícil,Actual,Internacional,Lugar,No
3075,Río Danubio,Lugares,Lugar,Media,Difícil,Actual,Internacional,Lugar,No
3076,Río Amazonas,Lugares,Lugar,Muy alta,Fácil,Actual,Internacional,Lugar,Sí
3077,Chichén Itzá,Lugares,Lugar,Media,Difícil,Actual,Internacional,Lugar,No
3078,Angkor Wat,Lugares,Lugar,Baja,Muy difícil,Actual,Internacional,Lugar,No
3079,Downtown,Lugares,Lugar,Baja,Muy difícil,Actual,Internacional,Lugar,No
3080,Broadway,Lugares,Lugar,Media,Difícil,Actual,Internacional,Lugar,No
3081,Brian Griffin,Personajes,Personaje,Alta,Media,Actual,Internacional,Personaje,No
3082,Rick Sánchez,Personajes,Personaje,Alta,Media,Actual,Internacional,Personaje,No
3083,Morty Smith,Personajes,Personaje,Alta,Media,Actual,Internacional,Personaje,No
3084,Addams,Personajes,Personaje,Media,Difícil,Actual,Internacional,Personaje,No
3085,Katniss Everdeen,Personajes,Personaje,Media,Difícil,Actual,Internacional,Personaje,No
3086,Optimus Prime,Personajes,Personaje,Muy alta,Fácil,Actual,Internacional,Personaje,Sí
3087,Megatron,Personajes,Personaje,Media,Difícil,Actual,Internacional,Personaje,No
3088,Rocky Balboa,Personajes,Personaje,Muy alta,Fácil,Clásica,Internacional,Personaje,Sí
3089,Tony Montana,Personajes,Personaje,Media,Difícil,Actual,Internacional,Personaje,No
3090,Tyler Durden,Personajes,Personaje,Media,Difícil,Actual,Internacional,Personaje,No
3091,Amélie Poulain,Personajes,Personaje,Media,Difícil,Actual,Internacional,Personaje,No
3092,Neo,Personajes,Personaje,Alta,Media,Actual,Internacional,Personaje,No
3093,Trinity,Personajes,Personaje,Media,Difícil,Actual,Internacional,Personaje,No
3094,Dexter Morgan,Personajes,Personaje,Media,Difícil,Actual,Internacional,Personaje,No
3095,Don Draper,Personajes,Personaje,Media,Difícil,Actual,Internacional,Personaje,No
3096,Thomas Shelby,Personajes,Personaje,Media,Difícil,Actual,Internacional,Personaje,No
3097,Omar Little,Personajes,Personaje,Media,Difícil,Actual,Internacional,Personaje,No
3099,La guerra de las galaxias,Películas,Película,Muy alta,Fácil,Clásica,Internacional,Película,Sí
3101,Black Hawk derribado,Películas,Película,Media,Difícil,Actual,Internacional,Película,No
3102,Master and Commander,Películas,Película,Media,Difícil,Actual,Internacional,Película,No
3103,El efecto mariposa,Películas,Película,Media,Difícil,Actual,Internacional,Película,No
3104,Supersalidos,Películas,Película,Alta,Media,Actual,Internacional,Película,No
3105,Algo pasa con Mary,Películas,Película,Alta,Media,Actual,Internacional,Película,No
3106,Mentiroso compulsivo,Películas,Película,Media,Difícil,Actual,Internacional,Película,No
3107,Asterix y Obelix,Películas,Película,Media,Difícil,Actual,Internacional,Película,No
3108,El milagro de P. Tinto,Películas,Película,Media,Difícil,Actual,Nacional,Película,No
3109,Los lunes al sol,Películas,Película,Media,Difícil,Actual,Nacional,Película,No
3110,Truman,Películas,Película,Media,Difícil,Actual,Nacional,Película,No
3111,El verdugo,Películas,Película,Media,Difícil,Actual,Nacional,Película,No
3112,Plácido,Películas,Película,Media,Difícil,Actual,Nacional,Película,No
3113,Viridiana,Películas,Película,Media,Difícil,Actual,Internacional,Película,No
3114,Dolor y gloria,Películas,Película,Media,Difícil,Actual,Internacional,Película,No
3117,Taz,Personajes,Personaje,Alta,Media,Actual,Internacional,Personaje,Sí
3118,Pinky,Personajes,Personaje,Media,Difícil,Actual,Internacional,Personaje,No
3119,Piglet,Personajes,Personaje,Alta,Media,Actual,Internacional,Personaje,Sí
3121,Yzma,Personajes,Personaje,Media,Difícil,Actual,Internacional,Personaje,No
3122,Mad Hatter,Personajes,Personaje,Media,Difícil,Actual,Internacional,Personaje,No
3123,Reina de Corazones,Personajes,Personaje,Media,Difícil,Actual,Internacional,Personaje,No
3124,Oogie Boogie,Personajes,Personaje,Media,Difícil,Actual,Internacional,Personaje,No
3125,Lotso,Personajes,Personaje,Media,Difícil,Actual,Internacional,Personaje,No
3126,Forky,Personajes,Personaje,Media,Difícil,Actual,Internacional,Personaje,No
3128,Eva,Personajes,Personaje,Media,Difícil,Actual,Internacional,Personaje,No
3129,Miguel Rivera,Personajes,Personaje,Muy alta,Fácil,Actual,Internacional,Personaje,Sí
3130,Héctor,Personajes,Personaje,Media,Difícil,Actual,Internacional,Personaje,No
3131,Mirabel,Personajes,Personaje,Muy alta,Fácil,Actual,Internacional,Personaje,Sí
3132,Bruno Madrigal,Personajes,Personaje,Media,Difícil,Actual,Internacional,Personaje,No
3133,Lilo,Personajes,Personaje,Muy alta,Fácil,Actual,Internacional,Personaje,Sí
3134,Baymax,Personajes,Personaje,Muy alta,Fácil,Actual,Internacional,Personaje,Sí
3135,Hiro Hamada,Personajes,Personaje,Media,Difícil,Actual,Internacional,Personaje,No
3136,Ralph,Personajes,Personaje,Alta,Media,Actual,Internacional,Personaje,Sí
3137,Vanellope,Personajes,Personaje,Media,Difícil,Actual,Internacional,Personaje,No
3139,Kristoff,Personajes,Personaje,Muy alta,Fácil,Actual,Internacional,Personaje,Sí
3140,Sven,Personajes,Personaje,Muy alta,Fácil,Actual,Internacional,Personaje,Sí
3141,Ryder,Personajes,Personaje,Media,Difícil,Actual,Internacional,Personaje,No
3142,Marshall,Personajes,Personaje,Muy alta,Fácil,Actual,Internacional,Personaje,Sí
3143,Chase,Personajes,Personaje,Muy alta,Fácil,Actual,Internacional,Personaje,Sí
3144,Brock,Personajes,Personaje,Media,Difícil,Actual,Internacional,Personaje,No
3145,Misty,Personajes,Personaje,Media,Difícil,Actual,Internacional,Personaje,No
3146,Peach,Personajes,Personaje,Media,Difícil,Actual,Internacional,Personaje,No
3147,Ganondorf,Personajes,Personaje,Media,Difícil,Actual,Internacional,Personaje,No
3148,Knuckles,Personajes,Personaje,Media,Difícil,Actual,Internacional,Personaje,No
3149,Samus Aran,Personajes,Personaje,Media,Difícil,Actual,Internacional,Personaje,No
3150,Nathan Drake,Personajes,Personaje,Media,Difícil,Actual,Internacional,Personaje,No
3151,Solid Snake,Personajes,Personaje,Media,Difícil,Actual,Internacional,Personaje,No
3152,Cloud Strife,Personajes,Personaje,Media,Difícil,Actual,Internacional,Personaje,No
3153,Sephiroth,Personajes,Personaje,Media,Difícil,Actual,Internacional,Personaje,No
3154,Arthur Morgan,Personajes,Personaje,Media,Difícil,Actual,Internacional,Personaje,No
3155,Ellie,Personajes,Personaje,Alta,Media,Actual,Internacional,Personaje,Sí
3156,Ezio Auditore,Personajes,Personaje,Media,Difícil,Actual,Internacional,Personaje,No
3157,Altair,Personajes,Personaje,Media,Difícil,Actual,Internacional,Personaje,No
3159,Alex,Personajes,Personaje,Media,Difícil,Actual,Internacional,Personaje,No
3160,Creeper,Personajes,Personaje,Muy alta,Fácil,Actual,Internacional,Personaje,Sí
3161,Doomguy,Personajes,Personaje,Media,Difícil,Actual,Internacional,Personaje,No
3162,Sub-Zero,Personajes,Personaje,Media,Difícil,Actual,Internacional,Personaje,No
3163,Scorpion,Personajes,Personaje,Media,Difícil,Actual,Internacional,Personaje,No
3164,Ryu,Personajes,Personaje,Media,Difícil,Actual,Internacional,Personaje,No
3165,Ken,Personajes,Personaje,Media,Difícil,Actual,Internacional,Personaje,No
3166,Chun-Li,Personajes,Personaje,Media,Difícil,Actual,Internacional,Personaje,No
3167,Pyramid Head,Personajes,Personaje,Media,Difícil,Actual,Internacional,Personaje,No
3168,Sackboy,Personajes,Personaje,Media,Difícil,Actual,Internacional,Personaje,No
3169,Sora,Personajes,Personaje,Media,Difícil,Actual,Internacional,Personaje,No
3170,Waluigi,Personajes,Personaje,Media,Difícil,Actual,Internacional,Personaje,No
3171,Duke Nukem,Personajes,Personaje,Media,Difícil,Actual,Internacional,Personaje,No
3172,Q*bert,Personajes,Personaje,Media,Difícil,Actual,Internacional,Personaje,No
3173,Alisson Becker,Deportes,Deportista,Media,Difícil,Actual,Internacional,Persona,No
3174,Ederson,Deportes,Deportista,Media,Difícil,Actual,Internacional,Persona,No
3175,Jan Oblak,Deportes,Deportista,Media,Difícil,Actual,Internacional,Persona,No
3176,Emiliano Martínez,Deportes,Deportista,Media,Difícil,Actual,Internacional,Persona,No
3177,David de Gea,Deportes,Deportista,Alta,Media,Actual,Internacional,Persona,Sí
3178,Pepe Reina,Deportes,Deportista,Alta,Media,Actual,Internacional,Persona,Sí
3179,Víctor Valdés,Deportes,Deportista,Alta,Media,Actual,Internacional,Persona,Sí
3180,José Ángel Iribar,Deportes,Deportista,Media,Difícil,Actual,Internacional,Persona,No
3181,Luis Arconada,Deportes,Deportista,Media,Difícil,Actual,Internacional,Persona,No
3182,Andoni Zubizarreta,Deportes,Deportista,Alta,Media,Actual,Internacional,Persona,Sí
3183,Iván Helguera,Deportes,Deportista,Media,Difícil,Actual,Internacional,Persona,No
3184,Marchena,Deportes,Deportista,Media,Difícil,Actual,Internacional,Persona,No
3185,Míchel Salgado,Deportes,Deportista,Media,Difícil,Actual,Internacional,Persona,No
3186,Joan Capdevila,Deportes,Deportista,Media,Difícil,Actual,Internacional,Persona,No
3188,Thiago Silva,Deportes,Deportista,Media,Difícil,Actual,Internacional,Persona,No
3189,Marquinhos,Deportes,Deportista,Media,Difícil,Actual,Internacional,Persona,No
3190,Nemanja Vidić,Deportes,Deportista,Media,Difícil,Actual,Internacional,Persona,No
3191,Ashley Cole,Deportes,Deportista,Media,Difícil,Actual,Internacional,Persona,No
3192,Gary Neville,Deportes,Deportista,Media,Difícil,Actual,Internacional,Persona,No
3193,Philipp Lahm,Deportes,Deportista,Media,Difícil,Actual,Internacional,Persona,No
3196,Eric Cantona,Deportes,Deportista,Alta,Media,Actual,Internacional,Persona,Sí
3197,Ruud van Nistelrooy,Deportes,Deportista,Media,Difícil,Actual,Internacional,Persona,No
3198,Arjen Robben,Deportes,Deportista,Alta,Media,Actual,Internacional,Persona,Sí
3199,Robin van Persie,Deportes,Deportista,Alta,Media,Actual,Internacional,Persona,Sí
3200,Wesley Sneijder,Deportes,Deportista,Media,Difícil,Actual,Internacional,Persona,No
3201,Frank Rijkaard,Deportes,Deportista,Media,Difícil,Actual,Internacional,Persona,No
3202,Edgar Davids,Deportes,Deportista,Media,Difícil,Actual,Internacional,Persona,No
3203,George Weah,Deportes,Deportista,Media,Difícil,Actual,Internacional,Persona,No
3204,N'Golo Kanté,Deportes,Deportista,Media,Difícil,Actual,Internacional,Persona,No
3205,Carlos Tévez,Deportes,Deportista,Alta,Media,Actual,Internacional,Persona,Sí
3206,Javier Mascherano,Deportes,Deportista,Alta,Media,Actual,Internacional,Persona,Sí
3207,Gonzalo Higuaín,Deportes,Deportista,Alta,Media,Actual,Internacional,Persona,Sí
3208,Juan Román Riquelme,Deportes,Deportista,Alta,Media,Actual,Internacional,Persona,Sí
3209,Gabriel Batistuta,Deportes,Deportista,Alta,Media,Actual,Internacional,Persona,Sí
3210,Hernán Crespo,Deportes,Deportista,Media,Difícil,Actual,Internacional,Persona,No
3211,Zico,Deportes,Deportista,Media,Difícil,Actual,Internacional,Persona,No
3212,Gerd Müller,Deportes,Deportista,Media,Difícil,Actual,Internacional,Persona,No
3213,Lothar Matthäus,Deportes,Deportista,Media,Difícil,Actual,Internacional,Persona,No
3214,Bastian Schweinsteiger,Deportes,Deportista,Alta,Media,Actual,Internacional,Persona,Sí
3215,Mesut Özil,Deportes,Deportista,Alta,Media,Actual,Internacional,Persona,Sí
3216,Thomas Müller,Deportes,Deportista,Alta,Media,Actual,Internacional,Persona,Sí
3217,Mats Hummels,Deportes,Deportista,Media,Difícil,Actual,Internacional,Persona,No
3218,Harry Maguire,Deportes,Deportista,Media,Difícil,Actual,Internacional,Persona,No
3219,Phil Foden,Deportes,Deportista,Media,Difícil,Actual,Internacional,Persona,No
3220,Raheem Sterling,Deportes,Deportista,Alta,Media,Actual,Internacional,Persona,Sí
3221,Jack Grealish,Deportes,Deportista,Media,Difícil,Actual,Internacional,Persona,No
3222,Cole Palmer,Deportes,Deportista,Media,Difícil,Actual,Internacional,Persona,No
3223,Declan Rice,Deportes,Deportista,Media,Difícil,Actual,Internacional,Persona,No
3224,Martin Ødegaard,Deportes,Deportista,Media,Difícil,Actual,Internacional,Persona,No
3226,Takefusa Kubo,Deportes,Deportista,Media,Difícil,Actual,Internacional,Persona,No
3227,Kaoru Mitoma,Deportes,Deportista,Media,Difícil,Actual,Internacional,Persona,No
3228,Ritsu Doan,Deportes,Deportista,Media,Difícil,Actual,Internacional,Persona,No
3229,Christian Pulisic,Deportes,Deportista,Media,Difícil,Actual,Internacional,Persona,No
3230,Weston McKennie,Deportes,Deportista,Media,Difícil,Actual,Internacional,Persona,No
3231,Tim Weah,Deportes,Deportista,Media,Difícil,Actual,Internacional,Persona,No
3232,Alphonso Davies,Deportes,Deportista,Media,Difícil,Actual,Internacional,Persona,No
3233,Achraf Hakimi,Deportes,Deportista,Media,Difícil,Actual,Internacional,Persona,No
3234,Sofyan Amrabat,Deportes,Deportista,Media,Difícil,Actual,Internacional,Persona,No
3235,Victor Osimhen,Deportes,Deportista,Media,Difícil,Actual,Internacional,Persona,No
3236,Khvicha Kvaratskhelia,Deportes,Deportista,Media,Difícil,Actual,Internacional,Persona,No
3237,Lautaro Martínez,Deportes,Deportista,Alta,Media,Actual,Internacional,Persona,Sí
3238,Paulo Dybala,Deportes,Deportista,Alta,Media,Actual,Internacional,Persona,Sí
3239,Nicolás Otamendi,Deportes,Deportista,Media,Difícil,Actual,Internacional,Persona,No
3240,Ángel Correa,Deportes,Deportista,Media,Difícil,Actual,Internacional,Persona,No
3241,Federico Valverde,Deportes,Deportista,Alta,Media,Actual,Internacional,Persona,Sí
3242,Darwin Núñez,Deportes,Deportista,Media,Difícil,Actual,Internacional,Persona,No
3243,Luis Díaz,Deportes,Deportista,Media,Difícil,Actual,Internacional,Persona,No
3244,Rodrygo,Deportes,Deportista,Alta,Media,Actual,Internacional,Persona,Sí
3245,Endrick,Deportes,Deportista,Media,Difícil,Actual,Internacional,Persona,No
3246,Raphinha,Deportes,Deportista,Media,Difícil,Actual,Internacional,Persona,No
3247,Casemiro,Deportes,Deportista,Alta,Media,Actual,Internacional,Persona,Sí
3248,Marco Asensio,Deportes,Deportista,Alta,Media,Actual,Internacional,Persona,Sí
3249,Dani Olmo,Deportes,Deportista,Alta,Media,Actual,Internacional,Persona,Sí
3250,Nico Williams,Deportes,Deportista,Alta,Media,Actual,Internacional,Persona,Sí
3251,Aymeric Laporte,Deportes,Deportista,Media,Difícil,Actual,Internacional,Persona,No
3252,Nacho Fernández,Deportes,Deportista,Media,Difícil,Actual,Internacional,Persona,No
3253,Javi Martínez,Deportes,Deportista,Media,Difícil,Actual,Internacional,Persona,No
3254,David Albelda,Deportes,Deportista,Media,Difícil,Actual,Internacional,Persona,No
3255,Gaizka Mendieta,Deportes,Deportista,Media,Difícil,Actual,Internacional,Persona,No
3257,Bill Shankly,Deportes,Entrenador,Media,Difícil,Actual,Internacional,Persona,No
3258,Brian Clough,Deportes,Entrenador,Media,Difícil,Actual,Internacional,Persona,No
3259,Mary J. Blige,Música,Cantante,Media,Difícil,Actual,Internacional,Persona,No
3260,Megan Thee Stallion,Música,Cantante,Media,Difícil,Actual,Internacional,Persona,No
3261,Lizzo,Música,Cantante,Media,Difícil,Actual,Internacional,Persona,No
3262,Camila Cabello,Música,Cantante,Media,Difícil,Actual,Internacional,Persona,No
3263,Halsey,Música,Cantante,Media,Difícil,Actual,Internacional,Persona,No
3264,Kesha,Música,Cantante,Media,Difícil,Actual,Internacional,Persona,No
3265,P!nk,Música,Cantante,Alta,Media,Actual,Internacional,Persona,No
3266,Nelly Furtado,Música,Cantante,Alta,Media,Actual,Internacional,Persona,No
3267,Fergie,Música,Cantante,Media,Difícil,Actual,Internacional,Persona,No
3268,Alanis Morissette,Música,Cantante,Media,Difícil,Actual,Internacional,Persona,No
3269,Carly Simon,Música,Cantante,Media,Difícil,Actual,Internacional,Persona,No
3270,Dolly Parton,Música,Cantante,Media,Difícil,Actual,Internacional,Persona,No
3271,Liza Minnelli,Música,Cantante,Media,Difícil,Actual,Internacional,Persona,No
3272,Judy Garland,Música,Cantante,Media,Difícil,Actual,Internacional,Persona,No
3273,Bette Midler,Música,Cantante,Media,Difícil,Actual,Internacional,Persona,No
3274,Stromae,Música,Cantante,Alta,Media,Actual,Internacional,Persona,No
3275,Christine and the Queens,Música,Cantante,Media,Difícil,Actual,Internacional,Persona,No
3276,Aya Nakamura,Música,Cantante,Muy alta,Fácil,Actual,Internacional,Persona,Sí
3277,Angèle,Música,Cantante,Media,Difícil,Actual,Internacional,Persona,No
3278,Måneskin,Música,Grupo,Media,Difícil,Actual,Internacional,Grupo,No
3279,The Cardigans,Música,Grupo,Media,Difícil,Actual,Internacional,Grupo,No
3280,Paramore,Música,Grupo,Media,Difícil,Actual,Internacional,Grupo,No
3281,Evanescence,Música,Grupo,Media,Difícil,Actual,Internacional,Grupo,No
3282,Sum 41,Música,Grupo,Media,Difícil,Actual,Internacional,Grupo,No
3283,Fall Out Boy,Música,Grupo,Media,Difícil,Actual,Internacional,Grupo,No
3284,My Chemical Romance,Música,Grupo,Media,Difícil,Actual,Internacional,Grupo,No
3285,Panic! at the Disco,Música,Grupo,Media,Difícil,Actual,Internacional,Grupo,No
3286,The Smashing Pumpkins,Música,Grupo,Media,Difícil,Actual,Internacional,Grupo,No
3287,Pearl Jam,Música,Grupo,Media,Difícil,Actual,Internacional,Grupo,No
3288,Soundgarden,Música,Grupo,Media,Difícil,Actual,Internacional,Grupo,No
3289,Alice in Chains,Música,Grupo,Media,Difícil,Actual,Internacional,Grupo,No
3290,System of a Down,Música,Grupo,Media,Difícil,Actual,Internacional,Grupo,No
3291,Slipknot,Música,Grupo,Media,Difícil,Actual,Internacional,Grupo,No
3292,Korn,Música,Grupo,Media,Difícil,Actual,Internacional,Grupo,No
3293,Limp Bizkit,Música,Grupo,Media,Difícil,Actual,Internacional,Grupo,No
3294,The Prodigy,Música,Grupo,Media,Difícil,Actual,Internacional,Grupo,No
3295,Chemical Brothers,Música,Grupo,Media,Difícil,Actual,Internacional,Grupo,No
3296,Massive Attack,Música,Grupo,Media,Difícil,Actual,Internacional,Grupo,No
3297,Portishead,Música,Grupo,Media,Difícil,Actual,Internacional,Grupo,No
3298,Moby,Música,Cantante,Media,Difícil,Actual,Internacional,Persona,No
3299,Fatboy Slim,Música,Cantante,Media,Difícil,Actual,Internacional,Persona,No
3300,Tears for Fears,Música,Grupo,Media,Difícil,Actual,Internacional,Grupo,No
3301,Def Leppard,Música,Grupo,Media,Difícil,Actual,Internacional,Grupo,No
3302,Whitesnake,Música,Grupo,Media,Difícil,Actual,Internacional,Grupo,No
3303,Motörhead,Música,Grupo,Media,Difícil,Actual,Internacional,Grupo,No
3304,Rammstein,Música,Grupo,Media,Difícil,Actual,Internacional,Grupo,No
3305,Nightwish,Música,Grupo,Media,Difícil,Actual,Internacional,Grupo,No
3306,Manowar,Música,Grupo,Media,Difícil,Actual,Internacional,Grupo,No
3307,Judas Priest,Música,Grupo,Media,Difícil,Actual,Internacional,Grupo,No
3308,Dio,Música,Grupo,Media,Difícil,Actual,Internacional,Grupo,No
3309,Alice Cooper,Música,Cantante,Media,Difícil,Actual,Internacional,Persona,No
3310,Marilyn Manson,Música,Cantante,Media,Difícil,Actual,Internacional,Persona,No
3311,Placebo,Música,Grupo,Media,Difícil,Actual,Internacional,Grupo,No
3312,Franz Ferdinand,Música,Grupo,Media,Difícil,Actual,Internacional,Grupo,No
3313,The Strokes,Música,Grupo,Media,Difícil,Actual,Internacional,Grupo,No
3314,The White Stripes,Música,Grupo,Media,Difícil,Actual,Internacional,Grupo,No
3315,The Hives,Música,Grupo,Media,Difícil,Actual,Internacional,Grupo,No
3316,Kings of Leon,Música,Grupo,Media,Difícil,Actual,Internacional,Grupo,No
3317,The Libertines,Música,Grupo,Media,Difícil,Actual,Internacional,Grupo,No
3318,The Kooks,Música,Grupo,Media,Difícil,Actual,Internacional,Grupo,No
3319,The Vamps,Música,Grupo,Media,Difícil,Actual,Internacional,Grupo,No
3320,Bastille,Música,Grupo,Media,Difícil,Actual,Internacional,Grupo,No
3321,Snow Patrol,Música,Grupo,Media,Difícil,Actual,Internacional,Grupo,No
3322,Keane,Música,Grupo,Media,Difícil,Actual,Internacional,Grupo,No
3323,Travis,Música,Grupo,Media,Difícil,Actual,Internacional,Grupo,No
3324,The Script,Música,Grupo,Media,Difícil,Actual,Internacional,Grupo,No
3325,The Corrs,Música,Grupo,Media,Difícil,Actual,Internacional,Grupo,No
3326,Texas,Música,Grupo,Media,Difícil,Actual,Internacional,Grupo,No
3327,Garbage,Música,Grupo,Media,Difícil,Actual,Internacional,Grupo,No
3328,Skunk Anansie,Música,Grupo,Media,Difícil,Actual,Internacional,Grupo,No
3329,Moloko,Música,Grupo,Media,Difícil,Actual,Internacional,Grupo,No
3330,Sophie Ellis-Bextor,Música,Cantante,Media,Difícil,Actual,Internacional,Persona,No
3331,Dido,Música,Cantante,Media,Difícil,Actual,Internacional,Persona,No
3332,Norah Jones,Música,Cantante,Media,Difícil,Actual,Internacional,Persona,No
3333,Amy Macdonald,Música,Cantante,Media,Difícil,Actual,Internacional,Persona,No
3334,Paolo Nutini,Música,Cantante,Media,Difícil,Actual,Internacional,Persona,No
3335,James Blunt,Música,Cantante,Media,Difícil,Actual,Internacional,Persona,No
3336,Jason Mraz,Música,Cantante,Media,Difícil,Actual,Internacional,Persona,No
3337,John Mayer,Música,Cantante,Media,Difícil,Actual,Internacional,Persona,No
3338,Lenny Kravitz,Música,Cantante,Media,Difícil,Actual,Internacional,Persona,No
3339,Seal,Música,Cantante,Media,Difícil,Actual,Internacional,Persona,No
3340,Bryan Adams,Música,Cantante,Alta,Media,Actual,Internacional,Persona,No
3341,Rick Astley,Música,Cantante,Media,Difícil,Actual,Internacional,Persona,No
3342,Toto,Música,Grupo,Media,Difícil,Actual,Internacional,Grupo,No
3343,Journey,Música,Grupo,Media,Difícil,Actual,Internacional,Grupo,No
3344,Foreigner,Música,Grupo,Media,Difícil,Actual,Internacional,Grupo,No
3345,Kansas,Música,Grupo,Media,Difícil,Actual,Internacional,Grupo,No
3346,Survivor,Música,Grupo,Media,Difícil,Actual,Internacional,Grupo,No
3347,The Temptations,Música,Grupo,Media,Difícil,Actual,Internacional,Grupo,No
3348,The Supremes,Música,Grupo,Media,Difícil,Actual,Internacional,Grupo,No
3349,The Jackson 5,Música,Grupo,Media,Difícil,Actual,Internacional,Grupo,No
3350,"Earth, Wind & Fire",Música,Grupo,Media,Difícil,Actual,Internacional,Grupo,No
3351,Modern Talking,Música,Grupo,Media,Difícil,Actual,Internacional,Grupo,No
3352,Ace of Base,Música,Grupo,Media,Difícil,Actual,Internacional,Grupo,No
3353,Vengaboys,Música,Grupo,Media,Difícil,Actual,Internacional,Grupo,No
3354,Aqua,Música,Grupo,Media,Difícil,Actual,Internacional,Grupo,No
3355,Las Ketchup,Música,Grupo,Muy alta,Fácil,Actual,Nacional,Grupo,Sí
3356,Blue,Música,Grupo,Media,Difícil,Actual,Internacional,Grupo,No
3357,Boyzone,Música,Grupo,Media,Difícil,Actual,Internacional,Grupo,No
3358,S Club 7,Música,Grupo,Media,Difícil,Actual,Internacional,Grupo,No
3359,Sugababes,Música,Grupo,Media,Difícil,Actual,Internacional,Grupo,No
3360,All Saints,Música,Grupo,Media,Difícil,Actual,Internacional,Grupo,No
3361,Little Mix,Música,Grupo,Media,Difícil,Actual,Internacional,Grupo,No
3362,Fifth Harmony,Música,Grupo,Media,Difícil,Actual,Internacional,Grupo,No
3363,The Pussycat Dolls,Música,Grupo,Media,Difícil,Actual,Internacional,Grupo,No
3364,Girls Aloud,Música,Grupo,Media,Difícil,Actual,Internacional,Grupo,No
3365,5 Seconds of Summer,Música,Grupo,Media,Difícil,Actual,Internacional,Grupo,No
3366,Ben Affleck,Cine y TV,Actor/Actriz,Alta,Media,Actual,Internacional,Persona,No
3367,Nicolas Cage,Cine y TV,Actor/Actriz,Alta,Media,Actual,Internacional,Persona,No
3368,Adam Sandler,Cine y TV,Actor/Actriz,Muy alta,Fácil,Actual,Internacional,Persona,Sí
3369,Chris Rock,Cine y TV,Actor/Actriz,Media,Difícil,Actual,Internacional,Persona,No
3370,Steve Carell,Cine y TV,Actor/Actriz,Media,Difícil,Actual,Internacional,Persona,No
3371,Bill Murray,Cine y TV,Actor/Actriz,Media,Difícil,Actual,Internacional,Persona,No
3372,Owen Wilson,Cine y TV,Actor/Actriz,Media,Difícil,Actual,Internacional,Persona,No
3373,Ben Stiller,Cine y TV,Actor/Actriz,Alta,Media,Actual,Internacional,Persona,No
3374,Chris Pratt,Cine y TV,Actor/Actriz,Media,Difícil,Actual,Internacional,Persona,No
3375,Tom Holland,Cine y TV,Actor/Actriz,Muy alta,Fácil,Actual,Internacional,Persona,Sí
3376,Andrew Garfield,Cine y TV,Actor/Actriz,Media,Difícil,Actual,Internacional,Persona,No
3377,Joaquin Phoenix,Cine y TV,Actor/Actriz,Media,Difícil,Actual,Internacional,Persona,No
3378,Jake Gyllenhaal,Cine y TV,Actor/Actriz,Media,Difícil,Actual,Internacional,Persona,No
3379,Edward Norton,Cine y TV,Actor/Actriz,Media,Difícil,Actual,Internacional,Persona,No
3380,Bradley Cooper,Cine y TV,Actor/Actriz,Media,Difícil,Actual,Internacional,Persona,No
3381,Jared Leto,Cine y TV,Actor/Actriz,Media,Difícil,Actual,Internacional,Persona,No
3382,Matthew McConaughey,Cine y TV,Actor/Actriz,Media,Difícil,Actual,Internacional,Persona,No
3383,Woody Harrelson,Cine y TV,Actor/Actriz,Media,Difícil,Actual,Internacional,Persona,No
3384,Jeff Bridges,Cine y TV,Actor/Actriz,Media,Difícil,Actual,Internacional,Persona,No
3385,Jean-Claude Van Damme,Cine y TV,Actor/Actriz,Muy alta,Fácil,Actual,Internacional,Persona,Sí
3386,Chuck Norris,Cine y TV,Actor/Actriz,Muy alta,Fácil,Actual,Internacional,Persona,Sí
3387,Jason Statham,Cine y TV,Actor/Actriz,Muy alta,Fácil,Actual,Internacional,Persona,Sí
3388,Jamie Lee Curtis,Cine y TV,Actor/Actriz,Media,Difícil,Actual,Internacional,Persona,No
3389,Cate Blanchett,Cine y TV,Actor/Actriz,Media,Difícil,Actual,Internacional,Persona,No
3390,Jennifer Lawrence,Cine y TV,Actor/Actriz,Muy alta,Fácil,Actual,Internacional,Persona,Sí
3391,Margot Robbie,Cine y TV,Actor/Actriz,Muy alta,Fácil,Actual,Internacional,Persona,Sí
3392,Reese Witherspoon,Cine y TV,Actor/Actriz,Alta,Media,Actual,Internacional,Persona,No
3393,Courteney Cox,Cine y TV,Actor/Actriz,Media,Difícil,Actual,Internacional,Persona,No
3394,Lisa Kudrow,Cine y TV,Actor/Actriz,Media,Difícil,Actual,Internacional,Persona,No
3395,Sarah Jessica Parker,Cine y TV,Actor/Actriz,Alta,Media,Actual,Internacional,Persona,No
3396,Salma Hayek,Cine y TV,Actor/Actriz,Muy alta,Fácil,Actual,Internacional,Persona,Sí
3397,Belén Cuesta,Cine y TV,Actor/Actriz,Media,Difícil,Actual,Internacional,Persona,No
3398,Carmen Machi,Cine y TV,Actor/Actriz,Alta,Media,Actual,Internacional,Persona,No
3399,Candela Peña,Cine y TV,Actor/Actriz,Media,Difícil,Actual,Internacional,Persona,No
3400,Najwa Nimri,Cine y TV,Actor/Actriz,Media,Difícil,Actual,Internacional,Persona,No
3401,Bárbara Lennie,Cine y TV,Actor/Actriz,Media,Difícil,Actual,Internacional,Persona,No
3402,Javier Gutiérrez,Cine y TV,Actor/Actriz,Media,Difícil,Actual,Internacional,Persona,No
3403,Karra Elejalde,Cine y TV,Actor/Actriz,Media,Difícil,Actual,Internacional,Persona,No
3404,Eduard Fernández,Cine y TV,Actor/Actriz,Media,Difícil,Actual,Internacional,Persona,No
3405,Luis Zahera,Cine y TV,Actor/Actriz,Media,Difícil,Actual,Internacional,Persona,No
3406,José Sacristán,Cine y TV,Actor/Actriz,Media,Difícil,Actual,Internacional,Persona,No
3407,Fernando Fernán Gómez,Cine y TV,Actor/Actriz,Media,Difícil,Actual,Internacional,Persona,No
3408,Paco Rabal,Cine y TV,Actor/Actriz,Media,Difícil,Actual,Internacional,Persona,No
3409,Lola Dueñas,Cine y TV,Actor/Actriz,Media,Difícil,Actual,Internacional,Persona,No
3410,Victoria Abril,Cine y TV,Actor/Actriz,Media,Difícil,Actual,Internacional,Persona,No
3411,Rosa María Sardà,Cine y TV,Actor/Actriz,Media,Difícil,Actual,Internacional,Persona,No
3412,Chus Lampreave,Cine y TV,Actor/Actriz,Media,Difícil,Actual,Internacional,Persona,No
3413,Agustín González,Cine y TV,Actor/Actriz,Media,Difícil,Actual,Internacional,Persona,No
3414,José Luis López Vázquez,Cine y TV,Actor/Actriz,Media,Difícil,Actual,Internacional,Persona,No
3415,Alfredo Landa,Cine y TV,Actor/Actriz,Muy alta,Fácil,Clásica,Internacional,Persona,Sí
3416,Fernando Esteso,Cine y TV,Actor/Actriz,Alta,Media,Actual,Internacional,Persona,No
3417,Andrés Pajares,Cine y TV,Actor/Actriz,Alta,Media,Actual,Internacional,Persona,No
3419,Daniel Day-Lewis,Cine y TV,Actor/Actriz,Media,Difícil,Actual,Internacional,Persona,No
3420,Michael Caine,Cine y TV,Actor/Actriz,Media,Difícil,Actual,Internacional,Persona,No
3421,John Travolta,Cine y TV,Actor/Actriz,Muy alta,Fácil,Actual,Internacional,Persona,Sí
3422,Kevin Costner,Cine y TV,Actor/Actriz,Alta,Media,Actual,Internacional,Persona,No
3423,Richard Gere,Cine y TV,Actor/Actriz,Alta,Media,Actual,Internacional,Persona,No
3424,Rami Malek,Cine y TV,Actor/Actriz,Media,Difícil,Actual,Internacional,Persona,No
3425,Oscar Isaac,Cine y TV,Actor/Actriz,Media,Difícil,Actual,Internacional,Persona,No
3426,Adam Driver,Cine y TV,Actor/Actriz,Media,Difícil,Actual,Internacional,Persona,No
3427,Mads Mikkelsen,Cine y TV,Actor/Actriz,Media,Difícil,Actual,Internacional,Persona,No
3428,Christoph Waltz,Cine y TV,Actor/Actriz,Media,Difícil,Actual,Internacional,Persona,No
3429,Daniel Craig,Cine y TV,Actor/Actriz,Muy alta,Fácil,Actual,Internacional,Persona,Sí
3430,Pierce Brosnan,Cine y TV,Actor/Actriz,Alta,Media,Actual,Internacional,Persona,No
3431,Sean Connery,Cine y TV,Actor/Actriz,Muy alta,Fácil,Actual,Internacional,Persona,Sí
3432,Roger Moore,Cine y TV,Actor/Actriz,Media,Difícil,Actual,Internacional,Persona,No
3433,Timothée Chalamet,Cine y TV,Actor/Actriz,Alta,Media,Actual,Internacional,Persona,No
3434,Zendaya,Cine y TV,Actor/Actriz,Muy alta,Fácil,Actual,Internacional,Persona,Sí
3435,Florence Pugh,Cine y TV,Actor/Actriz,Media,Difícil,Actual,Internacional,Persona,No
3436,Anya Taylor-Joy,Cine y TV,Actor/Actriz,Media,Difícil,Actual,Internacional,Persona,No
3437,Millie Bobby Brown,Cine y TV,Actor/Actriz,Muy alta,Fácil,Actual,Internacional,Persona,Sí
3438,Jenna Ortega,Cine y TV,Actor/Actriz,Muy alta,Fácil,Actual,Internacional,Persona,Sí
3439,Sydney Sweeney,Cine y TV,Actor/Actriz,Media,Difícil,Actual,Internacional,Persona,No
3440,Paul Mescal,Cine y TV,Actor/Actriz,Media,Difícil,Actual,Internacional,Persona,No
3441,Peter Jackson,Cine y TV,Director/a,Media,Difícil,Actual,Internacional,Persona,No
3442,Robert Zemeckis,Cine y TV,Director/a,Media,Difícil,Actual,Internacional,Persona,No
3443,James Wan,Cine y TV,Director/a,Media,Difícil,Actual,Internacional,Persona,No
3444,David Fincher,Cine y TV,Director/a,Media,Difícil,Actual,Internacional,Persona,No
3445,Denis Villeneuve,Cine y TV,Director/a,Media,Difícil,Actual,Internacional,Persona,No
3446,Wes Craven,Cine y TV,Director/a,Media,Difícil,Actual,Internacional,Persona,No
3447,Jordan Peele,Cine y TV,Director/a,Media,Difícil,Actual,Internacional,Persona,No
3448,Alejandro González Iñárritu,Cine y TV,Director/a,Media,Difícil,Actual,Internacional,Persona,No
3449,Alfonso Cuarón,Cine y TV,Director/a,Media,Difícil,Clásica,Internacional,Persona,No
3450,Álex de la Iglesia,Cine y TV,Director/a,Alta,Media,Actual,Nacional,Persona,No
3451,Juan Antonio Bayona,Cine y TV,Director/a,Media,Difícil,Actual,Internacional,Persona,No
3453,Isabel Coixet,Cine y TV,Director/a,Media,Difícil,Actual,Nacional,Persona,No
3454,Fernando León de Aranoa,Cine y TV,Director/a,Media,Difícil,Actual,Nacional,Persona,No
3455,Fernando Trueba,Cine y TV,Director/a,Media,Difícil,Actual,Nacional,Persona,No
3456,Alejandro Amenábar,Cine y TV,Director/a,Alta,Media,Actual,Internacional,Persona,No
3457,Rodrigo Sorogoyen,Cine y TV,Director/a,Media,Difícil,Actual,Nacional,Persona,No
3458,Daniel Monzón,Cine y TV,Director/a,Media,Difícil,Actual,Nacional,Persona,No
3459,Jaime de Armiñán,Cine y TV,Director/a,Media,Difícil,Actual,Nacional,Persona,No
3460,Luis García Berlanga,Cine y TV,Director/a,Alta,Media,Actual,Nacional,Persona,No
3461,José Luis Garci,Cine y TV,Director/a,Media,Difícil,Actual,Nacional,Persona,No
3462,Carlos Saura,Cine y TV,Director/a,Media,Difícil,Actual,Nacional,Persona,No
3463,Víctor Erice,Cine y TV,Director/a,Media,Difícil,Actual,Nacional,Persona,No
3464,Pilar Miró,Cine y TV,Director/a,Media,Difícil,Actual,Nacional,Persona,No
3465,Icíar Bollaín,Cine y TV,Director/a,Media,Difícil,Actual,Nacional,Persona,No
3466,Gracia Querejeta,Cine y TV,Director/a,Media,Difícil,Actual,Nacional,Persona,No
3467,Emilio Martínez Lázaro,Cine y TV,Director/a,Media,Difícil,Actual,Nacional,Persona,No
3468,Javier Fesser,Cine y TV,Director/a,Media,Difícil,Actual,Nacional,Persona,No
3469,José Luis Cuerda,Cine y TV,Director/a,Media,Difícil,Actual,Nacional,Persona,No
3470,Agustí Villaronga,Cine y TV,Director/a,Media,Difícil,Actual,Nacional,Persona,No
3471,Bigas Luna,Cine y TV,Director/a,Media,Difícil,Actual,Nacional,Persona,No
3472,Jaime Chávarri,Cine y TV,Director/a,Media,Difícil,Actual,Nacional,Persona,No
3473,Montxo Armendáriz,Cine y TV,Director/a,Media,Difícil,Actual,Nacional,Persona,No
3474,Ken Loach,Cine y TV,Director/a,Media,Difícil,Actual,Internacional,Persona,No
3475,Alfred Hitchcock,Cine y TV,Director/a,Muy alta,Fácil,Clásica,Internacional,Persona,Sí
3476,Stanley Kubrick,Cine y TV,Director/a,Alta,Media,Clásica,Internacional,Persona,No
3477,Orson Welles,Cine y TV,Director/a,Media,Difícil,Clásica,Internacional,Persona,No
3478,Billy Wilder,Cine y TV,Director/a,Media,Difícil,Clásica,Internacional,Persona,No
3479,Akira Kurosawa,Cine y TV,Director/a,Media,Difícil,Clásica,Internacional,Persona,No
3480,Satoshi Kon,Cine y TV,Director/a,Media,Difícil,Actual,Internacional,Persona,No
3481,Wong Kar-wai,Cine y TV,Director/a,Media,Difícil,Actual,Internacional,Persona,No
3482,Ang Lee,Cine y TV,Director/a,Media,Difícil,Actual,Internacional,Persona,No
3483,Bong Joon-ho,Cine y TV,Director/a,Media,Difícil,Actual,Internacional,Persona,No
3484,Park Chan-wook,Cine y TV,Director/a,Media,Difícil,Actual,Internacional,Persona,No
3485,Hirokazu Kore-eda,Cine y TV,Director/a,Media,Difícil,Actual,Internacional,Persona,No
3486,Federico Fellini,Cine y TV,Director/a,Media,Difícil,Clásica,Internacional,Persona,No
3487,Ingmar Bergman,Cine y TV,Director/a,Media,Difícil,Clásica,Internacional,Persona,No
3488,François Truffaut,Cine y TV,Director/a,Media,Difícil,Actual,Internacional,Persona,No
3489,Jean-Luc Godard,Cine y TV,Director/a,Media,Difícil,Actual,Internacional,Persona,No
3490,Jean Renoir,Cine y TV,Director/a,Media,Difícil,Actual,Internacional,Persona,No
3491,Sofia Coppola,Cine y TV,Director/a,Media,Difícil,Actual,Internacional,Persona,No
3492,Greta Gerwig,Cine y TV,Director/a,Media,Difícil,Actual,Internacional,Persona,No
3493,Kathryn Bigelow,Cine y TV,Director/a,Media,Difícil,Actual,Internacional,Persona,No
3494,Chloé Zhao,Cine y TV,Director/a,Media,Difícil,Actual,Internacional,Persona,No
3495,Jane Campion,Cine y TV,Director/a,Media,Difícil,Actual,Internacional,Persona,No
3496,Lana Wachowski,Cine y TV,Director/a,Media,Difícil,Actual,Internacional,Persona,No
3497,Lilly Wachowski,Cine y TV,Director/a,Media,Difícil,Actual,Internacional,Persona,No
3498,Sergio Leone,Cine y TV,Director/a,Media,Difícil,Actual,Internacional,Persona,No
3499,Clint Eastwood,Cine y TV,Director/a,Alta,Media,Actual,Internacional,Persona,No
3500,Mel Brooks,Cine y TV,Director/a,Media,Difícil,Actual,Internacional,Persona,No
3501,Woody Allen,Cine y TV,Director/a,Alta,Media,Actual,Internacional,Persona,No
3502,Spike Lee,Cine y TV,Director/a,Media,Difícil,Actual,Internacional,Persona,No
3503,David Lynch,Cine y TV,Director/a,Media,Difícil,Actual,Internacional,Persona,No
3504,Terry Gilliam,Cine y TV,Director/a,Media,Difícil,Actual,Internacional,Persona,No
3505,Takeshi Kitano,Cine y TV,Director/a,Media,Difícil,Actual,Internacional,Persona,No
3506,Laura Esquivel,Literatura,Escritor,Baja,Muy difícil,Actual,Internacional,Persona,No
3507,Javier Marías,Literatura,Escritor,Media,Difícil,Actual,Nacional,Persona,No
3508,Almudena Grandes,Literatura,Escritor,Media,Difícil,Actual,Nacional,Persona,No
3509,Rosa Montero,Literatura,Escritor,Media,Difícil,Actual,Nacional,Persona,No
3510,Javier Cercas,Literatura,Escritor,Media,Difícil,Actual,Nacional,Persona,No
3511,Fernando Aramburu,Literatura,Escritor,Media,Difícil,Actual,Nacional,Persona,No
3512,Dolores Redondo,Literatura,Escritor,Media,Difícil,Actual,Nacional,Persona,No
3513,María Dueñas,Literatura,Escritor,Media,Difícil,Actual,Nacional,Persona,No
3514,Eva García Sáenz de Urturi,Literatura,Escritor,Baja,Muy difícil,Actual,Nacional,Persona,No
3515,Juan Gómez-Jurado,Literatura,Escritor,Media,Difícil,Actual,Nacional,Persona,No
3516,Santiago Posteguillo,Literatura,Escritor,Media,Difícil,Actual,Nacional,Persona,No
3517,Elvira Lindo,Literatura,Escritor,Media,Difícil,Actual,Nacional,Persona,No
3518,Góngora,Literatura,Escritor,Media,Difícil,Actual,Nacional,Persona,No
3520,Leopoldo Alas Clarín,Literatura,Escritor,Media,Difícil,Actual,Nacional,Persona,No
3521,Miguel Delibes,Literatura,Escritor,Alta,Media,Actual,Nacional,Persona,No
3522,Pío Baroja,Literatura,Escritor,Media,Difícil,Actual,Nacional,Persona,No
3523,Valle-Inclán,Literatura,Escritor,Media,Difícil,Actual,Nacional,Persona,No
3524,Juan Ramón Jiménez,Literatura,Escritor,Media,Difícil,Actual,Nacional,Persona,No
3525,Vicente Blasco Ibáñez,Literatura,Escritor,Media,Difícil,Actual,Nacional,Persona,No
3526,Carmen Laforet,Literatura,Escritor,Media,Difícil,Actual,Nacional,Persona,No
3527,Ana María Matute,Literatura,Escritor,Media,Difícil,Actual,Nacional,Persona,No
3528,Mercè Rodoreda,Literatura,Escritor,Baja,Muy difícil,Actual,Nacional,Persona,No
3529,Josep Pla,Literatura,Escritor,Baja,Muy difícil,Actual,Nacional,Persona,No
3530,Salvador Espriu,Literatura,Escritor,Baja,Muy difícil,Actual,Nacional,Persona,No
3531,Stephenie Meyer,Literatura,Escritor,Media,Difícil,Actual,Internacional,Persona,No
3532,Suzanne Collins,Literatura,Escritor,Media,Difícil,Actual,Internacional,Persona,No
3533,John Grisham,Literatura,Escritor,Media,Difícil,Actual,Internacional,Persona,No
3534,Khaled Hosseini,Literatura,Escritor,Media,Difícil,Actual,Internacional,Persona,No
3535,Danielle Steel,Literatura,Escritor,Media,Difícil,Actual,Internacional,Persona,No
3536,Nicholas Sparks,Literatura,Escritor,Media,Difícil,Actual,Internacional,Persona,No
3537,John le Carré,Literatura,Escritor,Media,Difícil,Actual,Internacional,Persona,No
3538,Isaac Asimov,Literatura,Escritor,Media,Difícil,Actual,Internacional,Persona,No
3539,Philip K. Dick,Literatura,Escritor,Media,Difícil,Actual,Internacional,Persona,No
3540,Arthur C. Clarke,Literatura,Escritor,Media,Difícil,Actual,Internacional,Persona,No
3541,Frank Herbert,Literatura,Escritor,Media,Difícil,Actual,Internacional,Persona,No
3542,Ursula K. Le Guin,Literatura,Escritor,Baja,Muy difícil,Actual,Internacional,Persona,No
3543,Terry Pratchett,Literatura,Escritor,Media,Difícil,Actual,Internacional,Persona,No
3544,Neil Gaiman,Literatura,Escritor,Media,Difícil,Actual,Internacional,Persona,No
3545,George R. R. Martin,Literatura,Escritor,Media,Difícil,Actual,Internacional,Persona,No
3546,Brandon Sanderson,Literatura,Escritor,Media,Difícil,Actual,Internacional,Persona,No
3547,Jules Verne,Literatura,Escritor,Alta,Media,Actual,Internacional,Persona,No
3548,H. G. Wells,Literatura,Escritor,Media,Difícil,Actual,Internacional,Persona,No
3549,Charlotte Brontë,Literatura,Escritor,Media,Difícil,Actual,Internacional,Persona,No
3550,Emily Brontë,Literatura,Escritor,Media,Difícil,Actual,Internacional,Persona,No
3551,John Steinbeck,Literatura,Escritor,Media,Difícil,Actual,Internacional,Persona,No
3552,J. D. Salinger,Literatura,Escritor,Media,Difícil,Actual,Internacional,Persona,No
3553,Harper Lee,Literatura,Escritor,Media,Difícil,Actual,Internacional,Persona,No
3554,Tennessee Williams,Literatura,Escritor,Media,Difícil,Actual,Internacional,Persona,No
3555,Truman Capote,Literatura,Escritor,Media,Difícil,Actual,Internacional,Persona,No
3556,Milan Kundera,Literatura,Escritor,Media,Difícil,Actual,Internacional,Persona,No
3557,Hermann Hesse,Literatura,Escritor,Media,Difícil,Actual,Internacional,Persona,No
3558,Jean-Paul Sartre,Literatura,Escritor,Media,Difícil,Actual,Internacional,Persona,No
3559,Gustave Flaubert,Literatura,Escritor,Media,Difícil,Actual,Internacional,Persona,No
3560,Émile Zola,Literatura,Escritor,Media,Difícil,Actual,Internacional,Persona,No
3561,Stendhal,Literatura,Escritor,Baja,Muy difícil,Actual,Internacional,Persona,No
3562,Marcel Proust,Literatura,Escritor,Media,Difícil,Actual,Internacional,Persona,No
3564,Ovidio,Literatura,Escritor,Media,Difícil,Actual,Internacional,Persona,No
3565,Sófocles,Literatura,Escritor,Media,Difícil,Actual,Internacional,Persona,No
3566,Eurípides,Literatura,Escritor,Baja,Muy difícil,Actual,Internacional,Persona,No
3567,Esquilo,Literatura,Escritor,Baja,Muy difícil,Actual,Internacional,Persona,No
3568,Asics,Marcas,Marca,Media,Difícil,Actual,Internacional,Marca,No
3569,Under Armour,Marcas,Marca,Media,Difícil,Actual,Internacional,Marca,No
3570,Fila,Marcas,Marca,Media,Difícil,Actual,Internacional,Marca,No
3571,Timberland,Marcas,Marca,Muy alta,Fácil,Actual,Internacional,Marca,Sí
3572,The North Face,Marcas,Marca,Muy alta,Fácil,Actual,Internacional,Marca,Sí
3573,Columbia,Marcas,Marca,Media,Difícil,Actual,Internacional,Marca,No
3575,Oakley,Marcas,Marca,Media,Difícil,Actual,Internacional,Marca,No
3576,Armani,Marcas,Marca,Media,Difícil,Actual,Internacional,Marca,No
3577,Dolce & Gabbana,Marcas,Marca,Media,Difícil,Actual,Internacional,Marca,No
3578,Calvin Klein,Marcas,Marca,Muy alta,Fácil,Actual,Internacional,Marca,Sí
3579,Tommy Hilfiger,Marcas,Marca,Muy alta,Fácil,Actual,Internacional,Marca,Sí
3580,Diesel,Marcas,Marca,Media,Difícil,Actual,Internacional,Marca,No
3581,Massimo Dutti,Marcas,Marca,Muy alta,Fácil,Actual,Internacional,Marca,Sí
3582,Bershka,Marcas,Marca,Muy alta,Fácil,Actual,Internacional,Marca,Sí
3583,Pull&Bear,Marcas,Marca,Muy alta,Fácil,Actual,Internacional,Marca,Sí
3584,Stradivarius,Marcas,Marca,Muy alta,Fácil,Actual,Internacional,Marca,Sí
3585,Oysho,Marcas,Marca,Media,Difícil,Actual,Internacional,Marca,No
3586,Uniqlo,Marcas,Marca,Media,Difícil,Actual,Internacional,Marca,No
3587,Sprinter,Marcas,Marca,Media,Difícil,Actual,Internacional,Marca,No
3588,JD Sports,Marcas,Marca,Media,Difícil,Actual,Internacional,Marca,No
3589,Foot Locker,Marcas,Marca,Media,Difícil,Actual,Internacional,Marca,No
3590,eBay,Marcas,Marca,Muy alta,Fácil,Actual,Internacional,Marca,Sí
3591,Etsy,Marcas,Marca,Media,Difícil,Actual,Internacional,Marca,No
3592,AliExpress,Marcas,Marca,Muy alta,Fácil,Actual,Internacional,Marca,Sí
3593,Temu,Marcas,Marca,Muy alta,Fácil,Actual,Internacional,Marca,Sí
3594,Booking.com,Marcas,Marca,Muy alta,Fácil,Actual,Internacional,Marca,Sí
3595,Expedia,Marcas,Marca,Media,Difícil,Actual,Internacional,Marca,No
3596,Tripadvisor,Marcas,Marca,Media,Difícil,Actual,Internacional,Marca,No
3597,Glovo,Marcas,Marca,Muy alta,Fácil,Actual,Internacional,Marca,Sí
3598,Just Eat,Marcas,Marca,Muy alta,Fácil,Actual,Internacional,Marca,Sí
3599,Deliveroo,Marcas,Marca,Media,Difícil,Actual,Internacional,Marca,No
3600,Bizum,Marcas,Marca,Muy alta,Fácil,Actual,Nacional,Marca,Sí
3601,PayPal,Marcas,Marca,Muy alta,Fácil,Actual,Internacional,Marca,Sí
3602,Visa,Marcas,Marca,Muy alta,Fácil,Actual,Internacional,Marca,Sí
3603,Mastercard,Marcas,Marca,Muy alta,Fácil,Actual,Internacional,Marca,Sí
3604,American Express,Marcas,Marca,Media,Difícil,Actual,Internacional,Marca,No
3605,SEUR,Marcas,Marca,Media,Difícil,Actual,Nacional,Marca,No
3606,MRW,Marcas,Marca,Media,Difícil,Actual,Nacional,Marca,No
3607,DHL,Marcas,Marca,Muy alta,Fácil,Actual,Internacional,Marca,Sí
3608,FedEx,Marcas,Marca,Media,Difícil,Actual,Internacional,Marca,No
3609,UPS,Marcas,Marca,Media,Difícil,Actual,Internacional,Marca,No
3610,Iberia,Marcas,Marca,Muy alta,Fácil,Actual,Internacional,Marca,Sí
3611,Vueling,Marcas,Marca,Muy alta,Fácil,Actual,Internacional,Marca,Sí
3612,Ryanair,Marcas,Marca,Muy alta,Fácil,Actual,Internacional,Marca,Sí
3613,EasyJet,Marcas,Marca,Media,Difícil,Actual,Internacional,Marca,No
3614,Emirates,Marcas,Marca,Media,Difícil,Actual,Internacional,Marca,No
3615,Qatar Airways,Marcas,Marca,Media,Difícil,Actual,Internacional,Marca,No
3616,Lufthansa,Marcas,Marca,Media,Difícil,Actual,Internacional,Marca,No
3617,Air France,Marcas,Marca,Media,Difícil,Actual,Internacional,Marca,No
3618,British Airways,Marcas,Marca,Media,Difícil,Actual,Internacional,Marca,No
3619,San Miguel,Marcas,Marca,Muy alta,Fácil,Actual,Nacional,Marca,No
3620,Damm,Marcas,Marca,Media,Difícil,Actual,Nacional,Marca,No
3621,Estrella Damm,Marcas,Marca,Muy alta,Fácil,Actual,Nacional,Marca,No
3622,Voll-Damm,Marcas,Marca,Media,Difícil,Actual,Nacional,Marca,No
3623,Amstel,Marcas,Marca,Media,Difícil,Actual,Internacional,Marca,No
3624,Guinness,Marcas,Marca,Muy alta,Fácil,Actual,Internacional,Marca,No
3625,Corona,Marcas,Marca,Muy alta,Fácil,Actual,Internacional,Marca,No
3626,Desperados,Marcas,Marca,Media,Difícil,Actual,Internacional,Marca,No
3627,Absolut,Marcas,Marca,Media,Difícil,Actual,Internacional,Marca,No
3628,J&B,Marcas,Marca,Media,Difícil,Actual,Internacional,Marca,No
3629,Martini,Marcas,Marca,Media,Difícil,Actual,Internacional,Marca,No
3630,Campari,Marcas,Marca,Media,Difícil,Actual,Internacional,Marca,No
3631,Baileys,Marcas,Marca,Muy alta,Fácil,Actual,Internacional,Marca,No
3632,Häagen-Dazs,Marcas,Marca,Media,Difícil,Actual,Internacional,Marca,No
3633,Ben & Jerry's,Marcas,Marca,Media,Difícil,Actual,Internacional,Marca,No
3634,Lindt,Marcas,Marca,Muy alta,Fácil,Actual,Internacional,Marca,Sí
3635,Ferrero,Marcas,Marca,Media,Difícil,Actual,Internacional,Marca,No
3636,M&M's,Marcas,Marca,Muy alta,Fácil,Actual,Internacional,Marca,Sí
3637,Twix,Marcas,Marca,Muy alta,Fácil,Actual,Internacional,Marca,Sí
3638,Mars,Marcas,Marca,Muy alta,Fácil,Actual,Internacional,Marca,Sí
3639,Snickers,Marcas,Marca,Muy alta,Fácil,Actual,Internacional,Marca,Sí
3640,Bounty,Marcas,Marca,Media,Difícil,Actual,Internacional,Marca,No
3641,Mentos,Marcas,Marca,Muy alta,Fácil,Actual,Internacional,Marca,Sí
3642,Trident,Marcas,Marca,Muy alta,Fácil,Actual,Internacional,Marca,Sí
3643,Orbit,Marcas,Marca,Muy alta,Fácil,Actual,Internacional,Marca,Sí
3644,Actimel,Marcas,Marca,Muy alta,Fácil,Actual,Internacional,Marca,Sí
3645,Activia,Marcas,Marca,Media,Difícil,Actual,Internacional,Marca,No
3646,Central Lechera Asturiana,Marcas,Marca,Muy alta,Fácil,Actual,Nacional,Marca,Sí
3647,Puleva,Marcas,Marca,Muy alta,Fácil,Actual,Nacional,Marca,Sí
3648,Gallina Blanca,Marcas,Marca,Muy alta,Fácil,Actual,Nacional,Marca,Sí
3649,La Casera,Marcas,Marca,Muy alta,Fácil,Actual,Nacional,Marca,Sí
3650,Cepsa,Marcas,Marca,Muy alta,Fácil,Actual,Nacional,Marca,Sí
3651,Repsol,Marcas,Marca,Muy alta,Fácil,Actual,Nacional,Marca,Sí
3652,Endesa,Marcas,Marca,Muy alta,Fácil,Actual,Nacional,Marca,Sí
3653,Iberdrola,Marcas,Marca,Muy alta,Fácil,Actual,Nacional,Marca,Sí
3654,Movistar,Marcas,Marca,Muy alta,Fácil,Actual,Nacional,Marca,Sí
3655,Vodafone,Marcas,Marca,Muy alta,Fácil,Actual,Internacional,Marca,Sí
3656,Orange,Marcas,Marca,Muy alta,Fácil,Actual,Internacional,Marca,Sí
3657,Yoigo,Marcas,Marca,Media,Difícil,Actual,Nacional,Marca,No
3658,Lowi,Marcas,Marca,Media,Difícil,Actual,Nacional,Marca,No
3659,Amazon Echo,Marcas,Marca,Media,Difícil,Actual,Internacional,Marca,No
3660,Alexa,Marcas,Marca,Muy alta,Fácil,Actual,Internacional,Marca,Sí
3661,Google Maps,Marcas,Marca,Muy alta,Fácil,Actual,Internacional,Marca,Sí
3662,Google Drive,Marcas,Marca,Media,Difícil,Actual,Internacional,Marca,No
3663,Gmail,Marcas,Marca,Muy alta,Fácil,Actual,Internacional,Marca,Sí
3664,Android,Marcas,Marca,Muy alta,Fácil,Actual,Internacional,Marca,Sí
3665,Windows,Marcas,Marca,Muy alta,Fácil,Actual,Internacional,Marca,Sí
3666,macOS,Marcas,Marca,Media,Difícil,Actual,Internacional,Marca,No
3667,iPhone,Marcas,Marca,Muy alta,Fácil,Actual,Internacional,Marca,Sí
3668,iPad,Marcas,Marca,Muy alta,Fácil,Actual,Internacional,Marca,Sí
3669,MacBook,Marcas,Marca,Muy alta,Fácil,Actual,Internacional,Marca,Sí
3670,AirPods,Marcas,Marca,Muy alta,Fácil,Actual,Internacional,Marca,Sí
3671,PlayStation 5,Marcas,Marca,Muy alta,Fácil,Actual,Internacional,Marca,Sí
3672,Valladolid,Lugares,Lugar,Media,Difícil,Actual,Nacional,Lugar,No
3673,Cáceres,Lugares,Lugar,Media,Difícil,Actual,Nacional,Lugar,No
3674,Santander,Lugares,Lugar,Media,Difícil,Actual,Nacional,Lugar,No
3675,Burgos,Lugares,Lugar,Media,Difícil,Actual,Nacional,Lugar,No
3676,Segovia,Lugares,Lugar,Media,Difícil,Actual,Nacional,Lugar,No
3677,Cuenca,Lugares,Lugar,Media,Difícil,Actual,Nacional,Lugar,No
3678,Ronda,Lugares,Lugar,Media,Difícil,Actual,Nacional,Lugar,No
3679,Torremolinos,Lugares,Lugar,Media,Difícil,Actual,Nacional,Lugar,No
3680,Sitges,Lugares,Lugar,Media,Difícil,Actual,Nacional,Lugar,No
3681,Lloret de Mar,Lugares,Lugar,Media,Difícil,Actual,Nacional,Lugar,No
3682,Salou,Lugares,Lugar,Muy alta,Fácil,Actual,Nacional,Lugar,Sí
3683,Rías Baixas,Lugares,Lugar,Media,Difícil,Actual,Nacional,Lugar,No
3684,Costa Blanca,Lugares,Lugar,Media,Difícil,Actual,Nacional,Lugar,No
3685,Doñana,Lugares,Lugar,Media,Difícil,Actual,Nacional,Lugar,No
3686,Tablas de Daimiel,Lugares,Lugar,Baja,Muy difícil,Actual,Nacional,Lugar,No
3687,Cabo de Gata,Lugares,Lugar,Baja,Muy difícil,Actual,Nacional,Lugar,No
3688,Ordesa,Lugares,Lugar,Baja,Muy difícil,Actual,Nacional,Lugar,No
3689,Aigüestortes,Lugares,Lugar,Baja,Muy difícil,Actual,Nacional,Lugar,No
3690,Monasterio de El Escorial,Lugares,Lugar,Media,Difícil,Actual,Nacional,Lugar,No
3691,Ávila,Lugares,Lugar,Media,Difícil,Actual,Nacional,Lugar,No
3692,Mérida,Lugares,Lugar,Media,Difícil,Actual,Nacional,Lugar,No
3693,Cartagena,Lugares,Lugar,Media,Difícil,Actual,Nacional,Lugar,No
3694,Tarragona,Lugares,Lugar,Media,Difícil,Actual,Nacional,Lugar,No
3695,Ampurias,Lugares,Lugar,Baja,Muy difícil,Actual,Nacional,Lugar,No
3696,Atapuerca,Lugares,Lugar,Baja,Muy difícil,Actual,Nacional,Lugar,No
3697,Altamira,Lugares,Lugar,Media,Difícil,Actual,Nacional,Lugar,No
3698,Delta del Ebro,Lugares,Lugar,Baja,Muy difícil,Actual,Nacional,Lugar,No
3699,Mar Menor,Lugares,Lugar,Baja,Muy difícil,Actual,Nacional,Lugar,No
3700,Río Ebro,Lugares,Lugar,Media,Difícil,Actual,Nacional,Lugar,No
3701,Río Tajo,Lugares,Lugar,Media,Difícil,Actual,Nacional,Lugar,No
3702,Río Duero,Lugares,Lugar,Media,Difícil,Actual,Nacional,Lugar,No
3703,Río Guadalquivir,Lugares,Lugar,Media,Difícil,Actual,Nacional,Lugar,No
3704,Río Guadiana,Lugares,Lugar,Baja,Muy difícil,Actual,Nacional,Lugar,No
3705,Estrecho de Gibraltar,Lugares,Lugar,Media,Difícil,Actual,Internacional,Lugar,No
3706,Golfo de Vizcaya,Lugares,Lugar,Baja,Muy difícil,Actual,Nacional,Lugar,No
3707,Mar Cantábrico,Lugares,Lugar,Media,Difícil,Actual,Nacional,Lugar,No
3708,Mar del Norte,Lugares,Lugar,Baja,Muy difícil,Actual,Internacional,Lugar,No
3709,Canal de la Mancha,Lugares,Lugar,Media,Difícil,Actual,Internacional,Lugar,No
3710,Mar Rojo,Lugares,Lugar,Media,Difícil,Actual,Internacional,Lugar,No
3711,Golfo Pérsico,Lugares,Lugar,Baja,Muy difícil,Actual,Internacional,Lugar,No
3712,Mar de Japón,Lugares,Lugar,Baja,Muy difícil,Actual,Internacional,Lugar,No
3713,Mar de China,Lugares,Lugar,Baja,Muy difícil,Actual,Internacional,Lugar,No
3714,San Diego,Lugares,Lugar,Baja,Muy difícil,Actual,Internacional,Lugar,No
3715,Seattle,Lugares,Lugar,Baja,Muy difícil,Actual,Internacional,Lugar,No
3716,Filadelfia,Lugares,Lugar,Baja,Muy difícil,Actual,Internacional,Lugar,No
3717,Houston,Lugares,Lugar,Baja,Muy difícil,Actual,Internacional,Lugar,No
3718,Atlanta,Lugares,Lugar,Baja,Muy difícil,Actual,Internacional,Lugar,No
3719,Denver,Lugares,Lugar,Baja,Muy difícil,Actual,Internacional,Lugar,No
3720,Phoenix,Lugares,Lugar,Baja,Muy difícil,Actual,Internacional,Lugar,No
3721,Portland,Lugares,Lugar,Baja,Muy difícil,Actual,Internacional,Lugar,No
3722,Honolulu,Lugares,Lugar,Baja,Muy difícil,Actual,Internacional,Lugar,No
3723,Quebec,Lugares,Lugar,Baja,Muy difícil,Actual,Internacional,Lugar,No
3724,Ottawa,Lugares,Lugar,Baja,Muy difícil,Actual,Internacional,Lugar,No
3726,Santo Domingo,Lugares,Lugar,Baja,Muy difícil,Actual,Internacional,Lugar,No
3727,Cartagena de Indias,Lugares,Lugar,Baja,Muy difícil,Actual,Internacional,Lugar,No
3728,Cusco,Lugares,Lugar,Baja,Muy difícil,Actual,Internacional,Lugar,No
3730,Ushuaia,Lugares,Lugar,Baja,Muy difícil,Actual,Internacional,Lugar,No
3731,Atacama,Lugares,Lugar,Baja,Muy difícil,Actual,Internacional,Lugar,No
3732,Isla de Pascua,Lugares,Lugar,Media,Difícil,Actual,Internacional,Lugar,No
3733,Serengeti,Lugares,Lugar,Baja,Muy difícil,Actual,Internacional,Lugar,No
3734,Zanzíbar,Lugares,Lugar,Baja,Muy difícil,Actual,Internacional,Lugar,No
3736,Canal de Suez,Lugares,Lugar,Media,Difícil,Actual,Internacional,Lugar,No
3737,Tel Aviv,Lugares,Lugar,Baja,Muy difícil,Actual,Internacional,Lugar,No
3738,Amán,Lugares,Lugar,Baja,Muy difícil,Actual,Internacional,Lugar,No
3739,Doha,Lugares,Lugar,Baja,Muy difícil,Actual,Internacional,Lugar,No
3740,Riad,Lugares,Lugar,Baja,Muy difícil,Actual,Internacional,Lugar,No
3741,La Meca,Lugares,Lugar,Media,Difícil,Actual,Internacional,Lugar,No
3742,Medina,Lugares,Lugar,Baja,Muy difícil,Actual,Internacional,Lugar,No
3743,Teherán,Lugares,Lugar,Baja,Muy difícil,Actual,Internacional,Lugar,No
3744,Bagdad,Lugares,Lugar,Baja,Muy difícil,Actual,Internacional,Lugar,No
3745,Damasco,Lugares,Lugar,Baja,Muy difícil,Actual,Internacional,Lugar,No
3746,Beirut,Lugares,Lugar,Baja,Muy difícil,Actual,Internacional,Lugar,No
3747,Tíbet,Lugares,Lugar,Media,Difícil,Actual,Internacional,Lugar,No
3748,Hanoi,Lugares,Lugar,Baja,Muy difícil,Actual,Internacional,Lugar,No
3749,Manila,Lugares,Lugar,Baja,Muy difícil,Actual,Internacional,Lugar,No
3750,Yakarta,Lugares,Lugar,Baja,Muy difícil,Actual,Internacional,Lugar,No
3751,Kuala Lumpur,Lugares,Lugar,Baja,Muy difícil,Actual,Internacional,Lugar,No
3752,Shenzhen,Lugares,Lugar,Baja,Muy difícil,Actual,Internacional,Lugar,No
3754,Busan,Lugares,Lugar,Baja,Muy difícil,Actual,Internacional,Lugar,No
3755,Nara,Lugares,Lugar,Baja,Muy difícil,Actual,Internacional,Lugar,No
3757,Fukushima,Lugares,Lugar,Media,Difícil,Actual,Internacional,Lugar,No
3758,Wellington,Lugares,Lugar,Baja,Muy difícil,Actual,Internacional,Lugar,No
3759,Brisbane,Lugares,Lugar,Baja,Muy difícil,Actual,Internacional,Lugar,No
3760,Perth,Lugares,Lugar,Baja,Muy difícil,Actual,Internacional,Lugar,No
3761,Tasmania,Lugares,Lugar,Baja,Muy difícil,Actual,Internacional,Lugar,No
3762,Christchurch,Lugares,Lugar,Baja,Muy difícil,Actual,Internacional,Lugar,No
3763,Queenstown,Lugares,Lugar,Baja,Muy difícil,Actual,Internacional,Lugar,No
3766,Escocia,Lugares,Lugar,Muy alta,Fácil,Actual,Internacional,Lugar,Sí
3767,Gales,Lugares,Lugar,Media,Difícil,Actual,Internacional,Lugar,No
3770,Bosnia,Lugares,Lugar,Media,Difícil,Actual,Internacional,Lugar,No
3771,Varsovia,Lugares,Lugar,Media,Difícil,Actual,Internacional,Lugar,No
3772,Cracovia,Lugares,Lugar,Baja,Muy difícil,Actual,Internacional,Lugar,No
3773,Bucarest,Lugares,Lugar,Baja,Muy difícil,Actual,Internacional,Lugar,No
3774,Zagreb,Lugares,Lugar,Baja,Muy difícil,Actual,Internacional,Lugar,No
3775,Liubliana,Lugares,Lugar,Baja,Muy difícil,Actual,Internacional,Lugar,No
3776,Belgrado,Lugares,Lugar,Baja,Muy difícil,Actual,Internacional,Lugar,No
3777,Sofía,Lugares,Lugar,Baja,Muy difícil,Actual,Internacional,Lugar,No
3778,Tallin,Lugares,Lugar,Baja,Muy difícil,Actual,Internacional,Lugar,No
3779,Riga,Lugares,Lugar,Baja,Muy difícil,Actual,Internacional,Lugar,No
3780,Vilna,Lugares,Lugar,Baja,Muy difícil,Actual,Internacional,Lugar,No
3781,Alfonso VI,Historia,Personaje histórico,Baja,Muy difícil,Clásica,Nacional,Persona,No
3782,Alfonso VIII,Historia,Personaje histórico,Baja,Muy difícil,Clásica,Nacional,Persona,No
3783,Sancho III,Historia,Personaje histórico,Baja,Muy difícil,Histórica,Nacional,Persona,No
3784,Sancho IV,Historia,Personaje histórico,Baja,Muy difícil,Histórica,Nacional,Persona,No
3785,Jaime I el Conquistador,Historia,Personaje histórico,Media,Difícil,Histórica,Nacional,Persona,No
3786,Jaime II,Historia,Personaje histórico,Baja,Muy difícil,Histórica,Nacional,Persona,No
3787,Pedro el Cruel,Historia,Personaje histórico,Media,Difícil,Histórica,Nacional,Persona,No
3788,Enrique IV de Castilla,Historia,Personaje histórico,Baja,Muy difícil,Histórica,Nacional,Persona,No
3789,Enrique II de Castilla,Historia,Personaje histórico,Baja,Muy difícil,Histórica,Nacional,Persona,No
3790,Juan II de Castilla,Historia,Personaje histórico,Baja,Muy difícil,Histórica,Nacional,Persona,No
3791,Juana la Beltraneja,Historia,Personaje histórico,Media,Difícil,Histórica,Nacional,Persona,No
3792,Boabdil,Historia,Personaje histórico,Alta,Media,Histórica,Nacional,Persona,No
3793,Viriato,Historia,Personaje histórico,Media,Difícil,Histórica,Nacional,Persona,No
3794,Séneca,Historia,Personaje histórico,Alta,Media,Histórica,Internacional,Persona,No
3795,Adriano,Historia,Personaje histórico,Media,Difícil,Histórica,Internacional,Persona,No
3796,Cómodo,Historia,Personaje histórico,Baja,Muy difícil,Histórica,Internacional,Persona,No
3797,Rómulo,Historia,Personaje histórico,Media,Difícil,Histórica,Internacional,Persona,No
3798,Remo,Historia,Personaje histórico,Media,Difícil,Histórica,Internacional,Persona,No
3799,Cicerón,Historia,Personaje histórico,Alta,Media,Histórica,Internacional,Persona,No
3800,Agripina,Historia,Personaje histórico,Baja,Muy difícil,Histórica,Internacional,Persona,No
3801,Messalina,Historia,Personaje histórico,Baja,Muy difícil,Histórica,Internacional,Persona,No
3803,Tutmosis III,Historia,Personaje histórico,Baja,Muy difícil,Histórica,Internacional,Persona,No
3804,Ciro el Grande,Historia,Personaje histórico,Media,Difícil,Histórica,Internacional,Persona,No
3805,Darío I,Historia,Personaje histórico,Baja,Muy difícil,Histórica,Internacional,Persona,No
3806,Jerjes I,Historia,Personaje histórico,Baja,Muy difícil,Histórica,Internacional,Persona,No
3807,Filipo II de Macedonia,Historia,Personaje histórico,Baja,Muy difícil,Histórica,Internacional,Persona,No
3808,Pericles,Historia,Personaje histórico,Media,Difícil,Histórica,Internacional,Persona,No
3809,Leónidas,Historia,Personaje histórico,Alta,Media,Histórica,Internacional,Persona,No
3810,Temístocles,Historia,Personaje histórico,Baja,Muy difícil,Histórica,Internacional,Persona,No
3811,Nabucodonosor II,Historia,Personaje histórico,Baja,Muy difícil,Histórica,Internacional,Persona,No
3812,Sargón de Acad,Historia,Personaje histórico,Baja,Muy difícil,Histórica,Internacional,Persona,No
3813,Asurbanipal,Historia,Personaje histórico,Baja,Muy difícil,Histórica,Internacional,Persona,No
3814,Justiniano,Historia,Personaje histórico,Baja,Muy difícil,Histórica,Internacional,Persona,No
3815,Teodora,Historia,Personaje histórico,Baja,Muy difícil,Histórica,Internacional,Persona,No
3816,Basilio II,Historia,Personaje histórico,Baja,Muy difícil,Histórica,Internacional,Persona,No
3817,Mahoma,Historia,Personaje histórico,Alta,Media,Histórica,Internacional,Persona,No
3818,Abderramán III,Historia,Personaje histórico,Media,Difícil,Histórica,Nacional,Persona,No
3819,Averroes,Historia,Personaje histórico,Media,Difícil,Histórica,Internacional,Persona,No
3820,Maimónides,Historia,Personaje histórico,Media,Difícil,Histórica,Internacional,Persona,No
3821,Gutenberg,Historia,Personaje histórico,Alta,Media,Histórica,Internacional,Persona,No
3822,Erasmo de Rotterdam,Historia,Personaje histórico,Baja,Muy difícil,Histórica,Internacional,Persona,No
3823,Tomás Moro,Historia,Personaje histórico,Baja,Muy difícil,Histórica,Internacional,Persona,No
3824,Martín Lutero,Historia,Personaje histórico,Alta,Media,Histórica,Internacional,Persona,No
3825,Calvino,Historia,Personaje histórico,Baja,Muy difícil,Histórica,Internacional,Persona,No
3826,Tycho Brahe,Historia,Personaje histórico,Baja,Muy difícil,Histórica,Internacional,Persona,No
3828,Isaac Newton,Historia,Personaje histórico,Muy alta,Fácil,Histórica,Internacional,Persona,Sí
3829,René Descartes,Historia,Personaje histórico,Media,Difícil,Histórica,Internacional,Persona,No
3830,Spinoza,Historia,Personaje histórico,Baja,Muy difícil,Histórica,Internacional,Persona,No
3831,Voltaire,Historia,Personaje histórico,Alta,Media,Histórica,Internacional,Persona,No
3832,Rousseau,Historia,Personaje histórico,Alta,Media,Histórica,Internacional,Persona,No
3833,Montesquieu,Historia,Personaje histórico,Baja,Muy difícil,Histórica,Internacional,Persona,No
3834,Robespierre,Historia,Personaje histórico,Alta,Media,Histórica,Internacional,Persona,No
3835,Danton,Historia,Personaje histórico,Baja,Muy difícil,Histórica,Internacional,Persona,No
3836,Marat,Historia,Personaje histórico,Baja,Muy difícil,Histórica,Internacional,Persona,No
3837,Bismarck,Historia,Personaje histórico,Alta,Media,Histórica,Internacional,Persona,No
3838,Garibaldi,Historia,Personaje histórico,Alta,Media,Histórica,Internacional,Persona,No
3839,Mazzini,Historia,Personaje histórico,Baja,Muy difícil,Histórica,Internacional,Persona,No
3840,Ulysses S. Grant,Historia,Personaje histórico,Baja,Muy difícil,Histórica,Internacional,Persona,No
3841,Theodore Roosevelt,Historia,Personaje histórico,Alta,Media,Histórica,Internacional,Persona,No
3842,Franklin D. Roosevelt,Historia,Personaje histórico,Alta,Media,Histórica,Internacional,Persona,No
3843,Woodrow Wilson,Historia,Personaje histórico,Baja,Muy difícil,Histórica,Internacional,Persona,No
3844,Harry Truman,Historia,Personaje histórico,Baja,Muy difícil,Histórica,Internacional,Persona,No
3845,Dwight Eisenhower,Historia,Personaje histórico,Baja,Muy difícil,Histórica,Internacional,Persona,No
3846,Lyndon B. Johnson,Historia,Personaje histórico,Baja,Muy difícil,Histórica,Internacional,Persona,No
3847,Richard Nixon,Historia,Personaje histórico,Alta,Media,Histórica,Internacional,Persona,No
3848,Gerald Ford,Historia,Personaje histórico,Baja,Muy difícil,Histórica,Internacional,Persona,No
3849,Jimmy Carter,Historia,Personaje histórico,Baja,Muy difícil,Histórica,Internacional,Persona,No
3850,Bill Clinton,Historia,Personaje histórico,Alta,Media,Histórica,Internacional,Persona,No
3851,George W. Bush,Historia,Personaje histórico,Alta,Media,Histórica,Internacional,Persona,No
3852,Joe Biden,Historia,Personaje histórico,Alta,Media,Histórica,Internacional,Persona,No
3853,Pedro Sánchez,Historia,Personaje histórico,Alta,Media,Histórica,Nacional,Persona,No
3854,Mariano Rajoy,Historia,Personaje histórico,Alta,Media,Histórica,Nacional,Persona,No
3855,José María Aznar,Historia,Personaje histórico,Alta,Media,Histórica,Nacional,Persona,No
3856,Leopoldo Calvo-Sotelo,Historia,Personaje histórico,Baja,Muy difícil,Histórica,Nacional,Persona,No
3857,Manuel Azaña,Historia,Personaje histórico,Alta,Media,Histórica,Nacional,Persona,No
3858,Clara Campoamor,Historia,Personaje histórico,Alta,Media,Histórica,Nacional,Persona,No
3859,Dolores Ibárruri,Historia,Personaje histórico,Alta,Media,Histórica,Nacional,Persona,No
3860,Federica Montseny,Historia,Personaje histórico,Baja,Muy difícil,Histórica,Nacional,Persona,No
3861,Santiago Carrillo,Historia,Personaje histórico,Alta,Media,Histórica,Nacional,Persona,No
3862,Juan Negrín,Historia,Personaje histórico,Baja,Muy difícil,Histórica,Nacional,Persona,No
3863,Buenaventura Durruti,Historia,Personaje histórico,Baja,Muy difícil,Histórica,Nacional,Persona,No
3865,Miguel Primo de Rivera,Historia,Personaje histórico,Alta,Media,Histórica,Nacional,Persona,No
3866,Victoria Kent,Historia,Personaje histórico,Baja,Muy difícil,Histórica,Nacional,Persona,No
3867,Blas Infante,Historia,Personaje histórico,Baja,Muy difícil,Histórica,Nacional,Persona,No
3868,Sabino Arana,Historia,Personaje histórico,Baja,Muy difícil,Histórica,Nacional,Persona,No
3869,Andrés de Urdaneta,Historia,Personaje histórico,Baja,Muy difícil,Histórica,Internacional,Persona,No
3870,Elcano,Historia,Personaje histórico,Alta,Media,Histórica,Internacional,Persona,No
3873,Moctezuma,Historia,Personaje histórico,Alta,Media,Histórica,Internacional,Persona,No
3874,Atahualpa,Historia,Personaje histórico,Alta,Media,Histórica,Internacional,Persona,No
3875,Túpac Amaru,Historia,Personaje histórico,Media,Difícil,Histórica,Internacional,Persona,No
3876,George Stephenson,Historia,Personaje histórico,Baja,Muy difícil,Histórica,Internacional,Persona,No
3877,James Watt,Historia,Personaje histórico,Baja,Muy difícil,Histórica,Internacional,Persona,No
3878,Henry Ford,Historia,Personaje histórico,Alta,Media,Histórica,Internacional,Persona,No
3879,Hermanos Wright,Historia,Personaje histórico,Alta,Media,Histórica,Internacional,Persona,No
3882,Donatello,Arte,Artista,Alta,Media,Actual,Internacional,Persona,No
3884,Antonio López,Arte,Artista,Media,Difícil,Actual,Internacional,Persona,No
3885,Maruja Mallo,Arte,Artista,Baja,Muy difícil,Actual,Internacional,Persona,No
3886,Remedios Varo,Arte,Artista,Baja,Muy difícil,Actual,Internacional,Persona,No
3887,José Clemente Orozco,Arte,Artista,Baja,Muy difícil,Actual,Internacional,Persona,No
3888,David Hockney,Arte,Artista,Media,Difícil,Actual,Internacional,Persona,No
3889,Francis Bacon,Arte,Artista,Media,Difícil,Actual,Internacional,Persona,No
3890,Lucian Freud,Arte,Artista,Baja,Muy difícil,Actual,Internacional,Persona,No
3891,Georgia O'Keeffe,Arte,Artista,Media,Difícil,Actual,Internacional,Persona,No
3892,Yayoi Kusama,Arte,Artista,Media,Difícil,Actual,Internacional,Persona,No
3893,Keith Haring,Arte,Artista,Media,Difícil,Actual,Internacional,Persona,No
3894,Marina Abramović,Arte,Artista,Baja,Muy difícil,Actual,Internacional,Persona,No
3895,Yoko Ono,Arte,Artista,Media,Difícil,Actual,Internacional,Persona,No
3896,Olafur Eliasson,Arte,Artista,Baja,Muy difícil,Actual,Internacional,Persona,No
3897,JR,Arte,Artista,Baja,Muy difícil,Actual,Internacional,Persona,No
3898,Cindy Sherman,Arte,Artista,Baja,Muy difícil,Actual,Internacional,Persona,No
3899,Annie Leibovitz,Arte,Artista,Media,Difícil,Actual,Internacional,Persona,No
3900,Steve McCurry,Arte,Artista,Baja,Muy difícil,Actual,Internacional,Persona,No
3901,Robert Capa,Arte,Artista,Media,Difícil,Actual,Internacional,Persona,No
3902,Henri Cartier-Bresson,Arte,Artista,Baja,Muy difícil,Actual,Internacional,Persona,No
3903,Man Ray,Arte,Artista,Media,Difícil,Actual,Internacional,Persona,No
3904,Diane Arbus,Arte,Artista,Baja,Muy difícil,Actual,Internacional,Persona,No
3905,Richard Avedon,Arte,Artista,Baja,Muy difícil,Actual,Internacional,Persona,No
3906,Helmut Newton,Arte,Artista,Baja,Muy difícil,Actual,Internacional,Persona,No
3907,Vivian Maier,Arte,Artista,Baja,Muy difícil,Actual,Internacional,Persona,No
3908,Dorothea Lange,Arte,Artista,Baja,Muy difícil,Actual,Internacional,Persona,No
3909,Paul Gauguin,Arte,Artista,Media,Difícil,Actual,Internacional,Persona,No
3910,Pierre-Auguste Renoir,Arte,Artista,Media,Difícil,Actual,Internacional,Persona,No
3911,Edgar Degas,Arte,Artista,Media,Difícil,Actual,Internacional,Persona,No
3912,Camille Pissarro,Arte,Artista,Baja,Muy difícil,Actual,Internacional,Persona,No
3913,Henri de Toulouse-Lautrec,Arte,Artista,Baja,Muy difícil,Actual,Internacional,Persona,No
3914,Wassily Kandinsky,Arte,Artista,Media,Difícil,Actual,Internacional,Persona,No
3915,Piet Mondrian,Arte,Artista,Media,Difícil,Actual,Internacional,Persona,No
3916,Marc Chagall,Arte,Artista,Media,Difícil,Actual,Internacional,Persona,No
3917,Kazimir Malévich,Arte,Artista,Baja,Muy difícil,Actual,Internacional,Persona,No
3918,Mark Rothko,Arte,Artista,Media,Difícil,Actual,Internacional,Persona,No
3919,Norman Rockwell,Arte,Artista,Media,Difícil,Actual,Internacional,Persona,No
3920,René Magritte,Arte,Artista,Media,Difícil,Actual,Internacional,Persona,No
3921,Max Ernst,Arte,Artista,Media,Difícil,Actual,Internacional,Persona,No
3922,Marcel Duchamp,Arte,Artista,Media,Difícil,Actual,Internacional,Persona,No
3923,Amedeo Modigliani,Arte,Artista,Media,Difícil,Actual,Internacional,Persona,No
3924,Giorgio de Chirico,Arte,Artista,Baja,Muy difícil,Actual,Internacional,Persona,No
3925,Frank Lloyd Wright,Arte,Artista,Media,Difícil,Actual,Internacional,Persona,No
3926,Mies van der Rohe,Arte,Artista,Baja,Muy difícil,Actual,Internacional,Persona,No
3927,Zaha Hadid,Arte,Artista,Media,Difícil,Actual,Internacional,Persona,No
3928,Norman Foster,Arte,Artista,Media,Difícil,Actual,Internacional,Persona,No
3929,Santiago Calatrava,Arte,Artista,Media,Difícil,Actual,Internacional,Persona,No
3930,Oscar Niemeyer,Arte,Artista,Media,Difícil,Actual,Internacional,Persona,No
3931,Frank Gehry,Arte,Artista,Media,Difícil,Actual,Internacional,Persona,No
3932,Renzo Piano,Arte,Artista,Baja,Muy difícil,Actual,Internacional,Persona,No
3933,Richard Rogers,Arte,Artista,Baja,Muy difícil,Actual,Internacional,Persona,No
3935,The Morning Show,Series,Serie,Media,Difícil,Actual,Internacional,Serie,No
3936,The Newsroom,Series,Serie,Media,Difícil,Actual,Internacional,Serie,No
3937,The Americans,Series,Serie,Media,Difícil,Actual,Internacional,Serie,No
3938,Six Feet Under,Series,Serie,Media,Difícil,Actual,Internacional,Serie,No
3939,Deadwood,Series,Serie,Media,Difícil,Actual,Internacional,Serie,No
3940,Sons of Anarchy,Series,Serie,Alta,Media,Actual,Internacional,Serie,No
3941,Ray Donovan,Series,Serie,Media,Difícil,Actual,Internacional,Serie,No
3942,The Shield,Series,Serie,Media,Difícil,Actual,Internacional,Serie,No
3944,Person of Interest,Series,Serie,Media,Difícil,Actual,Internacional,Serie,No
3945,Orphan Black,Series,Serie,Media,Difícil,Actual,Internacional,Serie,No
3946,Killing Eve,Series,Serie,Alta,Media,Actual,Internacional,Serie,No
3947,Sharp Objects,Series,Serie,Media,Difícil,Actual,Internacional,Serie,No
3948,Mare of Easttown,Series,Serie,Media,Difícil,Actual,Internacional,Serie,No
3949,The Undoing,Series,Serie,Media,Difícil,Actual,Internacional,Serie,No
3950,The Flight Attendant,Series,Serie,Media,Difícil,Actual,Internacional,Serie,No
3951,Only Murders in the Building,Series,Serie,Alta,Media,Actual,Internacional,Serie,No
3952,The Marvelous Mrs. Maisel,Series,Serie,Media,Difícil,Actual,Internacional,Serie,No
3953,Russian Doll,Series,Serie,Media,Difícil,Actual,Internacional,Serie,No
3954,"Love, Death & Robots",Series,Serie,Media,Difícil,Actual,Internacional,Serie,No
3955,Maniac,Series,Serie,Media,Difícil,Actual,Internacional,Serie,No
3956,Sense8,Series,Serie,Media,Difícil,Actual,Internacional,Serie,No
3957,Altered Carbon,Series,Serie,Media,Difícil,Actual,Internacional,Serie,No
3958,Foundation,Series,Serie,Alta,Media,Actual,Internacional,Serie,No
3959,Silo,Series,Serie,Media,Difícil,Actual,Internacional,Serie,No
3960,Severance,Series,Serie,Alta,Media,Actual,Internacional,Serie,No
3961,For All Mankind,Series,Serie,Media,Difícil,Actual,Internacional,Serie,No
3962,The Expanse,Series,Serie,Alta,Media,Actual,Internacional,Serie,No
3963,Battlestar Galactica,Series,Serie,Media,Difícil,Actual,Internacional,Serie,No
3964,Firefly,Series,Serie,Media,Difícil,Actual,Internacional,Serie,No
3965,Luther,Series,Serie,Alta,Media,Actual,Internacional,Serie,No
3966,Broadchurch,Series,Serie,Alta,Media,Actual,Internacional,Serie,No
3967,Line of Duty,Series,Serie,Alta,Media,Actual,Internacional,Serie,No
3968,Bodyguard,Series,Serie,Alta,Media,Actual,Internacional,Serie,No
3969,Happy Valley,Series,Serie,Media,Difícil,Actual,Internacional,Serie,No
3970,Call the Midwife,Series,Serie,Media,Difícil,Actual,Internacional,Serie,No
3971,The Great,Series,Serie,Media,Difícil,Actual,Internacional,Serie,No
3972,Band of Brothers,Series,Serie,Alta,Media,Actual,Internacional,Serie,No
3973,The Pacific,Series,Serie,Media,Difícil,Actual,Internacional,Serie,No
3974,Generation Kill,Series,Serie,Media,Difícil,Actual,Internacional,Serie,No
3975,The Night Of,Series,Serie,Media,Difícil,Actual,Internacional,Serie,No
3976,When They See Us,Series,Serie,Media,Difícil,Actual,Internacional,Serie,No
3977,Unbelievable,Series,Serie,Media,Difícil,Actual,Internacional,Serie,No
3978,Maid,Series,Serie,Alta,Media,Actual,Internacional,Serie,No
3979,The Queen's Gambit,Series,Serie,Alta,Media,Actual,Internacional,Serie,No
3980,The Haunting of Hill House,Series,Serie,Alta,Media,Actual,Internacional,Serie,No
3981,The Haunting of Bly Manor,Series,Serie,Media,Difícil,Actual,Internacional,Serie,No
3982,American Horror Story,Series,Serie,Alta,Media,Actual,Internacional,Serie,No
3983,Yellowjackets,Series,Serie,Media,Difícil,Actual,Internacional,Serie,No
3984,Fear the Walking Dead,Series,Serie,Alta,Media,Actual,Internacional,Serie,No
3985,Gen V,Series,Serie,Media,Difícil,Actual,Internacional,Serie,No
3986,Invincible,Series,Serie,Alta,Media,Actual,Internacional,Serie,No
3987,Moon Knight,Series,Serie,Alta,Media,Actual,Internacional,Serie,No
3988,The Falcon and the Winter Soldier,Series,Serie,Alta,Media,Actual,Internacional,Serie,No
3989,Ms. Marvel,Series,Serie,Alta,Media,Actual,Internacional,Serie,No
3990,The Book of Boba Fett,Series,Serie,Alta,Media,Actual,Internacional,Serie,No
3991,Star Trek: Picard,Series,Serie,Alta,Media,Actual,Internacional,Serie,No
3992,Star Trek: Discovery,Series,Serie,Alta,Media,Actual,Internacional,Serie,No
3994,Archer,Series,Serie,Alta,Media,Actual,Internacional,Serie,No
3995,Disenchantment,Series,Serie,Media,Difícil,Actual,Internacional,Serie,No
3996,Bob's Burgers,Series,Serie,Alta,Media,Actual,Internacional,Serie,No
3997,Superstore,Series,Serie,Media,Difícil,Actual,Internacional,Serie,No
3998,The IT Crowd,Series,Serie,Alta,Media,Actual,Internacional,Serie,No
3999,30 Rock,Series,Serie,Media,Difícil,Actual,Internacional,Serie,No
4000,Arrested Development,Series,Serie,Alta,Media,Actual,Internacional,Serie,No
4001,Curb Your Enthusiasm,Series,Serie,Media,Difícil,Actual,Internacional,Serie,No
4002,Veep,Series,Serie,Media,Difícil,Actual,Internacional,Serie,No
4003,Entourage,Series,Serie,Media,Difícil,Actual,Internacional,Serie,No
4004,Girls,Series,Serie,Media,Difícil,Actual,Internacional,Serie,No
4005,Skins,Series,Serie,Alta,Media,Actual,Internacional,Serie,No
4006,Misfits,Series,Serie,Media,Difícil,Actual,Internacional,Serie,No
4007,Shameless,Series,Serie,Alta,Media,Actual,Internacional,Serie,No
4008,The Vampire Diaries,Series,Serie,Alta,Media,Actual,Internacional,Serie,No
4009,True Blood,Series,Serie,Alta,Media,Actual,Internacional,Serie,No
4010,Teen Wolf,Series,Serie,Alta,Media,Actual,Internacional,Serie,No
4011,Arrow,Series,Serie,Alta,Media,Actual,Internacional,Serie,No
4012,The Flash,Series,Serie,Alta,Media,Actual,Internacional,Serie,No
4013,Supergirl,Series,Serie,Alta,Media,Actual,Internacional,Serie,No
4014,Gotham,Series,Serie,Alta,Media,Actual,Internacional,Serie,No
4015,Lucifer,Series,Serie,Alta,Media,Actual,Internacional,Serie,No
4016,The Sandman,Series,Serie,Alta,Media,Actual,Internacional,Serie,No
4017,American Gods,Series,Serie,Media,Difícil,Actual,Internacional,Serie,No
4018,Preacher,Series,Serie,Media,Difícil,Actual,Internacional,Serie,No
4019,Good Omens,Series,Serie,Alta,Media,Actual,Internacional,Serie,No
4020,His Dark Materials,Series,Serie,Media,Difícil,Actual,Internacional,Serie,No
4021,Shadow and Bone,Series,Serie,Media,Difícil,Actual,Internacional,Serie,No
4022,The Wheel of Time,Series,Serie,Media,Difícil,Actual,Internacional,Serie,No
4023,The Rings of Power,Series,Serie,Alta,Media,Actual,Internacional,Serie,No
4024,Arcane,Series,Serie,Alta,Media,Actual,Internacional,Serie,No
4025,Cyberpunk: Edgerunners,Series,Serie,Media,Difícil,Actual,Internacional,Serie,No
4026,Castlevania,Series,Serie,Alta,Media,Actual,Internacional,Serie,No
4027,Blue Eye Samurai,Series,Serie,Media,Difícil,Actual,Internacional,Serie,No
4028,Cowboy Bebop,Series,Serie,Alta,Media,Actual,Internacional,Serie,No
4029,Neon Genesis Evangelion,Series,Serie,Alta,Media,Actual,Internacional,Serie,No
4030,Yu Yu Hakusho,Series,Serie,Media,Difícil,Actual,Internacional,Serie,No
4031,Inazuma Eleven,Series,Serie,Alta,Media,Actual,Internacional,Serie,No
4033,La profecía,Películas,Película,Media,Difícil,Clásica,Internacional,Película,No
4034,Poltergeist,Películas,Película,Media,Difícil,Clásica,Internacional,Película,No
4035,Destino final,Películas,Película,Media,Difícil,Clásica,Internacional,Película,No
4036,Expediente Warren,Películas,Película,Media,Difícil,Clásica,Internacional,Película,No
4037,Insidious,Películas,Película,Media,Difícil,Clásica,Internacional,Película,No
4038,Sinister,Películas,Película,Media,Difícil,Clásica,Internacional,Película,No
4039,Hereditary,Películas,Película,Media,Difícil,Clásica,Internacional,Película,No
4040,Midsommar,Películas,Película,Media,Difícil,Clásica,Internacional,Película,No
4041,Déjame salir,Películas,Película,Media,Difícil,Clásica,Internacional,Película,No
4042,Un lugar tranquilo,Películas,Película,Media,Difícil,Clásica,Internacional,Película,No
4043,La bruja,Películas,Película,Media,Difícil,Clásica,Internacional,Película,No
4044,It Follows,Películas,Película,Media,Difícil,Clásica,Internacional,Película,No
4045,The Ring,Películas,Película,Media,Difícil,Clásica,Internacional,Película,No
4046,El proyecto de la bruja de Blair,Películas,Película,Media,Difícil,Clásica,Internacional,Película,No
4047,Cisne negro,Películas,Película,Media,Difícil,Clásica,Internacional,Película,No
4048,Réquiem por un sueño,Películas,Película,Media,Difícil,Clásica,Internacional,Película,No
4049,American History X,Películas,Película,Media,Difícil,Clásica,Internacional,Película,No
4050,Crash,Películas,Película,Media,Difícil,Clásica,Internacional,Película,No
4051,Babel,Películas,Película,Media,Difícil,Clásica,Internacional,Película,No
4052,Birdman,Películas,Película,Media,Difícil,Clásica,Internacional,Película,No
4053,Spotlight,Películas,Película,Media,Difícil,Clásica,Internacional,Película,No
4054,Argo,Películas,Película,Media,Difícil,Clásica,Internacional,Película,No
4055,12 años de esclavitud,Películas,Película,Media,Difícil,Clásica,Internacional,Película,No
4056,Moonlight,Películas,Película,Media,Difícil,Clásica,Internacional,Película,No
4057,Parásitos,Películas,Película,Alta,Media,Clásica,Internacional,Película,No
4058,Todo a la vez en todas partes,Películas,Película,Media,Difícil,Clásica,Internacional,Película,No
4059,Nomadland,Películas,Película,Media,Difícil,Clásica,Internacional,Película,No
4060,El lobo de Wall Street,Películas,Película,Alta,Media,Clásica,Internacional,Película,No
4061,Shutter Island,Películas,Película,Alta,Media,Clásica,Internacional,Película,No
4062,Tenet,Películas,Película,Media,Difícil,Clásica,Internacional,Película,No
4063,Blade Runner 2049,Películas,Película,Media,Difícil,Clásica,Internacional,Película,No
4064,Minority Report,Películas,Película,Media,Difícil,Clásica,Internacional,Película,No
4065,A.I. Inteligencia Artificial,Películas,Película,Media,Difícil,Clásica,Internacional,Película,No
4066,La guerra de los mundos,Películas,Película,Media,Difícil,Clásica,Internacional,Película,No
4067,Elysium,Películas,Película,Media,Difícil,Clásica,Internacional,Película,No
4068,District 9,Películas,Película,Media,Difícil,Clásica,Internacional,Película,No
4069,Desafío total,Películas,Película,Alta,Media,Clásica,Internacional,Película,No
4070,Stargate,Películas,Película,Media,Difícil,Clásica,Internacional,Película,No
4071,Deep Impact,Películas,Película,Media,Difícil,Clásica,Internacional,Película,No
4072,Pacific Rim,Películas,Película,Media,Difícil,Clásica,Internacional,Película,No
4073,Hook,Películas,Película,Muy alta,Fácil,Clásica,Internacional,Película,Sí
4075,Big Hero 6,Películas,Película,Muy alta,Fácil,Clásica,Internacional,Película,Sí
4076,Ralph rompe Internet,Películas,Película,Media,Difícil,Clásica,Internacional,Película,No
4077,Monsters University,Películas,Película,Media,Difícil,Clásica,Internacional,Película,No
4078,Buscando a Dory,Películas,Película,Muy alta,Fácil,Clásica,Internacional,Película,Sí
4079,Aviones,Películas,Película,Media,Difícil,Clásica,Internacional,Película,No
4080,Mascotas,Películas,Película,Muy alta,Fácil,Clásica,Internacional,Película,Sí
4081,Sing,Películas,Película,Muy alta,Fácil,Clásica,Internacional,Película,Sí
4082,Rio,Películas,Película,Muy alta,Fácil,Clásica,Internacional,Película,Sí
4083,Hop,Películas,Película,Media,Difícil,Clásica,Internacional,Película,No
4084,El gato con botas,Películas,Película,Alta,Media,Clásica,Internacional,Película,No
4085,Trolls,Películas,Película,Muy alta,Fácil,Clásica,Internacional,Película,Sí
4086,Happy Feet,Películas,Película,Muy alta,Fácil,Clásica,Internacional,Película,Sí
4087,Spirit,Películas,Película,Muy alta,Fácil,Clásica,Internacional,Película,Sí
4088,Polar Express,Películas,Película,Muy alta,Fácil,Clásica,Internacional,Película,Sí
4089,Arthur Christmas,Películas,Película,Media,Difícil,Clásica,Internacional,Película,No
4090,Klaus,Películas,Película,Media,Difícil,Clásica,Internacional,Película,No
4091,Super Mario Bros.: La película,Películas,Película,Muy alta,Fácil,Clásica,Internacional,Película,Sí
4092,"Sonic, la película",Películas,Película,Muy alta,Fácil,Clásica,Internacional,Película,Sí
4093,Five Nights at Freddy's,Películas,Película,Media,Difícil,Clásica,Internacional,Película,No
4094,Hillary Clinton,Cultura,Persona/Personaje,Alta,Media,Actual,Internacional,Persona,No
4095,Michelle Obama,Cultura,Persona/Personaje,Alta,Media,Actual,Internacional,Persona,No
4096,Kamala Harris,Cultura,Persona/Personaje,Alta,Media,Actual,Internacional,Persona,No
4097,George H. W. Bush,Cultura,Persona/Personaje,Media,Difícil,Actual,Internacional,Persona,No
4098,Jacqueline Kennedy,Cultura,Persona/Personaje,Media,Difícil,Actual,Internacional,Persona,No
4099,Eleanor Roosevelt,Cultura,Persona/Personaje,Media,Difícil,Actual,Internacional,Persona,No
4100,Tony Blair,Cultura,Persona/Personaje,Alta,Media,Actual,Internacional,Persona,No
4101,David Cameron,Cultura,Persona/Personaje,Media,Difícil,Actual,Internacional,Persona,No
4102,Boris Johnson,Cultura,Persona/Personaje,Alta,Media,Actual,Internacional,Persona,No
4103,Emmanuel Macron,Cultura,Persona/Personaje,Alta,Media,Actual,Internacional,Persona,No
4104,Marine Le Pen,Cultura,Persona/Personaje,Media,Difícil,Actual,Internacional,Persona,No
4105,Angela Merkel,Cultura,Persona/Personaje,Alta,Media,Actual,Internacional,Persona,No
4106,Olaf Scholz,Cultura,Persona/Personaje,Media,Difícil,Actual,Internacional,Persona,No
4107,Ursula von der Leyen,Cultura,Persona/Personaje,Media,Difícil,Actual,Internacional,Persona,No
4108,Volodímir Zelenski,Cultura,Persona/Personaje,Alta,Media,Actual,Internacional,Persona,No
4109,Boris Yeltsin,Cultura,Persona/Personaje,Media,Difícil,Actual,Internacional,Persona,No
4110,Silvio Berlusconi,Cultura,Persona/Personaje,Alta,Media,Actual,Internacional,Persona,No
4111,Giorgia Meloni,Cultura,Persona/Personaje,Alta,Media,Actual,Internacional,Persona,No
4112,Sergio Mattarella,Cultura,Persona/Personaje,Baja,Muy difícil,Actual,Internacional,Persona,No
4113,Pablo Iglesias,Cultura,Persona/Personaje,Alta,Media,Actual,Nacional,Persona,No
4114,Alberto Núñez Feijóo,Cultura,Persona/Personaje,Alta,Media,Actual,Nacional,Persona,No
4115,Isabel Díaz Ayuso,Cultura,Persona/Personaje,Alta,Media,Actual,Nacional,Persona,No
4116,Yolanda Díaz,Cultura,Persona/Personaje,Alta,Media,Actual,Nacional,Persona,No
4117,José Luis Rodríguez Zapatero,Cultura,Persona/Personaje,Alta,Media,Actual,Nacional,Persona,No
4118,Manuel Fraga,Cultura,Persona/Personaje,Alta,Media,Actual,Nacional,Persona,No
4119,Santiago Abascal,Cultura,Persona/Personaje,Alta,Media,Actual,Nacional,Persona,No
4120,Ada Colau,Cultura,Persona/Personaje,Alta,Media,Actual,Nacional,Persona,No
4121,Manuela Carmena,Cultura,Persona/Personaje,Alta,Media,Actual,Nacional,Persona,No
4122,Jordi Pujol,Cultura,Persona/Personaje,Alta,Media,Actual,Nacional,Persona,No
4123,Artur Mas,Cultura,Persona/Personaje,Alta,Media,Actual,Nacional,Persona,No
4124,Carles Puigdemont,Cultura,Persona/Personaje,Alta,Media,Actual,Nacional,Persona,No
4125,Oriol Junqueras,Cultura,Persona/Personaje,Alta,Media,Actual,Nacional,Persona,No
4126,Rita Barberá,Cultura,Persona/Personaje,Alta,Media,Actual,Nacional,Persona,No
4127,Esperanza Aguirre,Cultura,Persona/Personaje,Alta,Media,Actual,Nacional,Persona,No
4128,Cristina Cifuentes,Cultura,Persona/Personaje,Media,Difícil,Actual,Nacional,Persona,No
4129,Alfonso Guerra,Cultura,Persona/Personaje,Media,Difícil,Clásica,Nacional,Persona,No
4130,Joaquín Almunia,Cultura,Persona/Personaje,Baja,Muy difícil,Actual,Nacional,Persona,No
4131,Margarita Nelken,Cultura,Persona/Personaje,Baja,Muy difícil,Actual,Nacional,Persona,No
4132,José Ortega y Gasset,Cultura,Persona/Personaje,Alta,Media,Actual,Internacional,Persona,No
4133,María Zambrano,Cultura,Persona/Personaje,Baja,Muy difícil,Actual,Internacional,Persona,No
4134,José Saramago,Cultura,Persona/Personaje,Alta,Media,Actual,Internacional,Persona,No
4135,Simone de Beauvoir,Cultura,Persona/Personaje,Alta,Media,Actual,Internacional,Persona,No
4136,Hannah Arendt,Cultura,Persona/Personaje,Alta,Media,Actual,Internacional,Persona,No
4137,Karl Marx,Cultura,Persona/Personaje,Media,Difícil,Actual,Internacional,Persona,No
4138,Friedrich Nietzsche,Cultura,Persona/Personaje,Media,Difícil,Actual,Internacional,Persona,No
4139,Carl Jung,Cultura,Persona/Personaje,Alta,Media,Actual,Internacional,Persona,No
4140,Erich Fromm,Cultura,Persona/Personaje,Baja,Muy difícil,Actual,Internacional,Persona,No
4141,Dalai Lama,Cultura,Persona/Personaje,Alta,Media,Actual,Internacional,Persona,No
4143,Desmond Tutu,Cultura,Persona/Personaje,Alta,Media,Actual,Internacional,Persona,No
4144,Malcolm X,Cultura,Persona/Personaje,Alta,Media,Actual,Internacional,Persona,No
4145,Juan Domingo Perón,Cultura,Persona/Personaje,Alta,Media,Actual,Internacional,Persona,No
4146,Kim Jong-un,Cultura,Persona/Personaje,Alta,Media,Actual,Internacional,Persona,No
4147,Yasser Arafat,Cultura,Persona/Personaje,Alta,Media,Actual,Internacional,Persona,No
4148,Golda Meir,Cultura,Persona/Personaje,Baja,Muy difícil,Actual,Internacional,Persona,No
4149,Ben Gurion,Cultura,Persona/Personaje,Baja,Muy difícil,Actual,Internacional,Persona,No
4150,Ariel Sharon,Cultura,Persona/Personaje,Baja,Muy difícil,Actual,Internacional,Persona,No
4151,Papa Francisco,Cultura,Persona/Personaje,Muy alta,Fácil,Actual,Internacional,Persona,Sí
4152,Benedicto XVI,Cultura,Persona/Personaje,Alta,Media,Actual,Internacional,Persona,No
4153,Papa Juan XXIII,Cultura,Persona/Personaje,Media,Difícil,Actual,Internacional,Persona,No
4154,Teresa de Calcuta,Cultura,Persona/Personaje,Alta,Media,Actual,Internacional,Persona,No
4155,Desmond Morris,Cultura,Persona/Personaje,Baja,Muy difícil,Actual,Internacional,Persona,No
4156,Warren Buffett,Cultura,Persona/Personaje,Alta,Media,Actual,Internacional,Persona,No
4157,Richard Branson,Cultura,Persona/Personaje,Alta,Media,Actual,Internacional,Persona,No
4158,Jack Ma,Cultura,Persona/Personaje,Alta,Media,Actual,Internacional,Persona,No
4159,Carlos Slim,Cultura,Persona/Personaje,Alta,Media,Actual,Internacional,Persona,No
4160,Amancio Ortega,Cultura,Persona/Personaje,Alta,Media,Actual,Internacional,Persona,No
4161,Ana Botín,Cultura,Persona/Personaje,Alta,Media,Actual,Nacional,Persona,No
4162,Juan Roig,Cultura,Persona/Personaje,Alta,Media,Actual,Nacional,Persona,No
4163,Florentino Pérez,Cultura,Persona/Personaje,Alta,Media,Actual,Nacional,Persona,No
4164,Jeffrey Bezos,Cultura,Persona/Personaje,Alta,Media,Actual,Internacional,Persona,No
4165,Oprah Winfrey,Cultura,Persona/Personaje,Alta,Media,Actual,Internacional,Persona,No
4166,Kim Kardashian,Cultura,Persona/Personaje,Muy alta,Fácil,Actual,Internacional,Persona,No
4167,Kylie Jenner,Cultura,Persona/Personaje,Alta,Media,Actual,Internacional,Persona,No
4168,Paris Hilton,Cultura,Persona/Personaje,Alta,Media,Actual,Internacional,Persona,No
4169,Martha Stewart,Cultura,Persona/Personaje,Alta,Media,Actual,Internacional,Persona,No
4170,Gordon Ramsay,Cultura,Persona/Personaje,Alta,Media,Actual,Internacional,Persona,No
4171,Jamie Oliver,Cultura,Persona/Personaje,Alta,Media,Actual,Internacional,Persona,No
4172,Martín Berasategui,Cultura,Persona/Personaje,Alta,Media,Actual,Nacional,Persona,No
4173,Ferran Adrià,Cultura,Persona/Personaje,Alta,Media,Actual,Nacional,Persona,No
4174,José Andrés,Cultura,Persona/Personaje,Alta,Media,Actual,Internacional,Persona,No
4175,Dabiz Muñoz,Cultura,Persona/Personaje,Alta,Media,Actual,Nacional,Persona,No
4176,Jordi Cruz,Cultura,Persona/Personaje,Alta,Media,Actual,Nacional,Persona,No
4177,Alberto Chicote,Cultura,Persona/Personaje,Alta,Media,Actual,Nacional,Persona,No
4179,Risto Mejide,Cultura,Persona/Personaje,Alta,Media,Actual,Nacional,Persona,No
4180,Ana Rosa Quintana,Cultura,Persona/Personaje,Alta,Media,Actual,Nacional,Persona,No
4181,Susanna Griso,Cultura,Persona/Personaje,Alta,Media,Actual,Nacional,Persona,No
4182,Matías Prats,Cultura,Persona/Personaje,Alta,Media,Actual,Nacional,Persona,No
4183,Iñaki Gabilondo,Cultura,Persona/Personaje,Alta,Media,Actual,Nacional,Persona,No
4184,José María Carrascal,Cultura,Persona/Personaje,Media,Difícil,Actual,Nacional,Persona,No
4185,Jesús Hermida,Cultura,Persona/Personaje,Alta,Media,Actual,Nacional,Persona,No
4186,Ramón García,Cultura,Persona/Personaje,Alta,Media,Actual,Nacional,Persona,No
4187,Juan y Medio,Cultura,Persona/Personaje,Alta,Media,Actual,Nacional,Persona,No
4188,Dani Mateo,Cultura,Persona/Personaje,Alta,Media,Actual,Nacional,Persona,No
4189,Wyoming,Cultura,Persona/Personaje,Alta,Media,Actual,Nacional,Persona,No
4190,Carlos Latre,Cultura,Persona/Personaje,Alta,Media,Actual,Nacional,Persona,No
4191,Florentino Fernández,Cultura,Persona/Personaje,Alta,Media,Actual,Nacional,Persona,No
4192,Pablo Chiapella,Cultura,Persona/Personaje,Alta,Media,Actual,Nacional,Persona,No
4193,Eduardo Gómez,Cultura,Persona/Personaje,Alta,Media,Actual,Nacional,Persona,No
4194,Javier Cansado,Cultura,Persona/Personaje,Alta,Media,Actual,Nacional,Persona,No
4195,Joaquín Reyes,Cultura,Persona/Personaje,Alta,Media,Actual,Nacional,Persona,No
4196,Ernesto Sevilla,Cultura,Persona/Personaje,Alta,Media,Actual,Nacional,Persona,No
4197,Raúl Cimas,Cultura,Persona/Personaje,Alta,Media,Actual,Nacional,Persona,No
4198,Goyo Jiménez,Cultura,Persona/Personaje,Alta,Media,Actual,Nacional,Persona,No
4199,Eva Hache,Cultura,Persona/Personaje,Alta,Media,Actual,Nacional,Persona,No
4200,Trancas y Barrancas,Personajes,Personaje,Muy alta,Fácil,Actual,Nacional,Personaje,Sí
4201,ThunderCats,Series,Serie,Alta,Media,Actual,Internacional,Serie,No
4202,Power Rangers,Series,Serie,Muy alta,Fácil,Actual,Internacional,Serie,Sí
4212,Steve de Minecraft,Personajes,Videojuegos,Muy alta,Fácil,Actual,Internacional,Personaje,Sí
